step,time,object_id,shape,pos_x,pos_y,pos_z,vel_x,vel_y,vel_z,ang_vel_x,ang_vel_y,ang_vel_z,quat_w,quat_x,quat_y,quat_z
0,0.000000,0,1,9.401557,22.710714,0.000000,71.667000,-0.163500,0.000000,0.000000,0.000000,0.000000,1.000000,0.000000,0.000000,0.000000
1,0.016667,0,1,8.871164,21.657555,0.000000,19.460739,-32.038242,0.000000,0.000000,0.000000,0.000000,1.000000,0.000000,0.000000,0.000000
2,0.033333,0,1,9.144874,21.094276,0.000000,17.458525,-33.252953,0.000000,0.000000,0.000000,0.000000,1.000000,0.000000,0.000000,0.000000
3,0.050000,0,1,9.641266,19.944975,0.000000,24.029833,-53.672432,0.000000,0.000000,0.000000,0.000000,1.000000,0.000000,0.000000,0.000000
4,0.066667,0,1,9.829263,19.085453,0.000000,15.986062,-52.335213,0.000000,0.000000,0.000000,0.000000,1.000000,0.000000,0.000000,0.000000
5,0.083333,0,1,9.930288,18.384090,0.000000,9.658940,-45.525009,0.000000,0.000000,0.000000,0.000000,1.000000,0.000000,0.000000,0.000000
6,0.100000,0,1,9.995206,17.728342,0.000000,5.751463,-41.264423,0.000000,0.000000,0.000000,0.000000,1.000000,0.000000,0.000000,0.000000
7,0.116667,0,1,10.018151,17.114454,0.000000,2.789034,-38.274563,0.000000,0.000000,0.000000,0.000000,1.000000,0.000000,0.000000,0.000000
8,0.133333,0,1,10.006034,16.527807,0.000000,0.413854,-36.224518,0.000000,0.000000,0.000000,0.000000,1.000000,0.000000,0.000000,0.000000
9,0.150000,0,1,9.962086,15.960889,0.000000,-1.640979,-34.773273,0.000000,0.000000,0.000000,0.000000,1.000000,0.000000,0.000000,0.000000
10,0.166667,0,1,9.888186,15.408034,0.000000,-3.519079,-33.737843,0.000000,0.000000,0.000000,0.000000,1.000000,0.000000,0.000000,0.000000
11,0.183333,0,1,9.785007,14.864994,0.000000,-5.313915,-33.006351,0.000000,0.000000,0.000000,0.000000,1.000000,0.000000,0.000000,0.000000
12,0.200000,0,1,9.652383,14.328553,0.000000,-7.092028,-32.503674,0.000000,0.000000,0.000000,0.000000,1.000000,0.000000,0.000000,0.000000
13,0.216667,0,1,9.489439,13.796961,0.000000,-8.902470,-32.166107,0.000000,0.000000,0.000000,0.000000,1.000000,0.000000,0.000000,0.000000
14,0.233333,0,1,9.296369,13.273221,0.000000,-10.706869,-31.720556,0.000000,0.000000,0.000000,0.000000,1.000000,0.000000,0.000000,0.000000
15,0.250000,0,1,9.073688,12.759551,0.000000,-12.494555,-31.167398,0.000000,0.000000,0.000000,0.000000,1.000000,0.000000,0.000000,0.000000
16,0.266667,0,1,8.821893,12.257723,0.000000,-14.257078,-30.507210,0.000000,0.000000,0.000000,0.000000,1.000000,0.000000,0.000000,0.000000
17,0.283333,0,1,8.541576,11.769496,0.000000,-15.987300,-29.740616,0.000000,0.000000,0.000000,0.000000,1.000000,0.000000,0.000000,0.000000
18,0.300000,0,1,8.233449,11.296612,0.000000,-17.678034,-28.868780,0.000000,0.000000,0.000000,0.000000,1.000000,0.000000,0.000000,0.000000
19,0.316667,0,1,7.898342,10.840777,0.000000,-19.322056,-27.893450,0.000000,0.000000,0.000000,0.000000,1.000000,0.000000,0.000000,0.000000
20,0.333333,0,1,7.537205,10.403654,0.000000,-20.912182,-26.816948,0.000000,0.000000,0.000000,0.000000,1.000000,0.000000,0.000000,0.000000
21,0.350000,0,1,7.151107,9.986855,0.000000,-22.441315,-25.642195,0.000000,0.000000,0.000000,0.000000,1.000000,0.000000,0.000000,0.000000
22,0.366667,0,1,6.741228,9.591927,0.000000,-23.902496,-24.372704,0.000000,0.000000,0.000000,0.000000,1.000000,0.000000,0.000000,0.000000
23,0.383333,0,1,6.308861,9.220345,0.000000,-25.288980,-23.012568,0.000000,0.000000,0.000000,0.000000,1.000000,0.000000,0.000000,0.000000
24,0.400000,0,1,5.855404,8.873507,0.000000,-26.594280,-21.566462,0.000000,0.000000,0.000000,0.000000,1.000000,0.000000,0.000000,0.000000
25,0.416667,0,1,5.382356,8.552712,0.000000,-27.812227,-20.039618,0.000000,0.000000,0.000000,0.000000,1.000000,0.000000,0.000000,0.000000
26,0.433333,0,1,4.891309,8.259169,0.000000,-28.937033,-18.437801,0.000000,0.000000,0.000000,0.000000,1.000000,0.000000,0.000000,0.000000
27,0.450000,0,1,4.383941,7.993971,0.000000,-29.963341,-16.767277,0.000000,0.000000,0.000000,0.000000,1.000000,0.000000,0.000000,0.000000
28,0.466667,0,1,3.862008,7.758102,0.000000,-30.886274,-15.034772,0.000000,0.000000,0.000000,0.000000,1.000000,0.000000,0.000000,0.000000
29,0.483334,0,1,3.327336,7.552422,0.000000,-31.701492,-13.247435,0.000000,0.000000,0.000000,0.000000,1.000000,0.000000,0.000000,0.000000
30,0.500000,0,1,2.656922,7.331357,0.000000,-38.577236,-13.586493,0.000000,0.000000,0.000000,0.000000,1.000000,0.000000,0.000000,0.000000
31,0.516667,0,1,1.991686,7.175228,0.000000,-39.463181,-10.844398,0.000000,0.000000,0.000000,0.000000,1.000000,0.000000,0.000000,0.000000
32,0.533333,0,1,1.343648,7.067954,0.000000,-39.072716,-7.920855,0.000000,0.000000,0.000000,0.000000,1.000000,0.000000,0.000000,0.000000
33,0.550000,0,1,0.718683,7.005598,0.000000,-38.002682,-5.141160,0.000000,0.000000,0.000000,0.000000,1.000000,0.000000,0.000000,0.000000
34,0.566667,0,1,0.115061,6.982229,0.000000,-36.780437,-2.644828,0.000000,0.000000,0.000000,0.000000,1.000000,0.000000,0.000000,0.000000
35,0.583333,0,1,-0.469808,6.993856,0.000000,-35.619373,-0.409114,0.000000,0.000000,0.000000,0.000000,1.000000,0.000000,0.000000,0.000000
36,0.600000,0,1,-1.037933,7.037682,0.000000,-34.563766,1.622836,0.000000,0.000000,0.000000,0.000000,1.000000,0.000000,0.000000,0.000000
37,0.616667,0,1,-1.590561,7.111572,0.000000,-33.594498,3.500072,0.000000,0.000000,0.000000,0.000000,1.000000,0.000000,0.000000,0.000000
38,0.633333,0,1,-2.128175,7.213773,0.000000,-32.673237,5.255514,0.000000,0.000000,0.000000,0.000000,1.000000,0.000000,0.000000,0.000000
39,0.650000,0,1,-2.658833,7.344476,0.000000,-32.255177,7.014417,0.000000,0.000000,0.000000,0.000000,1.000000,0.000000,0.000000,0.000000
40,0.666667,0,1,-3.156421,7.496967,0.000000,-30.792219,8.479227,0.000000,0.000000,0.000000,0.000000,1.000000,0.000000,0.000000,0.000000
41,0.683333,0,1,-3.645358,7.673614,0.000000,-29.791763,9.895297,0.000000,0.000000,0.000000,0.000000,1.000000,0.000000,0.000000,0.000000
42,0.700000,0,1,-4.114913,7.871636,0.000000,-28.686914,11.212710,0.000000,0.000000,0.000000,0.000000,1.000000,0.000000,0.000000,0.000000
43,0.716667,0,1,-4.563213,8.087945,0.000000,-27.468212,12.382207,0.000000,0.000000,0.000000,0.000000,1.000000,0.000000,0.000000,0.000000
44,0.733333,0,1,-4.988083,8.319389,0.000000,-26.124054,13.376222,0.000000,0.000000,0.000000,0.000000,1.000000,0.000000,0.000000,0.000000
45,0.750000,0,1,-5.387361,8.562304,0.000000,-24.651297,14.165215,0.000000,0.000000,0.000000,0.000000,1.000000,0.000000,0.000000,0.000000
46,0.766667,0,1,-5.759058,8.812567,0.000000,-23.055979,14.720944,0.000000,0.000000,0.000000,0.000000,1.000000,0.000000,0.000000,0.000000
47,0.783333,0,1,-6.101521,9.065707,0.000000,-21.353506,15.020102,0.000000,0.000000,0.000000,0.000000,1.000000,0.000000,0.000000,0.000000
48,0.800000,0,1,-6.413607,9.317109,0.000000,-19.569605,15.049148,0.000000,0.000000,0.000000,0.000000,1.000000,0.000000,0.000000,0.000000
49,0.816667,0,1,-6.694946,9.562364,0.000000,-17.743444,14.812065,0.000000,0.000000,0.000000,0.000000,1.000000,0.000000,0.000000,0.000000
50,0.833333,0,1,-6.946366,9.797919,0.000000,-15.935710,14.344438,0.000000,0.000000,0.000000,0.000000,1.000000,0.000000,0.000000,0.000000
51,0.850000,0,1,-7.170634,10.022220,0.000000,-14.243403,13.737682,0.000000,0.000000,0.000000,0.000000,1.000000,0.000000,0.000000,0.000000
52,0.866666,0,1,-7.373359,10.237367,0.000000,-12.813940,13.168094,0.000000,0.000000,0.000000,0.000000,1.000000,0.000000,0.000000,0.000000
53,0.883333,0,1,-7.563179,10.450368,0.000000,-11.821856,12.889473,0.000000,0.000000,0.000000,0.000000,1.000000,0.000000,0.000000,0.000000
54,0.900000,0,1,-7.749518,10.671578,0.000000,-11.360994,13.119094,0.000000,0.000000,0.000000,0.000000,1.000000,0.000000,0.000000,0.000000
55,0.916666,0,1,-7.938625,10.909984,0.000000,-11.331923,13.876597,0.000000,0.000000,0.000000,0.000000,1.000000,0.000000,0.000000,0.000000
56,0.933333,0,1,-8.132038,11.170153,0.000000,-11.505036,14.997361,0.000000,0.000000,0.000000,0.000000,1.000000,0.000000,0.000000,0.000000
57,0.950000,0,1,-8.328232,11.453249,0.000000,-11.678595,16.290440,0.000000,0.000000,0.000000,0.000000,1.000000,0.000000,0.000000,0.000000
58,0.966666,0,1,-8.524465,11.758864,0.000000,-11.738426,17.624792,0.000000,0.000000,0.000000,0.000000,1.000000,0.000000,0.000000,0.000000
59,0.983333,0,1,-8.717686,12.085888,0.000000,-11.636734,18.926611,0.000000,0.000000,0.000000,0.000000,1.000000,0.000000,0.000000,0.000000
60,1.000000,0,1,-8.904930,12.432841,0.000000,-11.362315,20.156864,0.000000,0.000000,0.000000,0.000000,1.000000,0.000000,0.000000,0.000000
61,1.016666,0,1,-9.083480,12.798050,0.000000,-10.921914,21.295273,0.000000,0.000000,0.000000,0.000000,1.000000,0.000000,0.000000,0.000000
62,1.033333,0,1,-9.250936,13.179743,0.000000,-10.330547,22.331850,0.000000,0.000000,0.000000,0.000000,1.000000,0.000000,0.000000,0.000000
63,1.050000,0,1,-9.405231,13.576136,0.000000,-9.606609,23.262865,0.000000,0.000000,0.000000,0.000000,1.000000,0.000000,0.000000,0.000000
64,1.066666,0,1,-9.544626,13.985486,0.000000,-8.769299,24.088945,0.000000,0.000000,0.000000,0.000000,1.000000,0.000000,0.000000,0.000000
65,1.083333,0,1,-9.667685,14.406141,0.000000,-7.837122,24.814085,0.000000,0.000000,0.000000,0.000000,1.000000,0.000000,0.000000,0.000000
66,1.100000,0,1,-9.773239,14.836587,0.000000,-6.826947,25.445013,0.000000,0.000000,0.000000,0.000000,1.000000,0.000000,0.000000,0.000000
67,1.116666,0,1,-9.860341,15.275473,0.000000,-5.753295,25.990566,0.000000,0.000000,0.000000,0.000000,1.000000,0.000000,0.000000,0.000000
68,1.133333,0,1,-9.928221,15.721633,0.000000,-4.627917,26.461069,0.000000,0.000000,0.000000,0.000000,1.000000,0.000000,0.000000,0.000000
69,1.150000,0,1,-9.976224,16.174088,0.000000,-3.459500,26.867615,0.000000,0.000000,0.000000,0.000000,1.000000,0.000000,0.000000,0.000000
70,1.166666,0,1,-10.003765,16.632042,0.000000,-2.253587,27.221149,0.000000,0.000000,0.000000,0.000000,1.000000,0.000000,0.000000,0.000000
71,1.183333,0,1,-10.010014,17.087727,0.000000,-0.996934,27.103870,0.000000,0.000000,0.000000,0.000000,1.000000,0.000000,0.000000,0.000000
72,1.200000,0,1,-9.995547,17.561188,0.000000,0.243457,27.779613,0.000000,0.000000,0.000000,0.000000,1.000000,0.000000,0.000000,0.000000
73,1.216666,0,1,-9.957876,18.031836,0.000000,1.573427,28.024967,0.000000,0.000000,0.000000,0.000000,1.000000,0.000000,0.000000,0.000000
74,1.233333,0,1,-9.897655,18.505291,0.000000,2.924330,28.221659,0.000000,0.000000,0.000000,0.000000,1.000000,0.000000,0.000000,0.000000
75,1.250000,0,1,-9.813932,18.980478,0.000000,4.312645,28.356693,0.000000,0.000000,0.000000,0.000000,1.000000,0.000000,0.000000,0.000000
76,1.266666,0,1,-9.706297,19.455437,0.000000,5.729940,28.393774,0.000000,0.000000,0.000000,0.000000,1.000000,0.000000,0.000000,0.000000
77,1.283333,0,1,-9.574834,19.927183,0.000000,7.154006,28.279659,0.000000,0.000000,0.000000,0.000000,1.000000,0.000000,0.000000,0.000000
78,1.299999,0,1,-9.420381,20.391720,0.000000,8.546588,27.955940,0.000000,0.000000,0.000000,0.000000,1.000000,0.000000,0.000000,0.000000
79,1.316666,0,1,-9.244659,20.844580,0.000000,9.859531,27.384495,0.000000,0.000000,0.000000,0.000000,1.000000,0.000000,0.000000,0.000000
80,1.333333,0,1,-9.050049,21.281818,0.000000,11.050948,26.573059,0.000000,0.000000,0.000000,0.000000,1.000000,0.000000,0.000000,0.000000
81,1.349999,0,1,-8.839088,21.700804,0.000000,12.100796,25.576235,0.000000,0.000000,0.000000,0.000000,1.000000,0.000000,0.000000,0.000000
82,1.366666,0,1,-8.614064,22.100336,0.000000,13.013097,24.468988,0.000000,0.000000,0.000000,0.000000,1.000000,0.000000,0.000000,0.000000
83,1.383333,0,1,-8.376824,22.480244,0.000000,13.806192,23.317568,0.000000,0.000000,0.000000,0.000000,1.000000,0.000000,0.000000,0.000000
84,1.399999,0,1,-8.128821,22.840916,0.000000,14.501779,22.166689,0.000000,0.000000,0.000000,0.000000,1.000000,0.000000,0.000000,0.000000
85,1.416666,0,1,-7.871206,23.182964,0.000000,15.118670,21.040703,0.000000,0.000000,0.000000,0.000000,1.000000,0.000000,0.000000,0.000000
86,1.433333,0,1,-7.604942,23.507061,0.000000,15.670899,19.949797,0.000000,0.000000,0.000000,0.000000,1.000000,0.000000,0.000000,0.000000
87,1.449999,0,1,-7.330867,23.813831,0.000000,16.167957,18.895836,0.000000,0.000000,0.000000,0.000000,1.000000,0.000000,0.000000,0.000000
88,1.466666,0,1,-7.049759,24.103834,0.000000,16.615688,17.876490,0.000000,0.000000,0.000000,0.000000,1.000000,0.000000,0.000000,0.000000
89,1.483333,0,1,-6.758856,24.381033,0.000000,17.227560,17.096422,0.000000,0.000000,0.000000,0.000000,1.000000,0.000000,0.000000,0.000000
90,1.499999,0,1,-6.469528,24.635056,0.000000,17.373060,15.908614,0.000000,0.000000,0.000000,0.000000,1.000000,0.000000,0.000000,0.000000
91,1.516666,0,1,-6.171993,24.877434,0.000000,17.678663,14.979932,0.000000,0.000000,0.000000,0.000000,1.000000,0.000000,0.000000,0.000000
92,1.533333,0,1,-5.870369,25.104406,0.000000,17.943670,14.058919,0.000000,0.000000,0.000000,0.000000,1.000000,0.000000,0.000000,0.000000
93,1.549999,0,1,-5.565563,25.316399,0.000000,18.160748,13.154610,0.000000,0.000000,0.000000,0.000000,1.000000,0.000000,0.000000,0.000000
94,1.566666,0,1,-5.258418,25.513662,0.000000,18.328045,12.265632,0.000000,0.000000,0.000000,0.000000,1.000000,0.000000,0.000000,0.000000
95,1.583333,0,1,-4.949822,25.696440,0.000000,18.443586,11.391582,0.000000,0.000000,0.000000,0.000000,1.000000,0.000000,0.000000,0.000000
96,1.599999,0,1,-4.640686,25.864996,0.000000,18.505512,10.532929,0.000000,0.000000,0.000000,0.000000,1.000000,0.000000,0.000000,0.000000
97,1.616666,0,1,-4.331943,26.019627,0.000000,18.512306,9.690901,0.000000,0.000000,0.000000,0.000000,1.000000,0.000000,0.000000,0.000000
98,1.633332,0,1,-4.024543,26.160658,0.000000,18.462946,8.867377,0.000000,0.000000,0.000000,0.000000,1.000000,0.000000,0.000000,0.000000
99,1.649999,0,1,-3.719432,26.288462,0.000000,18.357082,8.064800,0.000000,0.000000,0.000000,0.000000,1.000000,0.000000,0.000000,0.000000
100,1.666666,0,1,-3.417538,26.403463,0.000000,18.195217,7.286015,0.000000,0.000000,0.000000,0.000000,1.000000,0.000000,0.000000,0.000000
101,1.683332,0,1,-3.119758,26.506145,0.000000,17.978956,6.534164,0.000000,0.000000,0.000000,0.000000,1.000000,0.000000,0.000000,0.000000
102,1.699999,0,1,-2.826919,26.597042,0.000000,17.711288,5.812549,0.000000,0.000000,0.000000,0.000000,1.000000,0.000000,0.000000,0.000000
103,1.716666,0,1,-2.539755,26.676741,0.000000,17.396990,5.124485,0.000000,0.000000,0.000000,0.000000,1.000000,0.000000,0.000000,0.000000
104,1.733332,0,1,-2.258857,26.745897,0.000000,17.043140,4.473138,0.000000,0.000000,0.000000,0.000000,1.000000,0.000000,0.000000,0.000000
105,1.749999,0,1,-1.984624,26.805189,0.000000,16.659872,3.861345,0.000000,0.000000,0.000000,0.000000,1.000000,0.000000,0.000000,0.000000
106,1.766666,0,1,-1.717183,26.855339,0.000000,16.261078,3.291331,0.000000,0.000000,0.000000,0.000000,1.000000,0.000000,0.000000,0.000000
107,1.783332,0,1,-1.456312,26.897079,0.000000,15.865232,2.764341,0.000000,0.000000,0.000000,0.000000,1.000000,0.000000,0.000000,0.000000
108,1.799999,0,1,-1.201360,26.931118,0.000000,15.495574,2.280106,0.000000,0.000000,0.000000,0.000000,1.000000,0.000000,0.000000,0.000000
109,1.816666,0,1,-0.951194,26.958103,0.000000,15.179111,1.836207,0.000000,0.000000,0.000000,0.000000,1.000000,0.000000,0.000000,0.000000
110,1.833332,0,1,-0.704214,26.978567,0.000000,14.943629,1.427410,0.000000,0.000000,0.000000,0.000000,1.000000,0.000000,0.000000,0.000000
111,1.849999,0,1,-0.458469,26.992868,0.000000,14.812624,1.045366,0.000000,0.000000,0.000000,0.000000,1.000000,0.000000,0.000000,0.000000
112,1.866666,0,1,-0.211880,27.001163,0.000000,14.799450,0.678993,0.000000,0.000000,0.000000,0.000000,1.000000,0.000000,0.000000,0.000000
113,1.883332,0,1,0.037497,27.003393,0.000000,14.903553,0.315740,0.000000,0.000000,0.000000,0.000000,1.000000,0.000000,0.000000,0.000000
114,1.899999,0,1,0.291254,26.999300,0.000000,15.110955,-0.056643,0.000000,0.000000,0.000000,0.000000,1.000000,0.000000,0.000000,0.000000
115,1.916666,0,1,0.550517,26.988483,0.000000,15.398721,-0.448525,0.000000,0.000000,0.000000,0.000000,1.000000,0.000000,0.000000,0.000000
116,1.933332,0,1,0.815953,26.970434,0.000000,15.740784,-0.867556,0.000000,0.000000,0.000000,0.000000,1.000000,0.000000,0.000000,0.000000
117,1.949999,0,1,1.087834,26.944588,0.000000,16.112556,-1.318607,0.000000,0.000000,0.000000,0.000000,1.000000,0.000000,0.000000,0.000000
118,1.966666,0,1,1.366123,26.910357,0.000000,16.493364,-1.804202,0.000000,0.000000,0.000000,0.000000,1.000000,0.000000,0.000000,0.000000
119,1.983332,0,1,1.650556,26.867147,0.000000,16.867060,-2.325091,0.000000,0.000000,0.000000,0.000000,1.000000,0.000000,0.000000,0.000000
120,1.999999,0,1,1.940705,26.814392,0.000000,17.221598,-2.880794,0.000000,0.000000,0.000000,0.000000,1.000000,0.000000,0.000000,0.000000
121,2.016665,0,1,2.236030,26.751545,0.000000,17.548309,-3.470016,0.000000,0.000000,0.000000,0.000000,1.000000,0.000000,0.000000,0.000000
122,2.033332,0,1,2.535909,26.678095,0.000000,17.841078,-4.090961,0.000000,0.000000,0.000000,0.000000,1.000000,0.000000,0.000000,0.000000
123,2.049999,0,1,2.839670,26.593567,0.000000,18.095726,-4.741544,0.000000,0.000000,0.000000,0.000000,1.000000,0.000000,0.000000,0.000000
124,2.066665,0,1,3.146608,26.497522,0.000000,18.309507,-5.419567,0.000000,0.000000,0.000000,0.000000,1.000000,0.000000,0.000000,0.000000
125,2.083332,0,1,3.456001,26.389568,0.000000,18.480736,-6.122821,0.000000,0.000000,0.000000,0.000000,1.000000,0.000000,0.000000,0.000000
126,2.099999,0,1,3.767119,26.269333,0.000000,18.608543,-6.849212,0.000000,0.000000,0.000000,0.000000,1.000000,0.000000,0.000000,0.000000
127,2.116665,0,1,4.079232,26.136484,0.000000,18.692661,-7.596823,0.000000,0.000000,0.000000,0.000000,1.000000,0.000000,0.000000,0.000000
128,2.133332,0,1,4.391619,25.990713,0.000000,18.733309,-8.363996,0.000000,0.000000,0.000000,0.000000,1.000000,0.000000,0.000000,0.000000
129,2.149999,0,1,4.703570,25.831724,0.000000,18.731014,-9.149384,0.000000,0.000000,0.000000,0.000000,1.000000,0.000000,0.000000,0.000000
130,2.166665,0,1,5.014395,25.659246,0.000000,18.686518,-9.952004,0.000000,0.000000,0.000000,0.000000,1.000000,0.000000,0.000000,0.000000
131,2.183332,0,1,5.323409,25.473007,0.000000,18.600643,-10.771257,0.000000,0.000000,0.000000,0.000000,1.000000,0.000000,0.000000,0.000000
132,2.199999,0,1,5.629944,25.272739,0.000000,18.474163,-11.606921,0.000000,0.000000,0.000000,0.000000,1.000000,0.000000,0.000000,0.000000
133,2.216665,0,1,5.933342,25.058165,0.000000,18.307638,-12.459112,0.000000,0.000000,0.000000,0.000000,1.000000,0.000000,0.000000,0.000000
134,2.233332,0,1,6.232938,24.829004,0.000000,18.101229,-13.328195,0.000000,0.000000,0.000000,0.000000,1.000000,0.000000,0.000000,0.000000
135,2.249999,0,1,6.528061,24.584969,0.000000,17.854481,-14.214563,0.000000,0.000000,0.000000,0.000000,1.000000,0.000000,0.000000,0.000000
136,2.266665,0,1,6.818007,24.325769,0.000000,17.566044,-15.118350,0.000000,0.000000,0.000000,0.000000,1.000000,0.000000,0.000000,0.000000
137,2.283332,0,1,7.102010,24.051147,0.000000,17.233374,-16.038895,0.000000,0.000000,0.000000,0.000000,1.000000,0.000000,0.000000,0.000000
138,2.299999,0,1,7.379240,23.760874,0.000000,16.852409,-16.973972,0.000000,0.000000,0.000000,0.000000,1.000000,0.000000,0.000000,0.000000
139,2.316665,0,1,7.648741,23.454844,0.000000,16.417263,-17.918823,0.000000,0.000000,0.000000,0.000000,1.000000,0.000000,0.000000,0.000000
140,2.333332,0,1,7.909419,23.133116,0.000000,15.920173,-18.864790,0.000000,0.000000,0.000000,0.000000,1.000000,0.000000,0.000000,0.000000
141,2.349998,0,1,8.160011,22.796028,0.000000,15.351870,-19.798155,0.000000,0.000000,0.000000,0.000000,1.000000,0.000000,0.000000,0.000000
142,2.366665,0,1,8.399094,22.444283,0.000000,14.702763,-20.699469,0.000000,0.000000,0.000000,0.000000,1.000000,0.000000,0.000000,0.000000
143,2.383332,0,1,8.625132,22.079025,0.000000,13.965138,-21.544531,0.000000,0.000000,0.000000,0.000000,1.000000,0.000000,0.000000,0.000000
144,2.399998,0,1,8.836588,21.701832,0.000000,13.136163,-22.307652,0.000000,0.000000,0.000000,0.000000,1.000000,0.000000,0.000000,0.000000
145,2.416665,0,1,9.032061,21.314608,0.000000,12.220435,-22.966995,0.000000,0.000000,0.000000,0.000000,1.000000,0.000000,0.000000,0.000000
146,2.433332,0,1,9.210433,20.919394,0.000000,11.230641,-23.509863,0.000000,0.000000,0.000000,0.000000,1.000000,0.000000,0.000000,0.000000
147,2.449998,0,1,9.370950,20.518141,0.000000,10.185336,-23.935171,0.000000,0.000000,0.000000,0.000000,1.000000,0.000000,0.000000,0.000000
148,2.466665,0,1,9.513211,20.112572,0.000000,9.104856,-24.251770,0.000000,0.000000,0.000000,0.000000,1.000000,0.000000,0.000000,0.000000
149,2.483332,0,1,9.637097,19.704128,0.000000,8.007507,-24.474010,0.000000,0.000000,0.000000,0.000000,1.000000,0.000000,0.000000,0.000000
150,2.499998,0,1,9.742691,19.293991,0.000000,6.907464,-24.617138,0.000000,0.000000,0.000000,0.000000,1.000000,0.000000,0.000000,0.000000
151,2.516665,0,1,9.830191,18.883142,0.000000,5.814426,-24.694149,0.000000,0.000000,0.000000,0.000000,1.000000,0.000000,0.000000,0.000000
152,2.533332,0,1,9.899869,18.472441,0.000000,4.734474,-24.714424,0.000000,0.000000,0.000000,0.000000,1.000000,0.000000,0.000000,0.000000
153,2.549998,0,1,9.952031,18.062687,0.000000,3.671280,-24.683640,0.000000,0.000000,0.000000,0.000000,1.000000,0.000000,0.000000,0.000000
154,2.566665,0,1,9.987015,17.654663,0.000000,2.627271,-24.604313,0.000000,0.000000,0.000000,0.000000,1.000000,0.000000,0.000000,0.000000
155,2.583332,0,1,10.005191,17.249168,0.000000,1.604474,-24.476564,0.000000,0.000000,0.000000,0.000000,1.000000,0.000000,0.000000,0.000000
156,2.599998,0,1,10.006967,16.847044,0.000000,0.605138,-24.298904,0.000000,0.000000,0.000000,0.000000,1.000000,0.000000,0.000000,0.000000
157,2.616665,0,1,9.992802,16.449177,0.000000,-0.367893,-24.068964,0.000000,0.000000,0.000000,0.000000,1.000000,0.000000,0.000000,0.000000
158,2.633332,0,1,9.963226,16.056498,0.000000,-1.311030,-23.784151,0.000000,0.000000,0.000000,0.000000,1.000000,0.000000,0.000000,0.000000
159,2.649998,0,1,9.918843,15.669971,0.000000,-2.219949,-23.442284,0.000000,0.000000,0.000000,0.000000,1.000000,0.000000,0.000000,0.000000
160,2.666665,0,1,9.860345,15.290572,0.000000,-3.089756,-23.042213,0.000000,0.000000,0.000000,0.000000,1.000000,0.000000,0.000000,0.000000
161,2.683331,0,1,9.788509,14.919250,0.000000,-3.915335,-22.584492,0.000000,0.000000,0.000000,0.000000,1.000000,0.000000,0.000000,0.000000
162,2.699998,0,1,9.704188,14.556889,0.000000,-4.691882,-22.072105,0.000000,0.000000,0.000000,0.000000,1.000000,0.000000,0.000000,0.000000
163,2.716665,0,1,9.608294,14.204237,0.000000,-5.415660,-21.511332,0.000000,0.000000,0.000000,0.000000,1.000000,0.000000,0.000000,0.000000
164,2.733331,0,1,9.501742,13.861833,0.000000,-6.085050,-20.912699,0.000000,0.000000,0.000000,0.000000,1.000000,0.000000,0.000000,0.000000
165,2.749998,0,1,9.385391,13.529913,0.000000,-6.701876,-20.291937,0.000000,0.000000,0.000000,0.000000,1.000000,0.000000,0.000000,0.000000
166,2.766665,0,1,9.259944,13.208305,0.000000,-7.272902,-19.670696,0.000000,0.000000,0.000000,0.000000,1.000000,0.000000,0.000000,0.000000
167,2.783331,0,1,9.125828,12.896338,0.000000,-7.811267,-19.076406,0.000000,0.000000,0.000000,0.000000,1.000000,0.000000,0.000000,0.000000
168,2.799998,0,1,8.983078,12.592788,0.000000,-8.337111,-18.540276,0.000000,0.000000,0.000000,0.000000,1.000000,0.000000,0.000000,0.000000
169,2.816665,0,1,8.831245,12.295947,0.000000,-8.876468,-18.092617,0.000000,0.000000,0.000000,0.000000,1.000000,0.000000,0.000000,0.000000
170,2.833331,0,1,8.669389,12.003806,0.000000,-9.457696,-17.755590,0.000000,0.000000,0.000000,0.000000,1.000000,0.000000,0.000000,0.000000
171,2.849998,0,1,8.496174,11.714377,0.000000,-10.105919,-17.535778,0.000000,0.000000,0.000000,0.000000,1.000000,0.000000,0.000000,0.000000
172,2.866665,0,1,8.310078,11.426029,0.000000,-10.837664,-17.420593,0.000000,0.000000,0.000000,0.000000,1.000000,0.000000,0.000000,0.000000
173,2.883331,0,1,8.109580,11.137742,0.000000,-11.658298,-17.381029,0.000000,0.000000,0.000000,0.000000,1.000000,0.000000,0.000000,0.000000
174,2.899998,0,1,7.893329,10.849193,0.000000,-12.563159,-17.379299,0.000000,0.000000,0.000000,0.000000,1.000000,0.000000,0.000000,0.000000
175,2.916665,0,1,7.660213,10.560693,0.000000,-13.540928,-17.377068,0.000000,0.000000,0.000000,0.000000,1.000000,0.000000,0.000000,0.000000
176,2.933331,0,1,7.409383,10.273062,0.000000,-14.577263,-17.341145,0.000000,0.000000,0.000000,0.000000,1.000000,0.000000,0.000000,0.000000
177,2.949998,0,1,7.140231,9.987491,0.000000,-15.657363,-17.245796,0.000000,0.000000,0.000000,0.000000,1.000000,0.000000,0.000000,0.000000
178,2.966665,0,1,6.852367,9.705409,0.000000,-16.767410,-17.072802,0.000000,0.000000,0.000000,0.000000,1.000000,0.000000,0.000000,0.000000
179,2.983331,0,1,6.545593,9.428398,0.000000,-17.895151,-16.810284,0.000000,0.000000,0.000000,0.000000,1.000000,0.000000,0.000000,0.000000
180,2.999998,0,1,6.219869,9.158114,0.000000,-19.029999,-16.451290,0.000000,0.000000,0.000000,0.000000,1.000000,0.000000,0.000000,0.000000
181,3.016665,0,1,5.875296,8.896246,0.000000,-20.162828,-15.992346,0.000000,0.000000,0.000000,0.000000,1.000000,0.000000,0.000000,0.000000
182,3.033331,0,1,5.512099,8.644485,0.000000,-21.285570,-15.432233,0.000000,0.000000,0.000000,0.000000,1.000000,0.000000,0.000000,0.000000
183,3.049998,0,1,5.130629,8.404512,0.000000,-22.390593,-14.770984,0.000000,0.000000,0.000000,0.000000,1.000000,0.000000,0.000000,0.000000
184,3.066664,0,1,4.731370,8.178001,0.000000,-23.469833,-14.009096,0.000000,0.000000,0.000000,0.000000,1.000000,0.000000,0.000000,0.000000
185,3.083331,0,1,4.314984,7.966611,0.000000,-24.513643,-13.147035,0.000000,0.000000,0.000000,0.000000,1.000000,0.000000,0.000000,0.000000
186,3.099998,0,1,3.882361,7.772004,0.000000,-25.509426,-12.185101,0.000000,0.000000,0.000000,0.000000,1.000000,0.000000,0.000000,0.000000
187,3.116664,0,1,3.434709,7.595831,0.000000,-26.440247,-11.123821,0.000000,0.000000,0.000000,0.000000,1.000000,0.000000,0.000000,0.000000
188,3.133331,0,1,2.973646,7.439703,0.000000,-27.283997,-9.965006,0.000000,0.000000,0.000000,0.000000,1.000000,0.000000,0.000000,0.000000
189,3.149998,0,1,2.501269,7.305128,0.000000,-28.013912,-8.713480,0.000000,0.000000,0.000000,0.000000,1.000000,0.000000,0.000000,0.000000
190,3.166664,0,1,2.020169,7.193413,0.000000,-28.601372,-7.379130,0.000000,0.000000,0.000000,0.000000,1.000000,0.000000,0.000000,0.000000
191,3.183331,0,1,1.533332,7.105536,0.000000,-29.021107,-5.978383,0.000000,0.000000,0.000000,0.000000,1.000000,0.000000,0.000000,0.000000
192,3.199998,0,1,1.043933,7.042055,0.000000,-29.257368,-4.533974,0.000000,0.000000,0.000000,0.000000,1.000000,0.000000,0.000000,0.000000
193,3.216664,0,1,0.555077,7.003045,0.000000,-29.308119,-3.072491,0.000000,0.000000,0.000000,0.000000,1.000000,0.000000,0.000000,0.000000
194,3.233331,0,1,0.069574,6.988141,0.000000,-29.184885,-1.620479,0.000000,0.000000,0.000000,0.000000,1.000000,0.000000,0.000000,0.000000
195,3.249998,0,1,-0.410183,6.996622,0.000000,-28.908457,-0.200890,0.000000,0.000000,0.000000,0.000000,1.000000,0.000000,0.000000,0.000000
196,3.266664,0,1,-0.882232,7.027520,0.000000,-28.503067,1.168753,0.000000,0.000000,0.000000,0.000000,1.000000,0.000000,0.000000,0.000000
197,3.283331,0,1,-1.344978,7.079709,0.000000,-27.991650,2.476327,0.000000,0.000000,0.000000,0.000000,1.000000,0.000000,0.000000,0.000000
198,3.299998,0,1,-1.797117,7.151966,0.000000,-27.393373,3.713952,0.000000,0.000000,0.000000,0.000000,1.000000,0.000000,0.000000,0.000000
199,3.316664,0,1,-2.237560,7.243002,0.000000,-26.723166,4.876573,0.000000,0.000000,0.000000,0.000000,1.000000,0.000000,0.000000,0.000000
200,3.333331,0,1,-2.665380,7.351491,0.000000,-25.992435,5.960813,0.000000,0.000000,0.000000,0.000000,1.000000,0.000000,0.000000,0.000000
201,3.349998,0,1,-3.079785,7.476072,0.000000,-25.210323,6.964299,0.000000,0.000000,0.000000,0.000000,1.000000,0.000000,0.000000,0.000000
202,3.366664,0,1,-3.480114,7.615357,0.000000,-24.384964,7.885448,0.000000,0.000000,0.000000,0.000000,1.000000,0.000000,0.000000,0.000000
203,3.383331,0,1,-3.865845,7.767964,0.000000,-23.524628,8.723655,0.000000,0.000000,0.000000,0.000000,1.000000,0.000000,0.000000,0.000000
204,3.399997,0,1,-4.236620,7.932529,0.000000,-22.638628,9.479753,0.000000,0.000000,0.000000,0.000000,1.000000,0.000000,0.000000,0.000000
205,3.416664,0,1,-4.592278,8.107759,0.000000,-21.737968,10.156693,0.000000,0.000000,0.000000,0.000000,1.000000,0.000000,0.000000,0.000000
206,3.433331,0,1,-4.932896,8.292478,0.000000,-20.835670,10.760302,0.000000,0.000000,0.000000,0.000000,1.000000,0.000000,0.000000,0.000000
207,3.449997,0,1,-5.258808,8.485699,0.000000,-19.946705,11.300001,0.000000,0.000000,0.000000,0.000000,1.000000,0.000000,0.000000,0.000000
208,3.466664,0,1,-5.570635,8.686687,0.000000,-19.087301,11.789158,0.000000,0.000000,0.000000,0.000000,1.000000,0.000000,0.000000,0.000000
209,3.483331,0,1,-5.869263,8.895028,0.000000,-18.273649,12.244916,0.000000,0.000000,0.000000,0.000000,1.000000,0.000000,0.000000,0.000000
210,3.499997,0,1,-6.155791,9.110660,0.000000,-17.519745,12.687026,0.000000,0.000000,0.000000,0.000000,1.000000,0.000000,0.000000,0.000000
211,3.516664,0,1,-6.431437,9.333854,0.000000,-16.834846,13.135673,0.000000,0.000000,0.000000,0.000000,1.000000,0.000000,0.000000,0.000000
212,3.533331,0,1,-6.697395,9.565166,0.000000,-16.221201,13.608614,0.000000,0.000000,0.000000,0.000000,1.000000,0.000000,0.000000,0.000000
213,3.549997,0,1,-6.954705,9.805310,0.000000,-15.672979,14.118423,0.000000,0.000000,0.000000,0.000000,1.000000,0.000000,0.000000,0.000000
214,3.566664,0,1,-7.204130,10.055046,0.000000,-15.177056,14.670815,0.000000,0.000000,0.000000,0.000000,1.000000,0.000000,0.000000,0.000000
215,3.583331,0,1,-7.446097,10.315051,0.000000,-14.715459,15.264620,0.000000,0.000000,0.000000,0.000000,1.000000,0.000000,0.000000,0.000000
216,3.599997,0,1,-7.680699,10.585847,0.000000,-14.268560,15.893181,0.000000,0.000000,0.000000,0.000000,1.000000,0.000000,0.000000,0.000000
217,3.616664,0,1,-7.907726,10.867764,0.000000,-13.817921,16.546423,0.000000,0.000000,0.000000,0.000000,1.000000,0.000000,0.000000,0.000000
218,3.633331,0,1,-8.126741,11.160927,0.000000,-13.348147,17.212891,0.000000,0.000000,0.000000,0.000000,1.000000,0.000000,0.000000,0.000000
219,3.649997,0,1,-8.337141,11.465275,0.000000,-12.847677,17.881218,0.000000,0.000000,0.000000,0.000000,1.000000,0.000000,0.000000,0.000000
220,3.666664,0,1,-8.538226,11.780585,0.000000,-12.308733,18.541054,0.000000,0.000000,0.000000,0.000000,1.000000,0.000000,0.000000,0.000000
221,3.683331,0,1,-8.729244,12.106499,0.000000,-11.726837,19.183451,0.000000,0.000000,0.000000,0.000000,1.000000,0.000000,0.000000,0.000000
222,3.699997,0,1,-8.909432,12.442537,0.000000,-11.100164,19.800964,0.000000,0.000000,0.000000,0.000000,1.000000,0.000000,0.000000,0.000000
223,3.716664,0,1,-9.078050,12.788140,0.000000,-10.428875,20.387520,0.000000,0.000000,0.000000,0.000000,1.000000,0.000000,0.000000,0.000000
224,3.733330,0,1,-9.234385,13.142669,0.000000,-9.714489,20.938166,0.000000,0.000000,0.000000,0.000000,1.000000,0.000000,0.000000,0.000000
225,3.749997,0,1,-9.377782,13.505424,0.000000,-8.959459,21.448792,0.000000,0.000000,0.000000,0.000000,1.000000,0.000000,0.000000,0.000000
226,3.766664,0,1,-9.507630,13.875648,0.000000,-8.166807,21.915829,0.000000,0.000000,0.000000,0.000000,1.000000,0.000000,0.000000,0.000000
227,3.783330,0,1,-9.623388,14.252532,0.000000,-7.339924,22.335926,0.000000,0.000000,0.000000,0.000000,1.000000,0.000000,0.000000,0.000000
228,3.799997,0,1,-9.724571,14.635204,0.000000,-6.482450,22.705681,0.000000,0.000000,0.000000,0.000000,1.000000,0.000000,0.000000,0.000000
229,3.816664,0,1,-9.810762,15.022731,0.000000,-5.598288,23.021416,0.000000,0.000000,0.000000,0.000000,1.000000,0.000000,0.000000,0.000000
230,3.833330,0,1,-9.881619,15.414108,0.000000,-4.691681,23.279058,0.000000,0.000000,0.000000,0.000000,1.000000,0.000000,0.000000,0.000000
231,3.849997,0,1,-9.936881,15.808250,0.000000,-3.767352,23.474199,0.000000,0.000000,0.000000,0.000000,1.000000,0.000000,0.000000,0.000000
232,3.866664,0,1,-9.976386,16.203999,0.000000,-2.830670,23.602297,0.000000,0.000000,0.000000,0.000000,1.000000,0.000000,0.000000,0.000000
233,3.883330,0,1,-10.000076,16.600122,0.000000,-1.887727,23.659124,0.000000,0.000000,0.000000,0.000000,1.000000,0.000000,0.000000,0.000000
234,3.899997,0,1,-10.008016,16.995350,0.000000,-0.945358,23.641369,0.000000,0.000000,0.000000,0.000000,1.000000,0.000000,0.000000,0.000000
235,3.916664,0,1,-10.000398,17.388378,0.000000,-0.010941,23.547304,0.000000,0.000000,0.000000,0.000000,1.000000,0.000000,0.000000,0.000000
236,3.933330,0,1,-9.977544,17.777946,0.000000,0.907888,23.377333,0.000000,0.000000,0.000000,0.000000,1.000000,0.000000,0.000000,0.000000
237,3.949997,0,1,-9.939901,18.162844,0.000000,1.803772,23.134256,0.000000,0.000000,0.000000,0.000000,1.000000,0.000000,0.000000,0.000000
238,3.966664,0,1,-9.888019,18.541971,0.000000,2.670027,22.823189,0.000000,0.000000,0.000000,0.000000,1.000000,0.000000,0.000000,0.000000
239,3.983330,0,1,-9.822531,18.914371,0.000000,3.501099,22.451088,0.000000,0.000000,0.000000,0.000000,1.000000,0.000000,0.000000,0.000000
240,3.999997,0,1,-9.744134,19.279213,0.000000,4.292784,22.026033,0.000000,0.000000,0.000000,0.000000,1.000000,0.000000,0.000000,0.000000
241,4.016664,0,1,-9.653562,19.635822,0.000000,5.042203,21.556524,0.000000,0.000000,0.000000,0.000000,1.000000,0.000000,0.000000,0.000000
242,4.033330,0,1,-9.551562,19.983662,0.000000,5.747746,21.050817,0.000000,0.000000,0.000000,0.000000,1.000000,0.000000,0.000000,0.000000
243,4.049997,0,1,-9.438884,20.322317,0.000000,6.408818,20.516474,0.000000,0.000000,0.000000,0.000000,1.000000,0.000000,0.000000,0.000000
244,4.066664,0,1,-9.316266,20.651470,0.000000,7.025606,19.960129,0.000000,0.000000,0.000000,0.000000,1.000000,0.000000,0.000000,0.000000
245,4.083331,0,1,-9.184437,20.970898,0.000000,7.598831,19.387459,0.000000,0.000000,0.000000,0.000000,1.000000,0.000000,0.000000,0.000000
246,4.099998,0,1,-9.044093,21.280447,0.000000,8.129572,18.803188,0.000000,0.000000,0.000000,0.000000,1.000000,0.000000,0.000000,0.000000
247,4.116665,0,1,-8.895917,21.580015,0.000000,8.619142,18.211256,0.000000,0.000000,0.000000,0.000000,1.000000,0.000000,0.000000,0.000000
248,4.133332,0,1,-8.740561,21.869564,0.000000,9.068958,17.614941,0.000000,0.000000,0.000000,0.000000,1.000000,0.000000,0.000000,0.000000
249,4.149999,0,1,-8.578652,22.149086,0.000000,9.480557,17.017002,0.000000,0.000000,0.000000,0.000000,1.000000,0.000000,0.000000,0.000000
250,4.166666,0,1,-8.410791,22.418615,0.000000,9.855526,16.419832,0.000000,0.000000,0.000000,0.000000,1.000000,0.000000,0.000000,0.000000
251,4.183332,0,1,-8.237547,22.678223,0.000000,10.195543,15.825552,0.000000,0.000000,0.000000,0.000000,1.000000,0.000000,0.000000,0.000000
252,4.199999,0,1,-8.059460,22.927999,0.000000,10.502382,15.236081,0.000000,0.000000,0.000000,0.000000,1.000000,0.000000,0.000000,0.000000
253,4.216666,0,1,-7.877038,23.168077,0.000000,10.777932,14.653225,0.000000,0.000000,0.000000,0.000000,1.000000,0.000000,0.000000,0.000000
254,4.233333,0,1,-7.690752,23.398611,0.000000,11.024241,14.078677,0.000000,0.000000,0.000000,0.000000,1.000000,0.000000,0.000000,0.000000
255,4.250000,0,1,-7.501036,23.619781,0.000000,11.243538,13.514067,0.000000,0.000000,0.000000,0.000000,1.000000,0.000000,0.000000,0.000000
256,4.266667,0,1,-7.308277,23.831793,0.000000,11.438237,12.960945,0.000000,0.000000,0.000000,0.000000,1.000000,0.000000,0.000000,0.000000
257,4.283334,0,1,-7.112823,24.034878,0.000000,11.610972,12.420780,0.000000,0.000000,0.000000,0.000000,1.000000,0.000000,0.000000,0.000000
258,4.300001,0,1,-6.914968,24.229290,0.000000,11.764584,11.894935,0.000000,0.000000,0.000000,0.000000,1.000000,0.000000,0.000000,0.000000
259,4.316668,0,1,-6.714950,24.415297,0.000000,11.902106,11.384614,0.000000,0.000000,0.000000,0.000000,1.000000,0.000000,0.000000,0.000000
260,4.333334,0,1,-6.512960,24.593191,0.000000,12.026723,10.890844,0.000000,0.000000,0.000000,0.000000,1.000000,0.000000,0.000000,0.000000
261,4.350001,0,1,-6.309126,24.763264,0.000000,12.141722,10.414403,0.000000,0.000000,0.000000,0.000000,1.000000,0.000000,0.000000,0.000000
262,4.366668,0,1,-6.103527,24.925823,0.000000,12.250400,9.955776,0.000000,0.000000,0.000000,0.000000,1.000000,0.000000,0.000000,0.000000
263,4.383335,0,1,-5.896181,25.081171,0.000000,12.355975,9.515102,0.000000,0.000000,0.000000,0.000000,1.000000,0.000000,0.000000,0.000000
264,4.400002,0,1,-5.687066,25.229597,0.000000,12.461478,9.092137,0.000000,0.000000,0.000000,0.000000,1.000000,0.000000,0.000000,0.000000
265,4.416669,0,1,-5.476112,25.371386,0.000000,12.569611,8.686234,0.000000,0.000000,0.000000,0.000000,1.000000,0.000000,0.000000,0.000000
266,4.433336,0,1,-5.263218,25.506794,0.000000,12.682672,8.296324,0.000000,0.000000,0.000000,0.000000,1.000000,0.000000,0.000000,0.000000
267,4.450003,0,1,-5.048253,25.636055,0.000000,12.802454,7.920977,0.000000,0.000000,0.000000,0.000000,1.000000,0.000000,0.000000,0.000000
268,4.466670,0,1,-4.831074,25.759361,0.000000,12.930189,7.558412,0.000000,0.000000,0.000000,0.000000,1.000000,0.000000,0.000000,0.000000
269,4.483336,0,1,-4.611537,25.876881,0.000000,13.066539,7.206623,0.000000,0.000000,0.000000,0.000000,1.000000,0.000000,0.000000,0.000000
270,4.500003,0,1,-4.389491,25.988737,0.000000,13.211618,6.863431,0.000000,0.000000,0.000000,0.000000,1.000000,0.000000,0.000000,0.000000
271,4.516670,0,1,-4.164803,26.095013,0.000000,13.365057,6.526588,0.000000,0.000000,0.000000,0.000000,1.000000,0.000000,0.000000,0.000000
272,4.533337,0,1,-3.937356,26.195763,0.000000,13.526081,6.193884,0.000000,0.000000,0.000000,0.000000,1.000000,0.000000,0.000000,0.000000
273,4.550004,0,1,-3.707056,26.290997,0.000000,13.693606,5.863201,0.000000,0.000000,0.000000,0.000000,1.000000,0.000000,0.000000,0.000000
274,4.566671,0,1,-3.473828,26.380703,0.000000,13.866339,5.532591,0.000000,0.000000,0.000000,0.000000,1.000000,0.000000,0.000000,0.000000
275,4.583338,0,1,-3.237623,26.464836,0.000000,14.042864,5.200302,0.000000,0.000000,0.000000,0.000000,1.000000,0.000000,0.000000,0.000000
276,4.600005,0,1,-2.998419,26.543331,0.000000,14.221726,4.864805,0.000000,0.000000,0.000000,0.000000,1.000000,0.000000,0.000000,0.000000
277,4.616672,0,1,-2.756216,26.616098,0.000000,14.401483,4.524801,0.000000,0.000000,0.000000,0.000000,1.000000,0.000000,0.000000,0.000000
278,4.633338,0,1,-2.511038,26.683041,0.000000,14.580750,4.179209,0.000000,0.000000,0.000000,0.000000,1.000000,0.000000,0.000000,0.000000
279,4.650005,0,1,-2.262928,26.744040,0.000000,14.758234,3.827153,0.000000,0.000000,0.000000,0.000000,1.000000,0.000000,0.000000,0.000000
280,4.666672,0,1,-2.011948,26.798969,0.000000,14.932748,3.467939,0.000000,0.000000,0.000000,0.000000,1.000000,0.000000,0.000000,0.000000
281,4.683339,0,1,-1.758180,26.847702,0.000000,15.103216,3.101029,0.000000,0.000000,0.000000,0.000000,1.000000,0.000000,0.000000,0.000000
282,4.700006,0,1,-1.501715,26.890095,0.000000,15.268675,2.726024,0.000000,0.000000,0.000000,0.000000,1.000000,0.000000,0.000000,0.000000
283,4.716673,0,1,-1.242663,26.926008,0.000000,15.428266,2.342633,0.000000,0.000000,0.000000,0.000000,1.000000,0.000000,0.000000,0.000000
284,4.733340,0,1,-0.981142,26.955301,0.000000,15.581228,1.950655,0.000000,0.000000,0.000000,0.000000,1.000000,0.000000,0.000000,0.000000
285,4.750007,0,1,-0.717282,26.977825,0.000000,15.726889,1.549959,0.000000,0.000000,0.000000,0.000000,1.000000,0.000000,0.000000,0.000000
286,4.766674,0,1,-0.451223,26.993437,0.000000,15.864644,1.140472,0.000000,0.000000,0.000000,0.000000,1.000000,0.000000,0.000000,0.000000
287,4.783340,0,1,-0.183112,27.001984,0.000000,15.993956,0.722159,0.000000,0.000000,0.000000,0.000000,1.000000,0.000000,0.000000,0.000000
288,4.800007,0,1,0.086896,27.003328,0.000000,16.114328,0.295014,0.000000,0.000000,0.000000,0.000000,1.000000,0.000000,0.000000,0.000000
289,4.816674,0,1,0.358639,26.997324,0.000000,16.225294,-0.140945,0.000000,0.000000,0.000000,0.000000,1.000000,0.000000,0.000000,0.000000
290,4.833341,0,1,0.631947,26.983824,0.000000,16.326408,-0.585686,0.000000,0.000000,0.000000,0.000000,1.000000,0.000000,0.000000,0.000000
291,4.850008,0,1,0.906641,26.962688,0.000000,16.417225,-1.039162,0.000000,0.000000,0.000000,0.000000,1.000000,0.000000,0.000000,0.000000
292,4.866675,0,1,1.182539,26.933771,0.000000,16.497282,-1.501313,0.000000,0.000000,0.000000,0.000000,1.000000,0.000000,0.000000,0.000000
293,4.883342,0,1,1.459445,26.896936,0.000000,16.566092,-1.972065,0.000000,0.000000,0.000000,0.000000,1.000000,0.000000,0.000000,0.000000
294,4.900009,0,1,1.737159,26.852041,0.000000,16.623121,-2.451318,0.000000,0.000000,0.000000,0.000000,1.000000,0.000000,0.000000,0.000000
295,4.916676,0,1,2.015465,26.798958,0.000000,16.667774,-2.938941,0.000000,0.000000,0.000000,0.000000,1.000000,0.000000,0.000000,0.000000
296,4.933342,0,1,2.294141,26.737545,0.000000,16.699383,-3.434756,0.000000,0.000000,0.000000,0.000000,1.000000,0.000000,0.000000,0.000000
297,4.950009,0,1,2.572947,26.667681,0.000000,16.717192,-3.938529,0.000000,0.000000,0.000000,0.000000,1.000000,0.000000,0.000000,0.000000
298,4.966676,0,1,2.851632,26.589243,0.000000,16.720348,-4.449936,0.000000,0.000000,0.000000,0.000000,1.000000,0.000000,0.000000,0.000000
299,4.983343,0,1,3.129926,26.502121,0.000000,16.707886,-4.968562,0.000000,0.000000,0.000000,0.000000,1.000000,0.000000,0.000000,0.000000
300,5.000010,0,1,3.407541,26.406206,0.000000,16.678741,-5.493850,0.000000,0.000000,0.000000,0.000000,1.000000,0.000000,0.000000,0.000000
301,5.016677,0,1,3.684167,26.301413,0.000000,16.631735,-6.025098,0.000000,0.000000,0.000000,0.000000,1.000000,0.000000,0.000000,0.000000
302,5.033344,0,1,3.959476,26.187670,0.000000,16.565617,-6.561423,0.000000,0.000000,0.000000,0.000000,1.000000,0.000000,0.000000,0.000000
303,5.050011,0,1,4.233115,26.064920,0.000000,16.479059,-7.101740,0.000000,0.000000,0.000000,0.000000,1.000000,0.000000,0.000000,0.000000
304,5.066678,0,1,4.504707,25.933138,0.000000,16.370724,-7.644761,0.000000,0.000000,0.000000,0.000000,1.000000,0.000000,0.000000,0.000000
305,5.083344,0,1,4.773863,25.792320,0.000000,16.239307,-8.188984,0.000000,0.000000,0.000000,0.000000,1.000000,0.000000,0.000000,0.000000
306,5.100011,0,1,5.040164,25.642485,0.000000,16.083595,-8.732720,0.000000,0.000000,0.000000,0.000000,1.000000,0.000000,0.000000,0.000000
307,5.116678,0,1,5.303185,25.483702,0.000000,15.902541,-9.274116,0.000000,0.000000,0.000000,0.000000,1.000000,0.000000,0.000000,0.000000
308,5.133345,0,1,5.562483,25.316053,0.000000,15.695334,-9.811196,0.000000,0.000000,0.000000,0.000000,1.000000,0.000000,0.000000,0.000000
309,5.150012,0,1,5.817615,25.139671,0.000000,15.461461,-10.341940,0.000000,0.000000,0.000000,0.000000,1.000000,0.000000,0.000000,0.000000
310,5.166679,0,1,6.068135,24.954710,0.000000,15.200743,-10.864329,0.000000,0.000000,0.000000,0.000000,1.000000,0.000000,0.000000,0.000000
311,5.183346,0,1,6.313608,24.761360,0.000000,14.913358,-11.376438,0.000000,0.000000,0.000000,0.000000,1.000000,0.000000,0.000000,0.000000
312,5.200013,0,1,6.553605,24.559839,0.000000,14.599839,-11.876482,0.000000,0.000000,0.000000,0.000000,1.000000,0.000000,0.000000,0.000000
313,5.216680,0,1,6.787719,24.350388,0.000000,14.261044,-12.362863,0.000000,0.000000,0.000000,0.000000,1.000000,0.000000,0.000000,0.000000
314,5.233346,0,1,7.015564,24.133266,0.000000,13.898089,-12.834197,0.000000,0.000000,0.000000,0.000000,1.000000,0.000000,0.000000,0.000000
315,5.250013,0,1,7.236777,23.908756,0.000000,13.512287,-13.289330,0.000000,0.000000,0.000000,0.000000,1.000000,0.000000,0.000000,0.000000
316,5.266680,0,1,7.451018,23.677147,0.000000,13.105080,-13.727296,0.000000,0.000000,0.000000,0.000000,1.000000,0.000000,0.000000,0.000000
317,5.283347,0,1,7.657976,23.438744,0.000000,12.677962,-14.147320,0.000000,0.000000,0.000000,0.000000,1.000000,0.000000,0.000000,0.000000
318,5.300014,0,1,7.857358,23.193861,0.000000,12.232436,-14.548754,0.000000,0.000000,0.000000,0.000000,1.000000,0.000000,0.000000,0.000000
319,5.316681,0,1,8.048901,22.942816,0.000000,11.769969,-14.931051,0.000000,0.000000,0.000000,0.000000,1.000000,0.000000,0.000000,0.000000
320,5.333348,0,1,8.232364,22.685940,0.000000,11.291958,-15.293733,0.000000,0.000000,0.000000,0.000000,1.000000,0.000000,0.000000,0.000000
321,5.350015,0,1,8.407526,22.423565,0.000000,10.799736,-15.636353,0.000000,0.000000,0.000000,0.000000,1.000000,0.000000,0.000000,0.000000
322,5.366682,0,1,8.574183,22.156036,0.000000,10.294570,-15.958484,0.000000,0.000000,0.000000,0.000000,1.000000,0.000000,0.000000,0.000000
323,5.383348,0,1,8.732154,21.883701,0.000000,9.777680,-16.259705,0.000000,0.000000,0.000000,0.000000,1.000000,0.000000,0.000000,0.000000
324,5.400015,0,1,8.881277,21.606916,0.000000,9.250246,-16.539621,0.000000,0.000000,0.000000,0.000000,1.000000,0.000000,0.000000,0.000000
325,5.416682,0,1,9.021408,21.326038,0.000000,8.713437,-16.797884,0.000000,0.000000,0.000000,0.000000,1.000000,0.000000,0.000000,0.000000
326,5.433349,0,1,9.152427,21.041433,0.000000,8.168420,-17.034210,0.000000,0.000000,0.000000,0.000000,1.000000,0.000000,0.000000,0.000000
327,5.450016,0,1,9.274222,20.753468,0.000000,7.616388,-17.248442,0.000000,0.000000,0.000000,0.000000,1.000000,0.000000,0.000000,0.000000
328,5.466683,0,1,9.386713,20.462503,0.000000,7.058568,-17.440599,0.000000,0.000000,0.000000,0.000000,1.000000,0.000000,0.000000,0.000000
329,5.483350,0,1,9.489837,20.168900,0.000000,6.496202,-17.610950,0.000000,0.000000,0.000000,0.000000,1.000000,0.000000,0.000000,0.000000
330,5.500017,0,1,9.583548,19.873005,0.000000,5.930541,-17.760065,0.000000,0.000000,0.000000,0.000000,1.000000,0.000000,0.000000,0.000000
331,5.516684,0,1,9.667822,19.575144,0.000000,5.362835,-17.888931,0.000000,0.000000,0.000000,0.000000,1.000000,0.000000,0.000000,0.000000
332,5.533350,0,1,9.742659,19.275614,0.000000,4.794256,-17.998999,0.000000,0.000000,0.000000,0.000000,1.000000,0.000000,0.000000,0.000000
333,5.550017,0,1,9.808066,18.974676,0.000000,4.225852,-18.092276,0.000000,0.000000,0.000000,0.000000,1.000000,0.000000,0.000000,0.000000
334,5.566684,0,1,9.864072,18.672539,0.000000,3.658471,-18.171349,0.000000,0.000000,0.000000,0.000000,1.000000,0.000000,0.000000,0.000000
335,5.583351,0,1,9.910705,18.369364,0.000000,3.092650,-18.239412,0.000000,0.000000,0.000000,0.000000,1.000000,0.000000,0.000000,0.000000
336,5.600018,0,1,9.947992,18.065233,0.000000,2.528544,-18.300211,0.000000,0.000000,0.000000,0.000000,1.000000,0.000000,0.000000,0.000000
337,5.616685,0,1,9.975954,17.760160,0.000000,1.965773,-18.357952,0.000000,0.000000,0.000000,0.000000,1.000000,0.000000,0.000000,0.000000
338,5.633352,0,1,9.994586,17.454090,0.000000,1.403367,-18.417061,0.000000,0.000000,0.000000,0.000000,1.000000,0.000000,0.000000,0.000000
339,5.650019,0,1,10.003852,17.146889,0.000000,0.839700,-18.481911,0.000000,0.000000,0.000000,0.000000,1.000000,0.000000,0.000000,0.000000
340,5.666686,0,1,10.003671,16.838358,0.000000,0.272469,-18.556480,0.000000,0.000000,0.000000,0.000000,1.000000,0.000000,0.000000,0.000000
341,5.683352,0,1,9.993912,16.528255,0.000000,-0.301254,-18.643919,0.000000,0.000000,0.000000,0.000000,1.000000,0.000000,0.000000,0.000000
342,5.700019,0,1,9.974379,16.216322,0.000000,-0.884879,-18.746176,0.000000,0.000000,0.000000,0.000000,1.000000,0.000000,0.000000,0.000000
343,5.716686,0,1,9.944812,15.902299,0.000000,-1.482106,-18.863724,0.000000,0.000000,0.000000,0.000000,1.000000,0.000000,0.000000,0.000000
344,5.733353,0,1,9.904894,15.585965,0.000000,-2.096695,-18.995369,0.000000,0.000000,0.000000,0.000000,1.000000,0.000000,0.000000,0.000000
345,5.750020,0,1,9.854246,15.267154,0.000000,-2.732207,-19.138296,0.000000,0.000000,0.000000,0.000000,1.000000,0.000000,0.000000,0.000000
346,5.766687,0,1,9.792441,14.945783,0.000000,-3.391789,-19.288221,0.000000,0.000000,0.000000,0.000000,1.000000,0.000000,0.000000,0.000000
347,5.783354,0,1,9.719018,14.621875,0.000000,-4.077978,-19.439695,0.000000,0.000000,0.000000,0.000000,1.000000,0.000000,0.000000,0.000000
348,5.800021,0,1,9.633490,14.295553,0.000000,-4.792572,-19.586477,0.000000,0.000000,0.000000,0.000000,1.000000,0.000000,0.000000,0.000000
349,5.816688,0,1,9.535357,13.967066,0.000000,-5.536593,-19.721857,0.000000,0.000000,0.000000,0.000000,1.000000,0.000000,0.000000,0.000000
350,5.833354,0,1,9.424126,13.636766,0.000000,-6.310252,-19.839037,0.000000,0.000000,0.000000,0.000000,1.000000,0.000000,0.000000,0.000000
351,5.850021,0,1,9.299318,13.305119,0.000000,-7.112989,-19.931324,0.000000,0.000000,0.000000,0.000000,1.000000,0.000000,0.000000,0.000000
352,5.866688,0,1,9.160480,12.972697,0.000000,-7.943516,-19.992329,0.000000,0.000000,0.000000,0.000000,1.000000,0.000000,0.000000,0.000000
353,5.883355,0,1,9.007199,12.640168,0.000000,-8.799837,-20.016062,0.000000,0.000000,0.000000,0.000000,1.000000,0.000000,0.000000,0.000000
354,5.900022,0,1,8.839109,12.308283,0.000000,-9.679305,-19.996969,0.000000,0.000000,0.000000,0.000000,1.000000,0.000000,0.000000,0.000000
355,5.916689,0,1,8.655906,11.977881,0.000000,-10.578609,-19.929907,0.000000,0.000000,0.000000,0.000000,1.000000,0.000000,0.000000,0.000000
356,5.933356,0,1,8.457355,11.649874,0.000000,-11.493763,-19.810150,0.000000,0.000000,0.000000,0.000000,1.000000,0.000000,0.000000,0.000000
357,5.950023,0,1,8.243306,11.325244,0.000000,-12.420053,-19.633329,0.000000,0.000000,0.000000,0.000000,1.000000,0.000000,0.000000,0.000000
358,5.966690,0,1,8.013706,11.005034,0.000000,-13.351991,-19.395468,0.000000,0.000000,0.000000,0.000000,1.000000,0.000000,0.000000,0.000000
359,5.983356,0,1,7.768614,10.690347,0.000000,-14.283256,-19.092989,0.000000,0.000000,0.000000,0.000000,1.000000,0.000000,0.000000,0.000000
360,6.000023,0,1,7.508211,10.382326,0.000000,-15.206669,-18.722858,0.000000,0.000000,0.000000,0.000000,1.000000,0.000000,0.000000,0.000000
361,6.016690,0,1,7.232821,10.082156,0.000000,-16.114241,-18.282726,0.000000,0.000000,0.000000,0.000000,1.000000,0.000000,0.000000,0.000000
362,6.033357,0,1,6.942916,9.791033,0.000000,-16.997297,-17.771204,0.000000,0.000000,0.000000,0.000000,1.000000,0.000000,0.000000,0.000000
363,6.050024,0,1,6.639122,9.510148,0.000000,-17.846767,-17.188122,0.000000,0.000000,0.000000,0.000000,1.000000,0.000000,0.000000,0.000000
364,6.066691,0,1,6.322218,9.240657,0.000000,-18.653580,-16.534826,0.000000,0.000000,0.000000,0.000000,1.000000,0.000000,0.000000,0.000000
365,6.083358,0,1,5.993118,8.983656,0.000000,-19.409142,-15.814331,0.000000,0.000000,0.000000,0.000000,1.000000,0.000000,0.000000,0.000000
366,6.100025,0,1,5.652858,8.740145,0.000000,-20.105854,-15.031385,0.000000,0.000000,0.000000,0.000000,1.000000,0.000000,0.000000,0.000000
367,6.116692,0,1,5.302565,8.511010,0.000000,-20.737543,-14.192305,0.000000,0.000000,0.000000,0.000000,1.000000,0.000000,0.000000,0.000000
368,6.133358,0,1,4.943429,8.297002,0.000000,-21.299742,-13.304676,0.000000,0.000000,0.000000,0.000000,1.000000,0.000000,0.000000,0.000000
369,6.150025,0,1,4.576668,8.098723,0.000000,-21.789778,-12.376907,0.000000,0.000000,0.000000,0.000000,1.000000,0.000000,0.000000,0.000000
370,6.166692,0,1,4.203509,7.916631,0.000000,-22.206671,-11.417751,0.000000,0.000000,0.000000,0.000000,1.000000,0.000000,0.000000,0.000000
371,6.183359,0,1,3.825157,7.751038,0.000000,-22.550905,-10.435880,0.000000,0.000000,0.000000,0.000000,1.000000,0.000000,0.000000,0.000000
372,6.200026,0,1,3.442779,7.602122,0.000000,-22.824150,-9.439541,0.000000,0.000000,0.000000,0.000000,1.000000,0.000000,0.000000,0.000000
373,6.216693,0,1,3.057493,7.469942,0.000000,-23.028996,-8.436343,0.000000,0.000000,0.000000,0.000000,1.000000,0.000000,0.000000,0.000000
374,6.233360,0,1,2.670361,7.354447,0.000000,-23.168737,-7.433140,0.000000,0.000000,0.000000,0.000000,1.000000,0.000000,0.000000,0.000000
375,6.250027,0,1,2.282369,7.255495,0.000000,-23.247286,-6.435986,0.000000,0.000000,0.000000,0.000000,1.000000,0.000000,0.000000,0.000000
376,6.266694,0,1,1.894431,7.172857,0.000000,-23.269100,-5.450115,0.000000,0.000000,0.000000,0.000000,1.000000,0.000000,0.000000,0.000000
377,6.283360,0,1,1.507368,7.106243,0.000000,-23.239216,-4.479948,0.000000,0.000000,0.000000,0.000000,1.000000,0.000000,0.000000,0.000000
378,6.300027,0,1,1.121906,7.055307,0.000000,-23.163275,-3.529052,0.000000,0.000000,0.000000,0.000000,1.000000,0.000000,0.000000,0.000000
379,6.316694,0,1,0.738660,7.019665,0.000000,-23.047533,-2.600097,0.000000,0.000000,0.000000,0.000000,1.000000,0.000000,0.000000,0.000000
380,6.333361,0,1,0.358126,6.998915,0.000000,-22.898823,-1.694777,0.000000,0.000000,0.000000,0.000000,1.000000,0.000000,0.000000,0.000000
381,6.350028,0,1,-0.019321,6.992650,0.000000,-22.724413,-0.813733,0.000000,0.000000,0.000000,0.000000,1.000000,0.000000,0.000000,0.000000
382,6.366695,0,1,-0.393435,7.000482,0.000000,-22.531786,0.043501,0.000000,0.000000,0.000000,0.000000,1.000000,0.000000,0.000000,0.000000
383,6.383362,0,1,-0.764090,7.022056,0.000000,-22.328236,0.878514,0.000000,0.000000,0.000000,0.000000,1.000000,0.000000,0.000000,0.000000
384,6.400029,0,1,-1.131265,7.057072,0.000000,-22.120432,1.693937,0.000000,0.000000,0.000000,0.000000,1.000000,0.000000,0.000000,0.000000
385,6.416696,0,1,-1.495022,7.105293,0.000000,-21.913872,2.493270,0.000000,0.000000,0.000000,0.000000,1.000000,0.000000,0.000000,0.000000
386,6.433362,0,1,-1.855474,7.166553,0.000000,-21.712425,3.280598,0.000000,0.000000,0.000000,0.000000,1.000000,0.000000,0.000000,0.000000
387,6.450029,0,1,-2.212751,7.240763,0.000000,-21.517958,4.060226,0.000000,0.000000,0.000000,0.000000,1.000000,0.000000,0.000000,0.000000
388,6.466696,0,1,-2.566960,7.327897,0.000000,-21.330181,4.836278,0.000000,0.000000,0.000000,0.000000,1.000000,0.000000,0.000000,0.000000
389,6.483363,0,1,-2.918154,7.427987,0.000000,-21.146749,5.612312,0.000000,0.000000,0.000000,0.000000,1.000000,0.000000,0.000000,0.000000
390,6.500030,0,1,-3.266303,7.541098,0.000000,-20.963560,6.391016,0.000000,0.000000,0.000000,0.000000,1.000000,0.000000,0.000000,0.000000
391,6.516697,0,1,-3.611282,7.667317,0.000000,-20.775253,7.174012,0.000000,0.000000,0.000000,0.000000,1.000000,0.000000,0.000000,0.000000
392,6.533364,0,1,-3.952854,7.806729,0.000000,-20.575735,7.961782,0.000000,0.000000,0.000000,0.000000,1.000000,0.000000,0.000000,0.000000
393,6.550031,0,1,-4.290679,7.959399,0.000000,-20.358763,8.753708,0.000000,0.000000,0.000000,0.000000,1.000000,0.000000,0.000000,0.000000
394,6.566698,0,1,-4.624322,8.125358,0.000000,-20.118330,9.548181,0.000000,0.000000,0.000000,0.000000,1.000000,0.000000,0.000000,0.000000
395,6.583364,0,1,-4.953255,8.304591,0.000000,-19.849016,10.342753,0.000000,0.000000,0.000000,0.000000,1.000000,0.000000,0.000000,0.000000
396,6.600031,0,1,-5.276888,8.497024,0.000000,-19.546200,11.134302,0.000000,0.000000,0.000000,0.000000,1.000000,0.000000,0.000000,0.000000
397,6.616698,0,1,-5.594570,8.702518,0.000000,-19.206142,11.919199,0.000000,0.000000,0.000000,0.000000,1.000000,0.000000,0.000000,0.000000
398,6.633365,0,1,-5.905607,8.920868,0.000000,-18.826006,12.693418,0.000000,0.000000,0.000000,0.000000,1.000000,0.000000,0.000000,0.000000
399,6.650032,0,1,-6.209285,9.151790,0.000000,-18.403830,13.452655,0.000000,0.000000,0.000000,0.000000,1.000000,0.000000,0.000000,0.000000
400,6.666699,0,1,-6.504873,9.394927,0.000000,-17.938478,14.192423,0.000000,0.000000,0.000000,0.000000,1.000000,0.000000,0.000000,0.000000
401,6.683366,0,1,-6.791641,9.649841,0.000000,-17.429560,14.908085,0.000000,0.000000,0.000000,0.000000,1.000000,0.000000,0.000000,0.000000
402,6.700033,0,1,-7.068871,9.916019,0.000000,-16.877407,15.594943,0.000000,0.000000,0.000000,0.000000,1.000000,0.000000,0.000000,0.000000
403,6.716700,0,1,-7.335860,10.192864,0.000000,-16.283026,16.248297,0.000000,0.000000,0.000000,0.000000,1.000000,0.000000,0.000000,0.000000
404,6.733366,0,1,-7.591947,10.479704,0.000000,-15.648095,16.863518,0.000000,0.000000,0.000000,0.000000,1.000000,0.000000,0.000000,0.000000
405,6.750033,0,1,-7.836508,10.775796,0.000000,-14.974956,17.436182,0.000000,0.000000,0.000000,0.000000,1.000000,0.000000,0.000000,0.000000
406,6.766700,0,1,-8.068978,11.080329,0.000000,-14.266605,17.962196,0.000000,0.000000,0.000000,0.000000,1.000000,0.000000,0.000000,0.000000
407,6.783367,0,1,-8.288857,11.392435,0.000000,-13.526687,18.437941,0.000000,0.000000,0.000000,0.000000,1.000000,0.000000,0.000000,0.000000
408,6.800034,0,1,-8.495715,11.711203,0.000000,-12.759439,18.860441,0.000000,0.000000,0.000000,0.000000,1.000000,0.000000,0.000000,0.000000
409,6.816701,0,1,-8.689216,12.035686,0.000000,-11.969612,19.227512,0.000000,0.000000,0.000000,0.000000,1.000000,0.000000,0.000000,0.000000
410,6.833368,0,1,-8.869102,12.364929,0.000000,-11.162344,19.537848,0.000000,0.000000,0.000000,0.000000,1.000000,0.000000,0.000000,0.000000
411,6.850035,0,1,-9.035214,12.697969,0.000000,-10.342998,19.791092,0.000000,0.000000,0.000000,0.000000,1.000000,0.000000,0.000000,0.000000
412,6.866702,0,1,-9.187481,13.033869,0.000000,-9.516999,19.987801,0.000000,0.000000,0.000000,0.000000,1.000000,0.000000,0.000000,0.000000
413,6.883368,0,1,-9.325918,13.371716,0.000000,-8.689632,20.129396,0.000000,0.000000,0.000000,0.000000,1.000000,0.000000,0.000000,0.000000
414,6.900035,0,1,-9.450626,13.710641,0.000000,-7.865901,20.218025,0.000000,0.000000,0.000000,0.000000,1.000000,0.000000,0.000000,0.000000
415,6.916702,0,1,-9.561775,14.049822,0.000000,-7.050395,20.256426,0.000000,0.000000,0.000000,0.000000,1.000000,0.000000,0.000000,0.000000
416,6.933369,0,1,-9.659601,14.388495,0.000000,-6.247221,20.247766,0.000000,0.000000,0.000000,0.000000,1.000000,0.000000,0.000000,0.000000
417,6.950036,0,1,-9.744399,14.725964,0.000000,-5.459923,20.195517,0.000000,0.000000,0.000000,0.000000,1.000000,0.000000,0.000000,0.000000
418,6.966703,0,1,-9.816504,15.061582,0.000000,-4.691479,20.103302,0.000000,0.000000,0.000000,0.000000,1.000000,0.000000,0.000000,0.000000
419,6.983370,0,1,-9.876291,15.394773,0.000000,-3.944334,19.974827,0.000000,0.000000,0.000000,0.000000,1.000000,0.000000,0.000000,0.000000
420,7.000037,0,1,-9.924163,15.725019,0.000000,-3.220402,19.813784,0.000000,0.000000,0.000000,0.000000,1.000000,0.000000,0.000000,0.000000
421,7.016704,0,1,-9.960541,16.051863,0.000000,-2.521118,19.623804,0.000000,0.000000,0.000000,0.000000,1.000000,0.000000,0.000000,0.000000
422,7.033370,0,1,-9.985860,16.374916,0.000000,-1.847477,19.408443,0.000000,0.000000,0.000000,0.000000,1.000000,0.000000,0.000000,0.000000
423,7.050037,0,1,-10.000564,16.693830,0.000000,-1.200054,19.171144,0.000000,0.000000,0.000000,0.000000,1.000000,0.000000,0.000000,0.000000
424,7.066704,0,1,-10.005095,17.008320,0.000000,-0.579094,18.915226,0.000000,0.000000,0.000000,0.000000,1.000000,0.000000,0.000000,0.000000
425,7.083371,0,1,-9.999894,17.318155,0.000000,0.015504,18.643869,0.000000,0.000000,0.000000,0.000000,1.000000,0.000000,0.000000,0.000000
426,7.100038,0,1,-9.985389,17.623150,0.000000,0.584143,18.360107,0.000000,0.000000,0.000000,0.000000,1.000000,0.000000,0.000000,0.000000
427,7.116705,0,1,-9.961998,17.923168,0.000000,1.127480,18.066795,0.000000,0.000000,0.000000,0.000000,1.000000,0.000000,0.000000,0.000000
428,7.133372,0,1,-9.930121,18.218115,0.000000,1.646413,17.766607,0.000000,0.000000,0.000000,0.000000,1.000000,0.000000,0.000000,0.000000
429,7.150039,0,1,-9.890140,18.507931,0.000000,2.142041,17.462004,0.000000,0.000000,0.000000,0.000000,1.000000,0.000000,0.000000,0.000000
430,7.166706,0,1,-9.842409,18.792608,0.000000,2.615619,17.155191,0.000000,0.000000,0.000000,0.000000,1.000000,0.000000,0.000000,0.000000
431,7.183372,0,1,-9.787264,19.072149,0.000000,3.068565,16.848116,0.000000,0.000000,0.000000,0.000000,1.000000,0.000000,0.000000,0.000000
432,7.200039,0,1,-9.725011,19.346596,0.000000,3.502345,16.542427,0.000000,0.000000,0.000000,0.000000,1.000000,0.000000,0.000000,0.000000
433,7.216706,0,1,-9.655933,19.615999,0.000000,3.918499,16.239456,0.000000,0.000000,0.000000,0.000000,1.000000,0.000000,0.000000,0.000000
434,7.233373,0,1,-9.580286,19.880436,0.000000,4.318547,15.940218,0.000000,0.000000,0.000000,0.000000,1.000000,0.000000,0.000000,0.000000
435,7.250040,0,1,-9.498302,20.139977,0.000000,4.703989,15.645394,0.000000,0.000000,0.000000,0.000000,1.000000,0.000000,0.000000,0.000000
436,7.266707,0,1,-9.410191,20.394712,0.000000,5.076225,15.355375,0.000000,0.000000,0.000000,0.000000,1.000000,0.000000,0.000000,0.000000
437,7.283374,0,1,-9.316138,20.644716,0.000000,5.436569,15.070244,0.000000,0.000000,0.000000,0.000000,1.000000,0.000000,0.000000,0.000000
438,7.300041,0,1,-9.216317,20.890072,0.000000,5.786171,14.789841,0.000000,0.000000,0.000000,0.000000,1.000000,0.000000,0.000000,0.000000
439,7.316708,0,1,-9.110880,21.130842,0.000000,6.126055,14.513783,0.000000,0.000000,0.000000,0.000000,1.000000,0.000000,0.000000,0.000000
440,7.333375,0,1,-8.999971,21.367092,0.000000,6.457061,14.241529,0.000000,0.000000,0.000000,0.000000,1.000000,0.000000,0.000000,0.000000
441,7.350041,0,1,-8.883718,21.598866,0.000000,6.779885,13.972403,0.000000,0.000000,0.000000,0.000000,1.000000,0.000000,0.000000,0.000000
442,7.366708,0,1,-8.762246,21.826195,0.000000,7.095055,13.705656,0.000000,0.000000,0.000000,0.000000,1.000000,0.000000,0.000000,0.000000
443,7.383375,0,1,-8.635677,22.049097,0.000000,7.402956,13.440510,0.000000,0.000000,0.000000,0.000000,1.000000,0.000000,0.000000,0.000000
444,7.400042,0,1,-8.504126,22.267578,0.000000,7.703843,13.176197,0.000000,0.000000,0.000000,0.000000,1.000000,0.000000,0.000000,0.000000
445,7.416709,0,1,-8.367706,22.481634,0.000000,7.997861,12.911971,0.000000,0.000000,0.000000,0.000000,1.000000,0.000000,0.000000,0.000000
446,7.433376,0,1,-8.226535,22.691250,0.000000,8.285075,12.647154,0.000000,0.000000,0.000000,0.000000,1.000000,0.000000,0.000000,0.000000
447,7.450043,0,1,-8.080721,22.896395,0.000000,8.565474,12.381141,0.000000,0.000000,0.000000,0.000000,1.000000,0.000000,0.000000,0.000000
448,7.466710,0,1,-7.930386,23.097044,0.000000,8.838991,12.113405,0.000000,0.000000,0.000000,0.000000,1.000000,0.000000,0.000000,0.000000
449,7.483377,0,1,-7.775648,23.293150,0.000000,9.105532,11.843507,0.000000,0.000000,0.000000,0.000000,1.000000,0.000000,0.000000,0.000000
450,7.500043,0,1,-7.616627,23.484669,0.000000,9.364969,11.571105,0.000000,0.000000,0.000000,0.000000,1.000000,0.000000,0.000000,0.000000
451,7.516710,0,1,-7.453447,23.671549,0.000000,9.617174,11.295940,0.000000,0.000000,0.000000,0.000000,1.000000,0.000000,0.000000,0.000000
452,7.533377,0,1,-7.286234,23.853743,0.000000,9.862014,11.017831,0.000000,0.000000,0.000000,0.000000,1.000000,0.000000,0.000000,0.000000
453,7.550044,0,1,-7.115112,24.031195,0.000000,10.099367,10.736667,0.000000,0.000000,0.000000,0.000000,1.000000,0.000000,0.000000,0.000000
454,7.566711,0,1,-6.940217,24.203852,0.000000,10.329123,10.452400,0.000000,0.000000,0.000000,0.000000,1.000000,0.000000,0.000000,0.000000
455,7.583378,0,1,-6.761676,24.371666,0.000000,10.551181,10.165047,0.000000,0.000000,0.000000,0.000000,1.000000,0.000000,0.000000,0.000000
456,7.600045,0,1,-6.579622,24.534578,0.000000,10.765474,9.874654,0.000000,0.000000,0.000000,0.000000,1.000000,0.000000,0.000000,0.000000
457,7.616712,0,1,-6.394187,24.692549,0.000000,10.971943,9.581325,0.000000,0.000000,0.000000,0.000000,1.000000,0.000000,0.000000,0.000000
458,7.633379,0,1,-6.205506,24.845524,0.000000,11.170557,9.285171,0.000000,0.000000,0.000000,0.000000,1.000000,0.000000,0.000000,0.000000
459,7.650045,0,1,-6.013712,24.993464,0.000000,11.361299,8.986347,0.000000,0.000000,0.000000,0.000000,1.000000,0.000000,0.000000,0.000000
460,7.666712,0,1,-5.818938,25.136328,0.000000,11.544177,8.685016,0.000000,0.000000,0.000000,0.000000,1.000000,0.000000,0.000000,0.000000
461,7.683379,0,1,-5.621315,25.274075,0.000000,11.719220,8.381351,0.000000,0.000000,0.000000,0.000000,1.000000,0.000000,0.000000,0.000000
462,7.700046,0,1,-5.420978,25.406675,0.000000,11.886465,8.075533,0.000000,0.000000,0.000000,0.000000,1.000000,0.000000,0.000000,0.000000
463,7.716713,0,1,-5.218053,25.534096,0.000000,12.045968,7.767747,0.000000,0.000000,0.000000,0.000000,1.000000,0.000000,0.000000,0.000000
464,7.733380,0,1,-5.012674,25.656307,0.000000,12.197802,7.458175,0.000000,0.000000,0.000000,0.000000,1.000000,0.000000,0.000000,0.000000
465,7.750047,0,1,-4.804968,25.773285,0.000000,12.342043,7.147001,0.000000,0.000000,0.000000,0.000000,1.000000,0.000000,0.000000,0.000000
466,7.766714,0,1,-4.595063,25.885010,0.000000,12.478782,6.834401,0.000000,0.000000,0.000000,0.000000,1.000000,0.000000,0.000000,0.000000
467,7.783381,0,1,-4.383079,25.991457,0.000000,12.608117,6.520543,0.000000,0.000000,0.000000,0.000000,1.000000,0.000000,0.000000,0.000000
468,7.800047,0,1,-4.169144,26.092617,0.000000,12.730152,6.205586,0.000000,0.000000,0.000000,0.000000,1.000000,0.000000,0.000000,0.000000
469,7.816714,0,1,-3.953377,26.188471,0.000000,12.844994,5.889683,0.000000,0.000000,0.000000,0.000000,1.000000,0.000000,0.000000,0.000000
470,7.833381,0,1,-3.735898,26.279009,0.000000,12.952751,5.572974,0.000000,0.000000,0.000000,0.000000,1.000000,0.000000,0.000000,0.000000
471,7.850048,0,1,-3.516824,26.364222,0.000000,13.053539,5.255592,0.000000,0.000000,0.000000,0.000000,1.000000,0.000000,0.000000,0.000000
472,7.866715,0,1,-3.296272,26.444101,0.000000,13.147469,4.937659,0.000000,0.000000,0.000000,0.000000,1.000000,0.000000,0.000000,0.000000
473,7.883382,0,1,-3.074354,26.518646,0.000000,13.234652,4.619286,0.000000,0.000000,0.000000,0.000000,1.000000,0.000000,0.000000,0.000000
474,7.900049,0,1,-2.851182,26.587849,0.000000,13.315197,4.300572,0.000000,0.000000,0.000000,0.000000,1.000000,0.000000,0.000000,0.000000
475,7.916716,0,1,-2.626865,26.651709,0.000000,13.389214,3.981611,0.000000,0.000000,0.000000,0.000000,1.000000,0.000000,0.000000,0.000000
476,7.933383,0,1,-2.401512,26.710222,0.000000,13.456806,3.662483,0.000000,0.000000,0.000000,0.000000,1.000000,0.000000,0.000000,0.000000
477,7.950049,0,1,-2.175230,26.763395,0.000000,13.518075,3.343263,0.000000,0.000000,0.000000,0.000000,1.000000,0.000000,0.000000,0.000000
478,7.966716,0,1,-1.948122,26.811228,0.000000,13.573120,3.024015,0.000000,0.000000,0.000000,0.000000,1.000000,0.000000,0.000000,0.000000
479,7.983383,0,1,-1.720291,26.853722,0.000000,13.622031,2.704797,0.000000,0.000000,0.000000,0.000000,1.000000,0.000000,0.000000,0.000000
480,8.000050,0,1,-1.491839,26.890881,0.000000,13.664896,2.385657,0.000000,0.000000,0.000000,0.000000,1.000000,0.000000,0.000000,0.000000
481,8.016716,0,1,-1.262867,26.922709,0.000000,13.701797,2.066639,0.000000,0.000000,0.000000,0.000000,1.000000,0.000000,0.000000,0.000000
482,8.033382,0,1,-1.033472,26.949211,0.000000,13.732805,1.747779,0.000000,0.000000,0.000000,0.000000,1.000000,0.000000,0.000000,0.000000
483,8.050049,0,1,-0.803751,26.970394,0.000000,13.757992,1.429108,0.000000,0.000000,0.000000,0.000000,1.000000,0.000000,0.000000,0.000000
484,8.066715,0,1,-0.573802,26.986261,0.000000,13.777419,1.110650,0.000000,0.000000,0.000000,0.000000,1.000000,0.000000,0.000000,0.000000
485,8.083382,0,1,-0.343719,26.996822,0.000000,13.791140,0.792427,0.000000,0.000000,0.000000,0.000000,1.000000,0.000000,0.000000,0.000000
486,8.100048,0,1,-0.113596,27.002081,0.000000,13.799203,0.474455,0.000000,0.000000,0.000000,0.000000,1.000000,0.000000,0.000000,0.000000
487,8.116714,0,1,0.116473,27.002047,0.000000,13.801649,0.156748,0.000000,0.000000,0.000000,0.000000,1.000000,0.000000,0.000000,0.000000
488,8.133381,0,1,0.346395,26.996721,0.000000,13.798510,-0.160683,0.000000,0.000000,0.000000,0.000000,1.000000,0.000000,0.000000,0.000000
489,8.150047,0,1,0.576079,26.986118,0.000000,13.789809,-0.477829,0.000000,0.000000,0.000000,0.000000,1.000000,0.000000,0.000000,0.000000
490,8.166714,0,1,0.805431,26.970240,0.000000,13.775563,-0.794684,0.000000,0.000000,0.000000,0.000000,1.000000,0.000000,0.000000,0.000000
491,8.183380,0,1,1.034361,26.949095,0.000000,13.755779,-1.111241,0.000000,0.000000,0.000000,0.000000,1.000000,0.000000,0.000000,0.000000
492,8.200047,0,1,1.262777,26.922691,0.000000,13.730455,-1.427492,0.000000,0.000000,0.000000,0.000000,1.000000,0.000000,0.000000,0.000000
493,8.216713,0,1,1.490586,26.891035,0.000000,13.699584,-1.743430,0.000000,0.000000,0.000000,0.000000,1.000000,0.000000,0.000000,0.000000
494,8.233379,0,1,1.717698,26.854136,0.000000,13.663145,-2.059046,0.000000,0.000000,0.000000,0.000000,1.000000,0.000000,0.000000,0.000000
495,8.250046,0,1,1.944019,26.811998,0.000000,13.621111,-2.374328,0.000000,0.000000,0.000000,0.000000,1.000000,0.000000,0.000000,0.000000
496,8.266712,0,1,2.169457,26.764631,0.000000,13.573451,-2.689264,0.000000,0.000000,0.000000,0.000000,1.000000,0.000000,0.000000,0.000000
497,8.283379,0,1,2.393919,26.712044,0.000000,13.520120,-3.003833,0.000000,0.000000,0.000000,0.000000,1.000000,0.000000,0.000000,0.000000
498,8.300045,0,1,2.617310,26.654243,0.000000,13.461065,-3.318014,0.000000,0.000000,0.000000,0.000000,1.000000,0.000000,0.000000,0.000000
499,8.316711,0,1,2.839535,26.591238,0.000000,13.396231,-3.631779,0.000000,0.000000,0.000000,0.000000,1.000000,0.000000,0.000000,0.000000
500,8.333378,0,1,3.060498,26.523039,0.000000,13.325550,-3.945097,0.000000,0.000000,0.000000,0.000000,1.000000,0.000000,0.000000,0.000000
501,8.350044,0,1,3.280102,26.449657,0.000000,13.248952,-4.257925,0.000000,0.000000,0.000000,0.000000,1.000000,0.000000,0.000000,0.000000
502,8.366711,0,1,3.498246,26.371099,0.000000,13.166357,-4.570218,0.000000,0.000000,0.000000,0.000000,1.000000,0.000000,0.000000,0.000000
503,8.383377,0,1,3.714833,26.287376,0.000000,13.077682,-4.881919,0.000000,0.000000,0.000000,0.000000,1.000000,0.000000,0.000000,0.000000
504,8.400043,0,1,3.929760,26.198505,0.000000,12.982838,-5.192971,0.000000,0.000000,0.000000,0.000000,1.000000,0.000000,0.000000,0.000000
505,8.416710,0,1,4.142924,26.104498,0.000000,12.881738,-5.503301,0.000000,0.000000,0.000000,0.000000,1.000000,0.000000,0.000000,0.000000
506,8.433376,0,1,4.354221,26.005369,0.000000,12.774285,-5.812830,0.000000,0.000000,0.000000,0.000000,1.000000,0.000000,0.000000,0.000000
507,8.450043,0,1,4.563545,25.901134,0.000000,12.660388,-6.121474,0.000000,0.000000,0.000000,0.000000,1.000000,0.000000,0.000000,0.000000
508,8.466709,0,1,4.770789,25.791807,0.000000,12.539948,-6.429138,0.000000,0.000000,0.000000,0.000000,1.000000,0.000000,0.000000,0.000000
509,8.483376,0,1,4.975843,25.677416,0.000000,12.412877,-6.735727,0.000000,0.000000,0.000000,0.000000,1.000000,0.000000,0.000000,0.000000
510,8.500042,0,1,5.178594,25.557978,0.000000,12.279084,-7.041128,0.000000,0.000000,0.000000,0.000000,1.000000,0.000000,0.000000,0.000000
511,8.516708,0,1,5.378932,25.433512,0.000000,12.138479,-7.345223,0.000000,0.000000,0.000000,0.000000,1.000000,0.000000,0.000000,0.000000
512,8.533375,0,1,5.576746,25.304050,0.000000,11.990980,-7.647903,0.000000,0.000000,0.000000,0.000000,1.000000,0.000000,0.000000,0.000000
513,8.550041,0,1,5.771917,25.169613,0.000000,11.836521,-7.949044,0.000000,0.000000,0.000000,0.000000,1.000000,0.000000,0.000000,0.000000
514,8.566708,0,1,5.964334,25.030231,0.000000,11.675026,-8.248528,0.000000,0.000000,0.000000,0.000000,1.000000,0.000000,0.000000,0.000000
515,8.583374,0,1,6.153879,24.885939,0.000000,11.506439,-8.546235,0.000000,0.000000,0.000000,0.000000,1.000000,0.000000,0.000000,0.000000
516,8.600040,0,1,6.340433,24.736761,0.000000,11.330721,-8.842052,0.000000,0.000000,0.000000,0.000000,1.000000,0.000000,0.000000,0.000000
517,8.616707,0,1,6.523876,24.582741,0.000000,11.147830,-9.135872,0.000000,0.000000,0.000000,0.000000,1.000000,0.000000,0.000000,0.000000
518,8.633373,0,1,6.704095,24.423906,0.000000,10.957749,-9.427592,0.000000,0.000000,0.000000,0.000000,1.000000,0.000000,0.000000,0.000000
519,8.650040,0,1,6.880970,24.260296,0.000000,10.760465,-9.717145,0.000000,0.000000,0.000000,0.000000,1.000000,0.000000,0.000000,0.000000
520,8.666706,0,1,7.054385,24.091948,0.000000,10.555980,-10.004466,0.000000,0.000000,0.000000,0.000000,1.000000,0.000000,0.000000,0.000000
521,8.683372,0,1,7.224219,23.918896,0.000000,10.344308,-10.289519,0.000000,0.000000,0.000000,0.000000,1.000000,0.000000,0.000000,0.000000
522,8.700039,0,1,7.390357,23.741180,0.000000,10.125472,-10.572299,0.000000,0.000000,0.000000,0.000000,1.000000,0.000000,0.000000,0.000000
523,8.716705,0,1,7.552681,23.558842,0.000000,9.899506,-10.852829,0.000000,0.000000,0.000000,0.000000,1.000000,0.000000,0.000000,0.000000
524,8.733372,0,1,7.711075,23.371906,0.000000,9.666450,-11.131174,0.000000,0.000000,0.000000,0.000000,1.000000,0.000000,0.000000,0.000000
525,8.750038,0,1,7.865422,23.180414,0.000000,9.426332,-11.407441,0.000000,0.000000,0.000000,0.000000,1.000000,0.000000,0.000000,0.000000
526,8.766705,0,1,8.015611,22.984390,0.000000,9.179193,-11.681778,0.000000,0.000000,0.000000,0.000000,1.000000,0.000000,0.000000,0.000000
527,8.783371,0,1,8.161523,22.783863,0.000000,8.925050,-11.954389,0.000000,0.000000,0.000000,0.000000,1.000000,0.000000,0.000000,0.000000
528,8.800037,0,1,8.303042,22.578856,0.000000,8.663905,-12.225508,0.000000,0.000000,0.000000,0.000000,1.000000,0.000000,0.000000,0.000000
529,8.816704,0,1,8.440054,22.369383,0.000000,8.395737,-12.495424,0.000000,0.000000,0.000000,0.000000,1.000000,0.000000,0.000000,0.000000
530,8.833370,0,1,8.572442,22.155457,0.000000,8.120480,-12.764462,0.000000,0.000000,0.000000,0.000000,1.000000,0.000000,0.000000,0.000000
531,8.850037,0,1,8.700085,21.937082,0.000000,7.838023,-13.032987,0.000000,0.000000,0.000000,0.000000,1.000000,0.000000,0.000000,0.000000
532,8.866703,0,1,8.822862,21.714256,0.000000,7.548200,-13.301373,0.000000,0.000000,0.000000,0.000000,1.000000,0.000000,0.000000,0.000000
533,8.883369,0,1,8.940641,21.486969,0.000000,7.250769,-13.570015,0.000000,0.000000,0.000000,0.000000,1.000000,0.000000,0.000000,0.000000
534,8.900036,0,1,9.053293,21.255209,0.000000,6.945411,-13.839280,0.000000,0.000000,0.000000,0.000000,1.000000,0.000000,0.000000,0.000000
535,8.916702,0,1,9.160673,21.018953,0.000000,6.631728,-14.109524,0.000000,0.000000,0.000000,0.000000,1.000000,0.000000,0.000000,0.000000
536,8.933369,0,1,9.262632,20.778181,0.000000,6.309223,-14.381040,0.000000,0.000000,0.000000,0.000000,1.000000,0.000000,0.000000,0.000000
537,8.950035,0,1,9.359008,20.532866,0.000000,5.977308,-14.654037,0.000000,0.000000,0.000000,0.000000,1.000000,0.000000,0.000000,0.000000
538,8.966702,0,1,9.449629,20.282974,0.000000,5.635304,-14.928634,0.000000,0.000000,0.000000,0.000000,1.000000,0.000000,0.000000,0.000000
539,8.983368,0,1,9.534308,20.028482,0.000000,5.282431,-15.204813,0.000000,0.000000,0.000000,0.000000,1.000000,0.000000,0.000000,0.000000
540,9.000034,0,1,9.612843,19.769367,0.000000,4.917840,-15.482408,0.000000,0.000000,0.000000,0.000000,1.000000,0.000000,0.000000,0.000000
541,9.016701,0,1,9.685017,19.505617,0.000000,4.540615,-15.761080,0.000000,0.000000,0.000000,0.000000,1.000000,0.000000,0.000000,0.000000
542,9.033367,0,1,9.750593,19.237223,0.000000,4.149799,-16.040312,0.000000,0.000000,0.000000,0.000000,1.000000,0.000000,0.000000,0.000000
543,9.050034,0,1,9.809326,18.964190,0.000000,3.744396,-16.319378,0.000000,0.000000,0.000000,0.000000,1.000000,0.000000,0.000000,0.000000
544,9.066700,0,1,9.860946,18.686546,0.000000,3.323405,-16.597361,0.000000,0.000000,0.000000,0.000000,1.000000,0.000000,0.000000,0.000000
545,9.083366,0,1,9.905169,18.404341,0.000000,2.885859,-16.873119,0.000000,0.000000,0.000000,0.000000,1.000000,0.000000,0.000000,0.000000
546,9.100033,0,1,9.941699,18.117641,0.000000,2.430840,-17.145330,0.000000,0.000000,0.000000,0.000000,1.000000,0.000000,0.000000,0.000000
547,9.116699,0,1,9.970224,17.826542,0.000000,1.957501,-17.412460,0.000000,0.000000,0.000000,0.000000,1.000000,0.000000,0.000000,0.000000
548,9.133366,0,1,9.990420,17.531174,0.000000,1.465094,-17.672808,0.000000,0.000000,0.000000,0.000000,1.000000,0.000000,0.000000,0.000000
549,9.150032,0,1,10.001957,17.231689,0.000000,0.953015,-17.924492,0.000000,0.000000,0.000000,0.000000,1.000000,0.000000,0.000000,0.000000
550,9.166698,0,1,10.004496,16.928289,0.000000,0.420793,-18.165482,0.000000,0.000000,0.000000,0.000000,1.000000,0.000000,0.000000,0.000000
551,9.183365,0,1,9.997694,16.621197,0.000000,-0.131842,-18.393608,0.000000,0.000000,0.000000,0.000000,1.000000,0.000000,0.000000,0.000000
552,9.200031,0,1,9.981211,16.310680,0.000000,-0.704986,-18.606583,0.000000,0.000000,0.000000,0.000000,1.000000,0.000000,0.000000,0.000000
553,9.216698,0,1,9.954708,15.997052,0.000000,-1.298500,-18.802015,0.000000,0.000000,0.000000,0.000000,1.000000,0.000000,0.000000,0.000000
554,9.233364,0,1,9.917858,15.680665,0.000000,-1.911998,-18.977442,0.000000,0.000000,0.000000,0.000000,1.000000,0.000000,0.000000,0.000000
555,9.250031,0,1,9.870343,15.361913,0.000000,-2.544837,-19.130341,0.000000,0.000000,0.000000,0.000000,1.000000,0.000000,0.000000,0.000000
556,9.266697,0,1,9.811863,15.041229,0.000000,-3.196094,-19.258160,0.000000,0.000000,0.000000,0.000000,1.000000,0.000000,0.000000,0.000000
557,9.283363,0,1,9.742142,14.719091,0.000000,-3.864565,-19.358355,0.000000,0.000000,0.000000,0.000000,1.000000,0.000000,0.000000,0.000000
558,9.300030,0,1,9.660930,14.396024,0.000000,-4.548735,-19.428406,0.000000,0.000000,0.000000,0.000000,1.000000,0.000000,0.000000,0.000000
559,9.316696,0,1,9.568009,14.072580,0.000000,-5.246773,-19.465885,0.000000,0.000000,0.000000,0.000000,1.000000,0.000000,0.000000,0.000000
560,9.333363,0,1,9.463202,13.749358,0.000000,-5.956559,-19.468479,0.000000,0.000000,0.000000,0.000000,1.000000,0.000000,0.000000,0.000000
561,9.350029,0,1,9.346370,13.426989,0.000000,-6.675666,-19.434063,0.000000,0.000000,0.000000,0.000000,1.000000,0.000000,0.000000,0.000000
562,9.366695,0,1,9.217424,13.106134,0.000000,-7.401392,-19.360739,0.000000,0.000000,0.000000,0.000000,1.000000,0.000000,0.000000,0.000000
563,9.383362,0,1,9.076325,12.787477,0.000000,-8.130789,-19.246925,0.000000,0.000000,0.000000,0.000000,1.000000,0.000000,0.000000,0.000000
564,9.400028,0,1,8.923087,12.471718,0.000000,-8.860719,-19.091358,0.000000,0.000000,0.000000,0.000000,1.000000,0.000000,0.000000,0.000000
565,9.416695,0,1,8.757779,12.159570,0.000000,-9.587908,-18.893198,0.000000,0.000000,0.000000,0.000000,1.000000,0.000000,0.000000,0.000000
566,9.433361,0,1,8.580527,11.851752,0.000000,-10.308995,-18.652042,0.000000,0.000000,0.000000,0.000000,1.000000,0.000000,0.000000,0.000000
567,9.450027,0,1,8.391515,11.548978,0.000000,-11.020626,-18.367956,0.000000,0.000000,0.000000,0.000000,1.000000,0.000000,0.000000,0.000000
568,9.466694,0,1,8.190974,11.251940,0.000000,-11.719517,-18.041479,0.000000,0.000000,0.000000,0.000000,1.000000,0.000000,0.000000,0.000000
569,9.483360,0,1,7.979194,10.961326,0.000000,-12.402541,-17.673595,0.000000,0.000000,0.000000,0.000000,1.000000,0.000000,0.000000,0.000000
570,9.500027,0,1,7.756509,10.677787,0.000000,-13.066767,-17.265753,0.000000,0.000000,0.000000,0.000000,1.000000,0.000000,0.000000,0.000000
571,9.516693,0,1,7.523293,10.401939,0.000000,-13.709534,-16.819763,0.000000,0.000000,0.000000,0.000000,1.000000,0.000000,0.000000,0.000000
572,9.533360,0,1,7.279960,10.134371,0.000000,-14.328514,-16.337772,0.000000,0.000000,0.000000,0.000000,1.000000,0.000000,0.000000,0.000000
573,9.550026,0,1,7.026949,9.875616,0.000000,-14.921712,-15.822217,0.000000,0.000000,0.000000,0.000000,1.000000,0.000000,0.000000,0.000000
574,9.566692,0,1,6.764729,9.626171,0.000000,-15.487529,-15.275718,0.000000,0.000000,0.000000,0.000000,1.000000,0.000000,0.000000,0.000000
575,9.583359,0,1,6.493781,9.386487,0.000000,-16.024740,-14.701049,0.000000,0.000000,0.000000,0.000000,1.000000,0.000000,0.000000,0.000000
576,9.600025,0,1,6.214602,9.156958,0.000000,-16.532530,-14.101063,0.000000,0.000000,0.000000,0.000000,1.000000,0.000000,0.000000,0.000000
577,9.616692,0,1,5.927688,8.937942,0.000000,-17.010496,-13.478629,0.000000,0.000000,0.000000,0.000000,1.000000,0.000000,0.000000,0.000000
578,9.633358,0,1,5.633537,8.729741,0.000000,-17.458630,-12.836586,0.000000,0.000000,0.000000,0.000000,1.000000,0.000000,0.000000,0.000000
579,9.650024,0,1,5.332632,8.532620,0.000000,-17.877319,-12.177677,0.000000,0.000000,0.000000,0.000000,1.000000,0.000000,0.000000,0.000000
580,9.666691,0,1,5.025445,8.346796,0.000000,-18.267321,-11.504490,0.000000,0.000000,0.000000,0.000000,1.000000,0.000000,0.000000,0.000000
581,9.683357,0,1,4.712423,8.172448,0.000000,-18.629725,-10.819421,0.000000,0.000000,0.000000,0.000000,1.000000,0.000000,0.000000,0.000000
582,9.700024,0,1,4.393993,8.009727,0.000000,-18.965921,-10.124602,0.000000,0.000000,0.000000,0.000000,1.000000,0.000000,0.000000,0.000000
583,9.716690,0,1,4.070549,7.858752,0.000000,-19.277527,-9.421885,0.000000,0.000000,0.000000,0.000000,1.000000,0.000000,0.000000,0.000000
584,9.733356,0,1,3.742459,7.719620,0.000000,-19.566307,-8.712772,0.000000,0.000000,0.000000,0.000000,1.000000,0.000000,0.000000,0.000000
585,9.750023,0,1,3.410056,7.592412,0.000000,-19.834070,-7.998402,0.000000,0.000000,0.000000,0.000000,1.000000,0.000000,0.000000,0.000000
586,9.766689,0,1,3.073646,7.477199,0.000000,-20.082567,-7.279515,0.000000,0.000000,0.000000,0.000000,1.000000,0.000000,0.000000,0.000000
587,9.783356,0,1,2.733512,7.374050,0.000000,-20.313377,-6.556489,0.000000,0.000000,0.000000,0.000000,1.000000,0.000000,0.000000,0.000000
588,9.800022,0,1,2.389916,7.283038,0.000000,-20.527761,-5.829335,0.000000,0.000000,0.000000,0.000000,1.000000,0.000000,0.000000,0.000000
589,9.816689,0,1,2.043110,7.204239,0.000000,-20.726599,-5.097768,0.000000,0.000000,0.000000,0.000000,1.000000,0.000000,0.000000,0.000000
590,9.833355,0,1,1.693342,7.137743,0.000000,-20.910292,-4.361276,0.000000,0.000000,0.000000,0.000000,1.000000,0.000000,0.000000,0.000000
591,9.850021,0,1,1.340868,7.083650,0.000000,-21.078703,-3.619197,0.000000,0.000000,0.000000,0.000000,1.000000,0.000000,0.000000,0.000000
592,9.866688,0,1,0.985959,7.042072,0.000000,-21.231159,-2.870833,0.000000,0.000000,0.000000,0.000000,1.000000,0.000000,0.000000,0.000000
593,9.883354,0,1,0.628907,7.013132,0.000000,-21.366465,-2.115546,0.000000,0.000000,0.000000,0.000000,1.000000,0.000000,0.000000,0.000000
594,9.900021,0,1,0.270039,6.996960,0.000000,-21.482960,-1.352855,0.000000,0.000000,0.000000,0.000000,1.000000,0.000000,0.000000,0.000000
595,9.916687,0,1,-0.090282,6.993686,0.000000,-21.578600,-0.582529,0.000000,0.000000,0.000000,0.000000,1.000000,0.000000,0.000000,0.000000
596,9.933353,0,1,-0.451653,7.003438,0.000000,-21.651051,0.195347,0.000000,0.000000,0.000000,0.000000,1.000000,0.000000,0.000000,0.000000
597,9.950020,0,1,-0.813627,7.026331,0.000000,-21.697798,0.980325,0.000000,0.000000,0.000000,0.000000,1.000000,0.000000,0.000000,0.000000
598,9.966686,0,1,-1.175713,7.062467,0.000000,-21.716269,1.771559,0.000000,0.000000,0.000000,0.000000,1.000000,0.000000,0.000000,0.000000
599,9.983353,0,1,-1.537378,7.111920,0.000000,-21.703911,2.567796,0.000000,0.000000,0.000000,0.000000,1.000000,0.000000,0.000000,0.000000
600,10.000019,0,1,-1.898050,7.174738,0.000000,-21.658291,3.367387,0.000000,0.000000,0.000000,0.000000,1.000000,0.000000,0.000000,0.000000
601,10.016685,0,1,-2.257122,7.250926,0.000000,-21.577187,4.168295,0.000000,0.000000,0.000000,0.000000,1.000000,0.000000,0.000000,0.000000
602,10.033352,0,1,-2.613952,7.340452,0.000000,-21.458643,4.968140,0.000000,0.000000,0.000000,0.000000,1.000000,0.000000,0.000000,0.000000
603,10.050018,0,1,-2.967880,7.443235,0.000000,-21.301027,5.764232,0.000000,0.000000,0.000000,0.000000,1.000000,0.000000,0.000000,0.000000
604,10.066685,0,1,-3.318220,7.559143,0.000000,-21.103090,6.553624,0.000000,0.000000,0.000000,0.000000,1.000000,0.000000,0.000000,0.000000
605,10.083351,0,1,-3.664282,7.687987,0.000000,-20.863995,7.333163,0.000000,0.000000,0.000000,0.000000,1.000000,0.000000,0.000000,0.000000
606,10.100018,0,1,-4.005369,7.829527,0.000000,-20.583351,8.099561,0.000000,0.000000,0.000000,0.000000,1.000000,0.000000,0.000000,0.000000
607,10.116684,0,1,-4.340787,7.983464,0.000000,-20.261232,8.849457,0.000000,0.000000,0.000000,0.000000,1.000000,0.000000,0.000000,0.000000
608,10.133350,0,1,-4.669860,8.149441,0.000000,-19.898197,9.579492,0.000000,0.000000,0.000000,0.000000,1.000000,0.000000,0.000000,0.000000
609,10.150017,0,1,-4.991929,8.327050,0.000000,-19.495295,10.286390,0.000000,0.000000,0.000000,0.000000,1.000000,0.000000,0.000000,0.000000
610,10.166683,0,1,-5.306364,8.515831,0.000000,-19.054050,10.967025,0.000000,0.000000,0.000000,0.000000,1.000000,0.000000,0.000000,0.000000
611,10.183350,0,1,-5.612572,8.715275,0.000000,-18.576443,11.618505,0.000000,0.000000,0.000000,0.000000,1.000000,0.000000,0.000000,0.000000
612,10.200016,0,1,-5.910004,8.924834,0.000000,-18.064873,12.238235,0.000000,0.000000,0.000000,0.000000,1.000000,0.000000,0.000000,0.000000
613,10.216682,0,1,-6.198157,9.143924,0.000000,-17.522102,12.823970,0.000000,0.000000,0.000000,0.000000,1.000000,0.000000,0.000000,0.000000
614,10.233349,0,1,-6.476583,9.371935,0.000000,-16.951191,13.373871,0.000000,0.000000,0.000000,0.000000,1.000000,0.000000,0.000000,0.000000
615,10.250015,0,1,-6.744893,9.608234,0.000000,-16.355429,13.886522,0.000000,0.000000,0.000000,0.000000,1.000000,0.000000,0.000000,0.000000
616,10.266682,0,1,-7.002752,9.852178,0.000000,-15.738247,14.360952,0.000000,0.000000,0.000000,0.000000,1.000000,0.000000,0.000000,0.000000
617,10.283348,0,1,-7.249886,10.103112,0.000000,-15.103153,14.796623,0.000000,0.000000,0.000000,0.000000,1.000000,0.000000,0.000000,0.000000
618,10.300014,0,1,-7.486077,10.360389,0.000000,-14.453655,15.193425,0.000000,0.000000,0.000000,0.000000,1.000000,0.000000,0.000000,0.000000
619,10.316681,0,1,-7.711169,10.623366,0.000000,-13.793186,15.551642,0.000000,0.000000,0.000000,0.000000,1.000000,0.000000,0.000000,0.000000
620,10.333347,0,1,-7.925055,10.891415,0.000000,-13.125042,15.871921,0.000000,0.000000,0.000000,0.000000,1.000000,0.000000,0.000000,0.000000
621,10.350014,0,1,-8.127682,11.163925,0.000000,-12.452350,16.155222,0.000000,0.000000,0.000000,0.000000,1.000000,0.000000,0.000000,0.000000
622,10.366680,0,1,-8.319043,11.440310,0.000000,-11.778015,16.402800,0.000000,0.000000,0.000000,0.000000,1.000000,0.000000,0.000000,0.000000
623,10.383347,0,1,-8.499171,11.720007,0.000000,-11.104699,16.616119,0.000000,0.000000,0.000000,0.000000,1.000000,0.000000,0.000000,0.000000
624,10.400013,0,1,-8.668144,12.002483,0.000000,-10.434808,16.796844,0.000000,0.000000,0.000000,0.000000,1.000000,0.000000,0.000000,0.000000
625,10.416679,0,1,-8.826067,12.287243,0.000000,-9.770473,16.946789,0.000000,0.000000,0.000000,0.000000,1.000000,0.000000,0.000000,0.000000
626,10.433346,0,1,-8.973077,12.573814,0.000000,-9.113536,17.067860,0.000000,0.000000,0.000000,0.000000,1.000000,0.000000,0.000000,0.000000
627,10.450012,0,1,-9.109332,12.861763,0.000000,-8.465580,17.162024,0.000000,0.000000,0.000000,0.000000,1.000000,0.000000,0.000000,0.000000
628,10.466679,0,1,-9.235014,13.150687,0.000000,-7.827916,17.231274,0.000000,0.000000,0.000000,0.000000,1.000000,0.000000,0.000000,0.000000
629,10.483345,0,1,-9.350321,13.440223,0.000000,-7.201600,17.277597,0.000000,0.000000,0.000000,0.000000,1.000000,0.000000,0.000000,0.000000
630,10.500011,0,1,-9.455459,13.730028,0.000000,-6.587426,17.302923,0.000000,0.000000,0.000000,0.000000,1.000000,0.000000,0.000000,0.000000
631,10.516678,0,1,-9.550643,14.019800,0.000000,-5.985991,17.309105,0.000000,0.000000,0.000000,0.000000,1.000000,0.000000,0.000000,0.000000
632,10.533344,0,1,-9.636095,14.309262,0.000000,-5.397666,17.297894,0.000000,0.000000,0.000000,0.000000,1.000000,0.000000,0.000000,0.000000
633,10.550011,0,1,-9.712038,14.598162,0.000000,-4.822647,17.270908,0.000000,0.000000,0.000000,0.000000,1.000000,0.000000,0.000000,0.000000
634,10.566677,0,1,-9.778693,14.886269,0.000000,-4.260975,17.229614,0.000000,0.000000,0.000000,0.000000,1.000000,0.000000,0.000000,0.000000
635,10.583344,0,1,-9.836281,15.173377,0.000000,-3.712561,17.175312,0.000000,0.000000,0.000000,0.000000,1.000000,0.000000,0.000000,0.000000
636,10.600010,0,1,-9.885015,15.459297,0.000000,-3.177213,17.109148,0.000000,0.000000,0.000000,0.000000,1.000000,0.000000,0.000000,0.000000
637,10.616676,0,1,-9.925109,15.743854,0.000000,-2.654662,17.032084,0.000000,0.000000,0.000000,0.000000,1.000000,0.000000,0.000000,0.000000
638,10.633343,0,1,-9.956767,16.026882,0.000000,-2.144591,16.944920,0.000000,0.000000,0.000000,0.000000,1.000000,0.000000,0.000000,0.000000
639,10.650009,0,1,-9.980188,16.308228,0.000000,-1.646657,16.848303,0.000000,0.000000,0.000000,0.000000,1.000000,0.000000,0.000000,0.000000
640,10.666676,0,1,-9.995567,16.587749,0.000000,-1.160516,16.742739,0.000000,0.000000,0.000000,0.000000,1.000000,0.000000,0.000000,0.000000
641,10.683342,0,1,-10.003091,16.865299,0.000000,-0.685819,16.628609,0.000000,0.000000,0.000000,0.000000,1.000000,0.000000,0.000000,0.000000
642,10.700008,0,1,-10.002943,17.140745,0.000000,-0.222271,16.506184,0.000000,0.000000,0.000000,0.000000,1.000000,0.000000,0.000000,0.000000
643,10.716675,0,1,-9.995304,17.413948,0.000000,0.230412,16.375652,0.000000,0.000000,0.000000,0.000000,1.000000,0.000000,0.000000,0.000000
644,10.733341,0,1,-9.980347,17.684778,0.000000,0.672450,16.237158,0.000000,0.000000,0.000000,0.000000,1.000000,0.000000,0.000000,0.000000
645,10.750008,0,1,-9.958248,17.953098,0.000000,1.104031,16.090776,0.000000,0.000000,0.000000,0.000000,1.000000,0.000000,0.000000,0.000000
646,10.766674,0,1,-9.929177,18.218781,0.000000,1.525281,15.936577,0.000000,0.000000,0.000000,0.000000,1.000000,0.000000,0.000000,0.000000
647,10.783340,0,1,-9.893304,18.481695,0.000000,1.936292,15.774611,0.000000,0.000000,0.000000,0.000000,1.000000,0.000000,0.000000,0.000000
648,10.800007,0,1,-9.850800,18.741716,0.000000,2.337112,15.604935,0.000000,0.000000,0.000000,0.000000,1.000000,0.000000,0.000000,0.000000
649,10.816673,0,1,-9.801835,18.998707,0.000000,2.727752,15.427621,0.000000,0.000000,0.000000,0.000000,1.000000,0.000000,0.000000,0.000000
650,10.833340,0,1,-9.746579,19.252548,0.000000,3.108177,15.242774,0.000000,0.000000,0.000000,0.000000,1.000000,0.000000,0.000000,0.000000
651,10.850006,0,1,-9.685205,19.503109,0.000000,3.478350,15.050515,0.000000,0.000000,0.000000,0.000000,1.000000,0.000000,0.000000,0.000000
652,10.866673,0,1,-9.617887,19.750278,0.000000,3.838193,14.851009,0.000000,0.000000,0.000000,0.000000,1.000000,0.000000,0.000000,0.000000
653,10.883339,0,1,-9.544801,19.993929,0.000000,4.187644,14.644441,0.000000,0.000000,0.000000,0.000000,1.000000,0.000000,0.000000,0.000000
654,10.900005,0,1,-9.466120,20.233952,0.000000,4.526604,14.431048,0.000000,0.000000,0.000000,0.000000,1.000000,0.000000,0.000000,0.000000
655,10.916672,0,1,-9.382022,20.470238,0.000000,4.854999,14.211097,0.000000,0.000000,0.000000,0.000000,1.000000,0.000000,0.000000,0.000000
656,10.933338,0,1,-9.292692,20.702684,0.000000,5.172751,13.984880,0.000000,0.000000,0.000000,0.000000,1.000000,0.000000,0.000000,0.000000
657,10.950005,0,1,-9.198304,20.931190,0.000000,5.479791,13.752728,0.000000,0.000000,0.000000,0.000000,1.000000,0.000000,0.000000,0.000000
658,10.966671,0,1,-9.099042,21.155666,0.000000,5.776065,13.514990,0.000000,0.000000,0.000000,0.000000,1.000000,0.000000,0.000000,0.000000
659,10.983337,0,1,-8.995086,21.376030,0.000000,6.061537,13.272042,0.000000,0.000000,0.000000,0.000000,1.000000,0.000000,0.000000,0.000000
660,11.000004,0,1,-8.886617,21.592203,0.000000,6.336193,13.024271,0.000000,0.000000,0.000000,0.000000,1.000000,0.000000,0.000000,0.000000
661,11.016670,0,1,-8.773821,21.804110,0.000000,6.600039,12.772086,0.000000,0.000000,0.000000,0.000000,1.000000,0.000000,0.000000,0.000000
662,11.033337,0,1,-8.656876,22.011690,0.000000,6.853092,12.515910,0.000000,0.000000,0.000000,0.000000,1.000000,0.000000,0.000000,0.000000
663,11.050003,0,1,-8.535960,22.214884,0.000000,7.095412,12.256165,0.000000,0.000000,0.000000,0.000000,1.000000,0.000000,0.000000,0.000000
664,11.066669,0,1,-8.411255,22.413643,0.000000,7.327068,11.993279,0.000000,0.000000,0.000000,0.000000,1.000000,0.000000,0.000000,0.000000
665,11.083336,0,1,-8.282939,22.607920,0.000000,7.548161,11.727686,0.000000,0.000000,0.000000,0.000000,1.000000,0.000000,0.000000,0.000000
666,11.100002,0,1,-8.151185,22.797686,0.000000,7.758808,11.459817,0.000000,0.000000,0.000000,0.000000,1.000000,0.000000,0.000000,0.000000
667,11.116669,0,1,-8.016167,22.982910,0.000000,7.959160,11.190084,0.000000,0.000000,0.000000,0.000000,1.000000,0.000000,0.000000,0.000000
668,11.133335,0,1,-7.878052,23.163572,0.000000,8.149384,10.918902,0.000000,0.000000,0.000000,0.000000,1.000000,0.000000,0.000000,0.000000
669,11.150002,0,1,-7.737002,23.339657,0.000000,8.329669,10.646676,0.000000,0.000000,0.000000,0.000000,1.000000,0.000000,0.000000,0.000000
670,11.166668,0,1,-7.593189,23.511154,0.000000,8.500228,10.373793,0.000000,0.000000,0.000000,0.000000,1.000000,0.000000,0.000000,0.000000
671,11.183334,0,1,-7.446762,23.678064,0.000000,8.661285,10.100633,0.000000,0.000000,0.000000,0.000000,1.000000,0.000000,0.000000,0.000000
672,11.200001,0,1,-7.297877,23.840393,0.000000,8.813089,9.827545,0.000000,0.000000,0.000000,0.000000,1.000000,0.000000,0.000000,0.000000
673,11.216667,0,1,-7.146686,23.998150,0.000000,8.955899,9.554868,0.000000,0.000000,0.000000,0.000000,1.000000,0.000000,0.000000,0.000000
674,11.233334,0,1,-6.993330,24.151346,0.000000,9.089991,9.282925,0.000000,0.000000,0.000000,0.000000,1.000000,0.000000,0.000000,0.000000
675,11.250000,0,1,-6.837955,24.300001,0.000000,9.215647,9.012017,0.000000,0.000000,0.000000,0.000000,1.000000,0.000000,0.000000,0.000000
676,11.266666,0,1,-6.680691,24.444145,0.000000,9.333162,8.742428,0.000000,0.000000,0.000000,0.000000,1.000000,0.000000,0.000000,0.000000
677,11.283333,0,1,-6.521667,24.583803,0.000000,9.442846,8.474409,0.000000,0.000000,0.000000,0.000000,1.000000,0.000000,0.000000,0.000000
678,11.299999,0,1,-6.361011,24.719004,0.000000,9.545007,8.208198,0.000000,0.000000,0.000000,0.000000,1.000000,0.000000,0.000000,0.000000
679,11.316666,0,1,-6.198838,24.849787,0.000000,9.639955,7.944011,0.000000,0.000000,0.000000,0.000000,1.000000,0.000000,0.000000,0.000000
680,11.333332,0,1,-6.035265,24.976192,0.000000,9.728011,7.682039,0.000000,0.000000,0.000000,0.000000,1.000000,0.000000,0.000000,0.000000
681,11.349998,0,1,-5.870400,25.098259,0.000000,9.809495,7.422451,0.000000,0.000000,0.000000,0.000000,1.000000,0.000000,0.000000,0.000000
682,11.366665,0,1,-5.704343,25.216034,0.000000,9.884720,7.165399,0.000000,0.000000,0.000000,0.000000,1.000000,0.000000,0.000000,0.000000
683,11.383331,0,1,-5.537194,25.329561,0.000000,9.954006,6.911006,0.000000,0.000000,0.000000,0.000000,1.000000,0.000000,0.000000,0.000000
684,11.399998,0,1,-5.369044,25.438890,0.000000,10.017667,6.659386,0.000000,0.000000,0.000000,0.000000,1.000000,0.000000,0.000000,0.000000
685,11.416664,0,1,-5.199980,25.544069,0.000000,10.076012,6.410624,0.000000,0.000000,0.000000,0.000000,1.000000,0.000000,0.000000,0.000000
686,11.433331,0,1,-5.030086,25.645147,0.000000,10.129342,6.164788,0.000000,0.000000,0.000000,0.000000,1.000000,0.000000,0.000000,0.000000
687,11.449997,0,1,-4.859437,25.742176,0.000000,10.177953,5.921931,0.000000,0.000000,0.000000,0.000000,1.000000,0.000000,0.000000,0.000000
688,11.466663,0,1,-4.688106,25.835207,0.000000,10.222136,5.682089,0.000000,0.000000,0.000000,0.000000,1.000000,0.000000,0.000000,0.000000
689,11.483330,0,1,-4.516160,25.924292,0.000000,10.262174,5.445278,0.000000,0.000000,0.000000,0.000000,1.000000,0.000000,0.000000,0.000000
690,11.499996,0,1,-4.343667,26.009481,0.000000,10.298334,5.211498,0.000000,0.000000,0.000000,0.000000,1.000000,0.000000,0.000000,0.000000
691,11.516663,0,1,-4.170679,26.090826,0.000000,10.330883,4.980743,0.000000,0.000000,0.000000,0.000000,1.000000,0.000000,0.000000,0.000000
692,11.533329,0,1,-3.997253,26.168381,0.000000,10.360071,4.752982,0.000000,0.000000,0.000000,0.000000,1.000000,0.000000,0.000000,0.000000
693,11.549995,0,1,-3.823442,26.242191,0.000000,10.386145,4.528177,0.000000,0.000000,0.000000,0.000000,1.000000,0.000000,0.000000,0.000000
694,11.566662,0,1,-3.649290,26.312307,0.000000,10.409332,4.306282,0.000000,0.000000,0.000000,0.000000,1.000000,0.000000,0.000000,0.000000
695,11.583328,0,1,-3.474840,26.378777,0.000000,10.429858,4.087234,0.000000,0.000000,0.000000,0.000000,1.000000,0.000000,0.000000,0.000000
696,11.599995,0,1,-3.300132,26.441648,0.000000,10.447933,3.870963,0.000000,0.000000,0.000000,0.000000,1.000000,0.000000,0.000000,0.000000
697,11.616661,0,1,-3.125204,26.500965,0.000000,10.463756,3.657388,0.000000,0.000000,0.000000,0.000000,1.000000,0.000000,0.000000,0.000000
698,11.633327,0,1,-2.950087,26.556770,0.000000,10.477513,3.446424,0.000000,0.000000,0.000000,0.000000,1.000000,0.000000,0.000000,0.000000
699,11.649994,0,1,-2.774812,26.609108,0.000000,10.489388,3.237977,0.000000,0.000000,0.000000,0.000000,1.000000,0.000000,0.000000,0.000000
700,11.666660,0,1,-2.599406,26.658018,0.000000,10.499542,3.031942,0.000000,0.000000,0.000000,0.000000,1.000000,0.000000,0.000000,0.000000
701,11.683327,0,1,-2.423895,26.703537,0.000000,10.508135,2.828211,0.000000,0.000000,0.000000,0.000000,1.000000,0.000000,0.000000,0.000000
702,11.699993,0,1,-2.248303,26.745705,0.000000,10.515308,2.626672,0.000000,0.000000,0.000000,0.000000,1.000000,0.000000,0.000000,0.000000
703,11.716660,0,1,-2.072648,26.784555,0.000000,10.521196,2.427207,0.000000,0.000000,0.000000,0.000000,1.000000,0.000000,0.000000,0.000000
704,11.733326,0,1,-1.896951,26.820118,0.000000,10.525927,2.229692,0.000000,0.000000,0.000000,0.000000,1.000000,0.000000,0.000000,0.000000
705,11.749992,0,1,-1.721226,26.852427,0.000000,10.529609,2.034003,0.000000,0.000000,0.000000,0.000000,1.000000,0.000000,0.000000,0.000000
706,11.766659,0,1,-1.545489,26.881508,0.000000,10.532347,1.840009,0.000000,0.000000,0.000000,0.000000,1.000000,0.000000,0.000000,0.000000
707,11.783325,0,1,-1.369754,26.907389,0.000000,10.534232,1.647576,0.000000,0.000000,0.000000,0.000000,1.000000,0.000000,0.000000,0.000000
708,11.799992,0,1,-1.194033,26.930090,0.000000,10.535350,1.456573,0.000000,0.000000,0.000000,0.000000,1.000000,0.000000,0.000000,0.000000
709,11.816658,0,1,-1.018337,26.949636,0.000000,10.535772,1.266862,0.000000,0.000000,0.000000,0.000000,1.000000,0.000000,0.000000,0.000000
710,11.833324,0,1,-0.842675,26.966043,0.000000,10.535565,1.078306,0.000000,0.000000,0.000000,0.000000,1.000000,0.000000,0.000000,0.000000
711,11.849991,0,1,-0.667058,26.979332,0.000000,10.534781,0.890764,0.000000,0.000000,0.000000,0.000000,1.000000,0.000000,0.000000,0.000000
712,11.866657,0,1,-0.491494,26.989513,0.000000,10.533465,0.704099,0.000000,0.000000,0.000000,0.000000,1.000000,0.000000,0.000000,0.000000
713,11.883324,0,1,-0.315989,26.996599,0.000000,10.531653,0.518167,0.000000,0.000000,0.000000,0.000000,1.000000,0.000000,0.000000,0.000000
714,11.899990,0,1,-0.140552,27.000601,0.000000,10.529374,0.332830,0.000000,0.000000,0.000000,0.000000,1.000000,0.000000,0.000000,0.000000
715,11.916656,0,1,0.034809,27.001526,0.000000,10.526643,0.147946,0.000000,0.000000,0.000000,0.000000,1.000000,0.000000,0.000000,0.000000
716,11.933323,0,1,0.210087,26.999378,0.000000,10.523470,-0.036625,0.000000,0.000000,0.000000,0.000000,1.000000,0.000000,0.000000,0.000000
717,11.949989,0,1,0.385276,26.994162,0.000000,10.519857,-0.221023,0.000000,0.000000,0.000000,0.000000,1.000000,0.000000,0.000000,0.000000
718,11.966656,0,1,0.560369,26.985876,0.000000,10.515795,-0.405385,0.000000,0.000000,0.000000,0.000000,1.000000,0.000000,0.000000,0.000000
719,11.983322,0,1,0.735356,26.974518,0.000000,10.511267,-0.589851,0.000000,0.000000,0.000000,0.000000,1.000000,0.000000,0.000000,0.000000
720,11.999989,0,1,0.910230,26.960083,0.000000,10.506248,-0.774557,0.000000,0.000000,0.000000,0.000000,1.000000,0.000000,0.000000,0.000000
721,12.016655,0,1,1.084983,26.942568,0.000000,10.500706,-0.959636,0.000000,0.000000,0.000000,0.000000,1.000000,0.000000,0.000000,0.000000
722,12.033321,0,1,1.259604,26.921961,0.000000,10.494597,-1.145223,0.000000,0.000000,0.000000,0.000000,1.000000,0.000000,0.000000,0.000000
723,12.049988,0,1,1.434083,26.898252,0.000000,10.487877,-1.331447,0.000000,0.000000,0.000000,0.000000,1.000000,0.000000,0.000000,0.000000
724,12.066654,0,1,1.608410,26.871429,0.000000,10.480483,-1.518438,0.000000,0.000000,0.000000,0.000000,1.000000,0.000000,0.000000,0.000000
725,12.083321,0,1,1.782571,26.841476,0.000000,10.472350,-1.706321,0.000000,0.000000,0.000000,0.000000,1.000000,0.000000,0.000000,0.000000
726,12.099987,0,1,1.956552,26.808376,0.000000,10.463407,-1.895220,0.000000,0.000000,0.000000,0.000000,1.000000,0.000000,0.000000,0.000000
727,12.116653,0,1,2.130338,26.772112,0.000000,10.453569,-2.085253,0.000000,0.000000,0.000000,0.000000,1.000000,0.000000,0.000000,0.000000
728,12.133320,0,1,2.303914,26.732658,0.000000,10.442751,-2.276539,0.000000,0.000000,0.000000,0.000000,1.000000,0.000000,0.000000,0.000000
729,12.149986,0,1,2.477259,26.689997,0.000000,10.430850,-2.469189,0.000000,0.000000,0.000000,0.000000,1.000000,0.000000,0.000000,0.000000
730,12.166653,0,1,2.650355,26.644102,0.000000,10.417763,-2.663313,0.000000,0.000000,0.000000,0.000000,1.000000,0.000000,0.000000,0.000000
731,12.183319,0,1,2.823179,26.594946,0.000000,10.403374,-2.859015,0.000000,0.000000,0.000000,0.000000,1.000000,0.000000,0.000000,0.000000
732,12.199986,0,1,2.995704,26.542500,0.000000,10.387564,-3.056395,0.000000,0.000000,0.000000,0.000000,1.000000,0.000000,0.000000,0.000000
733,12.216652,0,1,3.167905,26.486736,0.000000,10.370204,-3.255548,0.000000,0.000000,0.000000,0.000000,1.000000,0.000000,0.000000,0.000000
734,12.233318,0,1,3.339758,26.427624,0.000000,10.351157,-3.456561,0.000000,0.000000,0.000000,0.000000,1.000000,0.000000,0.000000,0.000000
735,12.249985,0,1,3.511227,26.365129,0.000000,10.330276,-3.659525,0.000000,0.000000,0.000000,0.000000,1.000000,0.000000,0.000000,0.000000
736,12.266651,0,1,3.682281,26.299219,0.000000,10.307412,-3.864513,0.000000,0.000000,0.000000,0.000000,1.000000,0.000000,0.000000,0.000000
737,12.283318,0,1,3.852881,26.229858,0.000000,10.282407,-4.071601,0.000000,0.000000,0.000000,0.000000,1.000000,0.000000,0.000000,0.000000
738,12.299984,0,1,4.022989,26.157013,0.000000,10.255094,-4.280852,0.000000,0.000000,0.000000,0.000000,1.000000,0.000000,0.000000,0.000000
739,12.316650,0,1,4.192562,26.080643,0.000000,10.225299,-4.492323,0.000000,0.000000,0.000000,0.000000,1.000000,0.000000,0.000000,0.000000
740,12.333317,0,1,4.361557,26.000715,0.000000,10.192842,-4.706068,0.000000,0.000000,0.000000,0.000000,1.000000,0.000000,0.000000,0.000000
741,12.349983,0,1,4.529922,25.917187,0.000000,10.157537,-4.922129,0.000000,0.000000,0.000000,0.000000,1.000000,0.000000,0.000000,0.000000
742,12.366650,0,1,4.697611,25.830021,0.000000,10.119188,-5.140537,0.000000,0.000000,0.000000,0.000000,1.000000,0.000000,0.000000,0.000000
743,12.383316,0,1,4.864566,25.739180,0.000000,10.077597,-5.361327,0.000000,0.000000,0.000000,0.000000,1.000000,0.000000,0.000000,0.000000
744,12.399982,0,1,5.030727,25.644621,0.000000,10.032559,-5.584511,0.000000,0.000000,0.000000,0.000000,1.000000,0.000000,0.000000,0.000000
745,12.416649,0,1,5.196035,25.546307,0.000000,9.983861,-5.810096,0.000000,0.000000,0.000000,0.000000,1.000000,0.000000,0.000000,0.000000
746,12.433315,0,1,5.360423,25.444197,0.000000,9.931286,-6.038083,0.000000,0.000000,0.000000,0.000000,1.000000,0.000000,0.000000,0.000000
747,12.449982,0,1,5.523822,25.338253,0.000000,9.874614,-6.268459,0.000000,0.000000,0.000000,0.000000,1.000000,0.000000,0.000000,0.000000
748,12.466648,0,1,5.686159,25.228439,0.000000,9.813622,-6.501206,0.000000,0.000000,0.000000,0.000000,1.000000,0.000000,0.000000,0.000000
749,12.483315,0,1,5.847354,25.114712,0.000000,9.748078,-6.736286,0.000000,0.000000,0.000000,0.000000,1.000000,0.000000,0.000000,0.000000
750,12.499981,0,1,6.007336,24.997036,0.000000,9.677749,-6.973658,0.000000,0.000000,0.000000,0.000000,1.000000,0.000000,0.000000,0.000000
751,12.516647,0,1,6.166013,24.875372,0.000000,9.602392,-7.213272,0.000000,0.000000,0.000000,0.000000,1.000000,0.000000,0.000000,0.000000
752,12.533314,0,1,6.323298,24.749693,0.000000,9.521770,-7.455059,0.000000,0.000000,0.000000,0.000000,1.000000,0.000000,0.000000,0.000000
753,12.549980,0,1,6.479095,24.619955,0.000000,9.435647,-7.698937,0.000000,0.000000,0.000000,0.000000,1.000000,0.000000,0.000000,0.000000
754,12.566647,0,1,6.633310,24.486134,0.000000,9.343776,-7.944825,0.000000,0.000000,0.000000,0.000000,1.000000,0.000000,0.000000,0.000000
755,12.583313,0,1,6.785843,24.348192,0.000000,9.245914,-8.192616,0.000000,0.000000,0.000000,0.000000,1.000000,0.000000,0.000000,0.000000
756,12.599979,0,1,6.936589,24.206108,0.000000,9.141814,-8.442202,0.000000,0.000000,0.000000,0.000000,1.000000,0.000000,0.000000,0.000000
757,12.616646,0,1,7.085440,24.059847,0.000000,9.031236,-8.693454,0.000000,0.000000,0.000000,0.000000,1.000000,0.000000,0.000000,0.000000
758,12.633312,0,1,7.232284,23.909389,0.000000,8.913930,-8.946244,0.000000,0.000000,0.000000,0.000000,1.000000,0.000000,0.000000,0.000000
759,12.649979,0,1,7.377001,23.754711,0.000000,8.789657,-9.200420,0.000000,0.000000,0.000000,0.000000,1.000000,0.000000,0.000000,0.000000
760,12.666645,0,1,7.519472,23.595797,0.000000,8.658175,-9.455825,0.000000,0.000000,0.000000,0.000000,1.000000,0.000000,0.000000,0.000000
761,12.683311,0,1,7.659572,23.432627,0.000000,8.519248,-9.712283,0.000000,0.000000,0.000000,0.000000,1.000000,0.000000,0.000000,0.000000
762,12.699978,0,1,7.797171,23.265188,0.000000,8.372643,-9.969622,0.000000,0.000000,0.000000,0.000000,1.000000,0.000000,0.000000,0.000000
763,12.716644,0,1,7.932137,23.093472,0.000000,8.218123,-10.227643,0.000000,0.000000,0.000000,0.000000,1.000000,0.000000,0.000000,0.000000
764,12.733311,0,1,8.064337,22.917471,0.000000,8.055463,-10.486145,0.000000,0.000000,0.000000,0.000000,1.000000,0.000000,0.000000,0.000000
765,12.749977,0,1,8.193628,22.737181,0.000000,7.884437,-10.744920,0.000000,0.000000,0.000000,0.000000,1.000000,0.000000,0.000000,0.000000
766,12.766644,0,1,8.319868,22.552605,0.000000,7.704822,-11.003739,0.000000,0.000000,0.000000,0.000000,1.000000,0.000000,0.000000,0.000000
767,12.783310,0,1,8.442905,22.363749,0.000000,7.516407,-11.262376,0.000000,0.000000,0.000000,0.000000,1.000000,0.000000,0.000000,0.000000
768,12.799976,0,1,8.562597,22.170612,0.000000,7.318986,-11.520583,0.000000,0.000000,0.000000,0.000000,1.000000,0.000000,0.000000,0.000000
769,12.816643,0,1,8.678783,21.973215,0.000000,7.112339,-11.778120,0.000000,0.000000,0.000000,0.000000,1.000000,0.000000,0.000000,0.000000
770,12.833309,0,1,8.791307,21.771578,0.000000,6.896271,-12.034719,0.000000,0.000000,0.000000,0.000000,1.000000,0.000000,0.000000,0.000000
771,12.849976,0,1,8.900011,21.565716,0.000000,6.670593,-12.290113,0.000000,0.000000,0.000000,0.000000,1.000000,0.000000,0.000000,0.000000
772,12.866642,0,1,9.004728,21.355659,0.000000,6.435101,-12.544028,0.000000,0.000000,0.000000,0.000000,1.000000,0.000000,0.000000,0.000000
773,12.883308,0,1,9.105292,21.141434,0.000000,6.189613,-12.796176,0.000000,0.000000,0.000000,0.000000,1.000000,0.000000,0.000000,0.000000
774,12.899975,0,1,9.201535,20.923082,0.000000,5.933938,-13.046263,0.000000,0.000000,0.000000,0.000000,1.000000,0.000000,0.000000,0.000000
775,12.916641,0,1,9.293280,20.700644,0.000000,5.667900,-13.293979,0.000000,0.000000,0.000000,0.000000,1.000000,0.000000,0.000000,0.000000
776,12.933308,0,1,9.380353,20.474161,0.000000,5.391321,-13.539010,0.000000,0.000000,0.000000,0.000000,1.000000,0.000000,0.000000,0.000000
777,12.949974,0,1,9.462576,20.243690,0.000000,5.104020,-13.781028,0.000000,0.000000,0.000000,0.000000,1.000000,0.000000,0.000000,0.000000
778,12.966640,0,1,9.539766,20.009287,0.000000,4.805829,-14.019685,0.000000,0.000000,0.000000,0.000000,1.000000,0.000000,0.000000,0.000000
779,12.983307,0,1,9.611736,19.771021,0.000000,4.496572,-14.254625,0.000000,0.000000,0.000000,0.000000,1.000000,0.000000,0.000000,0.000000
780,12.999973,0,1,9.678303,19.528954,0.000000,4.176095,-14.485467,0.000000,0.000000,0.000000,0.000000,1.000000,0.000000,0.000000,0.000000
781,13.016640,0,1,9.739274,19.283163,0.000000,3.844217,-14.711813,0.000000,0.000000,0.000000,0.000000,1.000000,0.000000,0.000000,0.000000
782,13.033306,0,1,9.794457,19.033733,0.000000,3.500776,-14.933239,0.000000,0.000000,0.000000,0.000000,1.000000,0.000000,0.000000,0.000000
783,13.049973,0,1,9.843656,18.780762,0.000000,3.145620,-15.149303,0.000000,0.000000,0.000000,0.000000,1.000000,0.000000,0.000000,0.000000
784,13.066639,0,1,9.886672,18.524343,0.000000,2.778607,-15.359525,0.000000,0.000000,0.000000,0.000000,1.000000,0.000000,0.000000,0.000000
785,13.083305,0,1,9.923304,18.264595,0.000000,2.399590,-15.563394,0.000000,0.000000,0.000000,0.000000,1.000000,0.000000,0.000000,0.000000
786,13.099972,0,1,9.953350,18.001629,0.000000,2.008453,-15.760369,0.000000,0.000000,0.000000,0.000000,1.000000,0.000000,0.000000,0.000000
787,13.116638,0,1,9.976608,17.735571,0.000000,1.605073,-15.949871,0.000000,0.000000,0.000000,0.000000,1.000000,0.000000,0.000000,0.000000
788,13.133305,0,1,9.992867,17.466562,0.000000,1.189351,-16.131271,0.000000,0.000000,0.000000,0.000000,1.000000,0.000000,0.000000,0.000000
789,13.149971,0,1,10.001927,17.194752,0.000000,0.761222,-16.303902,0.000000,0.000000,0.000000,0.000000,1.000000,0.000000,0.000000,0.000000
790,13.166637,0,1,10.003576,16.920303,0.000000,0.320637,-16.467045,0.000000,0.000000,0.000000,0.000000,1.000000,0.000000,0.000000,0.000000
791,13.183304,0,1,9.997607,16.643393,0.000000,-0.132408,-16.619942,0.000000,0.000000,0.000000,0.000000,1.000000,0.000000,0.000000,0.000000
792,13.199970,0,1,9.983814,16.364206,0.000000,-0.597881,-16.761780,0.000000,0.000000,0.000000,0.000000,1.000000,0.000000,0.000000,0.000000
793,13.216637,0,1,9.961993,16.082952,0.000000,-1.075704,-16.891695,0.000000,0.000000,0.000000,0.000000,1.000000,0.000000,0.000000,0.000000
794,13.233303,0,1,9.931939,15.799845,0.000000,-1.565738,-17.008789,0.000000,0.000000,0.000000,0.000000,1.000000,0.000000,0.000000,0.000000
795,13.249969,0,1,9.893456,15.515125,0.000000,-2.067792,-17.112108,0.000000,0.000000,0.000000,0.000000,1.000000,0.000000,0.000000,0.000000
796,13.266636,0,1,9.846348,15.229041,0.000000,-2.581589,-17.200663,0.000000,0.000000,0.000000,0.000000,1.000000,0.000000,0.000000,0.000000
797,13.283302,0,1,9.790431,14.941866,0.000000,-3.106789,-17.273424,0.000000,0.000000,0.000000,0.000000,1.000000,0.000000,0.000000,0.000000
798,13.299969,0,1,9.725522,14.653885,0.000000,-3.642956,-17.329340,0.000000,0.000000,0.000000,0.000000,1.000000,0.000000,0.000000,0.000000
799,13.316635,0,1,9.651453,14.365403,0.000000,-4.189571,-17.367332,0.000000,0.000000,0.000000,0.000000,1.000000,0.000000,0.000000,0.000000
800,13.333302,0,1,9.568062,14.076743,0.000000,-4.746013,-17.386311,0.000000,0.000000,0.000000,0.000000,1.000000,0.000000,0.000000,0.000000
801,13.349968,0,1,9.475206,13.788250,0.000000,-5.311561,-17.385180,0.000000,0.000000,0.000000,0.000000,1.000000,0.000000,0.000000,0.000000
802,13.366634,0,1,9.372750,13.500281,0.000000,-5.885378,-17.362864,0.000000,0.000000,0.000000,0.000000,1.000000,0.000000,0.000000,0.000000
803,13.383301,0,1,9.260580,13.213216,0.000000,-6.466530,-17.318298,0.000000,0.000000,0.000000,0.000000,1.000000,0.000000,0.000000,0.000000
804,13.399967,0,1,9.138598,12.927446,0.000000,-7.053963,-17.250467,0.000000,0.000000,0.000000,0.000000,1.000000,0.000000,0.000000,0.000000
805,13.416634,0,1,9.006726,12.643383,0.000000,-7.646518,-17.158392,0.000000,0.000000,0.000000,0.000000,1.000000,0.000000,0.000000,0.000000
806,13.433300,0,1,8.864911,12.361449,0.000000,-8.242931,-17.041166,0.000000,0.000000,0.000000,0.000000,1.000000,0.000000,0.000000,0.000000
807,13.449966,0,1,8.713119,12.082085,0.000000,-8.841829,-16.897957,0.000000,0.000000,0.000000,0.000000,1.000000,0.000000,0.000000,0.000000
808,13.466633,0,1,8.551341,11.805735,0.000000,-9.441751,-16.728043,0.000000,0.000000,0.000000,0.000000,1.000000,0.000000,0.000000,0.000000
809,13.483299,0,1,8.379599,11.532863,0.000000,-10.041149,-16.530787,0.000000,0.000000,0.000000,0.000000,1.000000,0.000000,0.000000,0.000000
810,13.499966,0,1,8.197941,11.263932,0.000000,-10.638397,-16.305700,0.000000,0.000000,0.000000,0.000000,1.000000,0.000000,0.000000,0.000000
811,13.516632,0,1,8.006437,10.999418,0.000000,-11.231811,-16.052412,0.000000,0.000000,0.000000,0.000000,1.000000,0.000000,0.000000,0.000000
812,13.533298,0,1,7.805198,10.739791,0.000000,-11.819662,-15.770701,0.000000,0.000000,0.000000,0.000000,1.000000,0.000000,0.000000,0.000000
813,13.549965,0,1,7.594353,10.485525,0.000000,-12.400197,-15.460505,0.000000,0.000000,0.000000,0.000000,1.000000,0.000000,0.000000,0.000000
814,13.566631,0,1,7.374065,10.237093,0.000000,-12.971651,-15.121908,0.000000,0.000000,0.000000,0.000000,1.000000,0.000000,0.000000,0.000000
815,13.583298,0,1,7.144527,9.994960,0.000000,-13.532265,-14.755163,0.000000,0.000000,0.000000,0.000000,1.000000,0.000000,0.000000,0.000000
816,13.599964,0,1,6.905958,9.759583,0.000000,-14.080313,-14.360685,0.000000,0.000000,0.000000,0.000000,1.000000,0.000000,0.000000,0.000000
817,13.616631,0,1,6.658609,9.531414,0.000000,-14.614118,-13.939044,0.000000,0.000000,0.000000,0.000000,1.000000,0.000000,0.000000,0.000000
818,13.633297,0,1,6.402754,9.310885,0.000000,-15.132062,-13.490974,0.000000,0.000000,0.000000,0.000000,1.000000,0.000000,0.000000,0.000000
819,13.649963,0,1,6.138689,9.098415,0.000000,-15.632618,-13.017339,0.000000,0.000000,0.000000,0.000000,1.000000,0.000000,0.000000,0.000000
820,13.666630,0,1,5.866740,8.894406,0.000000,-16.114357,-12.519137,0.000000,0.000000,0.000000,0.000000,1.000000,0.000000,0.000000,0.000000
821,13.683296,0,1,5.587249,8.699241,0.000000,-16.575960,-11.997499,0.000000,0.000000,0.000000,0.000000,1.000000,0.000000,0.000000,0.000000
822,13.699963,0,1,5.300578,8.513281,0.000000,-17.016241,-11.453650,0.000000,0.000000,0.000000,0.000000,1.000000,0.000000,0.000000,0.000000
823,13.716629,0,1,5.007108,8.336864,0.000000,-17.434122,-10.888887,0.000000,0.000000,0.000000,0.000000,1.000000,0.000000,0.000000,0.000000
824,13.733295,0,1,4.707232,8.170308,0.000000,-17.828684,-10.304599,0.000000,0.000000,0.000000,0.000000,1.000000,0.000000,0.000000,0.000000
825,13.749962,0,1,4.401357,8.013904,0.000000,-18.199129,-9.702209,0.000000,0.000000,0.000000,0.000000,1.000000,0.000000,0.000000,0.000000
826,13.766628,0,1,4.089898,7.867917,0.000000,-18.544806,-9.083179,0.000000,0.000000,0.000000,0.000000,1.000000,0.000000,0.000000,0.000000
827,13.783295,0,1,3.773278,7.732593,0.000000,-18.865185,-8.448968,0.000000,0.000000,0.000000,0.000000,1.000000,0.000000,0.000000,0.000000
828,13.799961,0,1,3.451930,7.608150,0.000000,-19.159863,-7.801050,0.000000,0.000000,0.000000,0.000000,1.000000,0.000000,0.000000,0.000000
829,13.816628,0,1,3.126286,7.494781,0.000000,-19.428545,-7.140870,0.000000,0.000000,0.000000,0.000000,1.000000,0.000000,0.000000,0.000000
830,13.833294,0,1,2.796782,7.392660,0.000000,-19.671032,-6.469842,0.000000,0.000000,0.000000,0.000000,1.000000,0.000000,0.000000,0.000000
831,13.849960,0,1,2.463858,7.301935,0.000000,-19.887211,-5.789345,0.000000,0.000000,0.000000,0.000000,1.000000,0.000000,0.000000,0.000000
832,13.866627,0,1,2.127953,7.222733,0.000000,-20.077036,-5.100706,0.000000,0.000000,0.000000,0.000000,1.000000,0.000000,0.000000,0.000000
833,13.883293,0,1,1.789503,7.155162,0.000000,-20.240517,-4.405205,0.000000,0.000000,0.000000,0.000000,1.000000,0.000000,0.000000,0.000000
834,13.899960,0,1,1.448946,7.099309,0.000000,-20.377686,-3.704066,0.000000,0.000000,0.000000,0.000000,1.000000,0.000000,0.000000,0.000000
835,13.916626,0,1,1.106720,7.055238,0.000000,-20.488605,-2.998466,0.000000,0.000000,0.000000,0.000000,1.000000,0.000000,0.000000,0.000000
836,13.933292,0,1,0.763258,7.023002,0.000000,-20.573334,-2.289538,0.000000,0.000000,0.000000,0.000000,1.000000,0.000000,0.000000,0.000000
837,13.949959,0,1,0.418997,7.002628,0.000000,-20.631933,-1.578380,0.000000,0.000000,0.000000,0.000000,1.000000,0.000000,0.000000,0.000000
838,13.966625,0,1,0.074370,6.994133,0.000000,-20.664446,-0.866063,0.000000,0.000000,0.000000,0.000000,1.000000,0.000000,0.000000,0.000000
839,13.983292,0,1,-0.270188,6.997511,0.000000,-20.670893,-0.153640,0.000000,0.000000,0.000000,0.000000,1.000000,0.000000,0.000000,0.000000
840,13.999958,0,1,-0.614244,7.012739,0.000000,-20.651281,0.557834,0.000000,0.000000,0.000000,0.000000,1.000000,0.000000,0.000000,0.000000
841,14.016624,0,1,-0.957363,7.039781,0.000000,-20.605593,1.267301,0.000000,0.000000,0.000000,0.000000,1.000000,0.000000,0.000000,0.000000
842,14.033291,0,1,-1.299108,7.078576,0.000000,-20.533800,1.973681,0.000000,0.000000,0.000000,0.000000,1.000000,0.000000,0.000000,0.000000
843,14.049957,0,1,-1.639045,7.129050,0.000000,-20.435873,2.675867,0.000000,0.000000,0.000000,0.000000,1.000000,0.000000,0.000000,0.000000
844,14.066624,0,1,-1.976736,7.191105,0.000000,-20.311783,3.372717,0.000000,0.000000,0.000000,0.000000,1.000000,0.000000,0.000000,0.000000
845,14.083290,0,1,-2.311744,7.264628,0.000000,-20.161533,4.063049,0.000000,0.000000,0.000000,0.000000,1.000000,0.000000,0.000000,0.000000
846,14.099957,0,1,-2.643635,7.349481,0.000000,-19.985149,4.745638,0.000000,0.000000,0.000000,0.000000,1.000000,0.000000,0.000000,0.000000
847,14.116623,0,1,-2.971972,7.445506,0.000000,-19.782715,5.419218,0.000000,0.000000,0.000000,0.000000,1.000000,0.000000,0.000000,0.000000
848,14.133289,0,1,-3.296326,7.552523,0.000000,-19.554382,6.082486,0.000000,0.000000,0.000000,0.000000,1.000000,0.000000,0.000000,0.000000
849,14.149956,0,1,-3.616269,7.670331,0.000000,-19.300381,6.734110,0.000000,0.000000,0.000000,0.000000,1.000000,0.000000,0.000000,0.000000
850,14.166622,0,1,-3.931379,7.798701,0.000000,-19.021029,7.372731,0.000000,0.000000,0.000000,0.000000,1.000000,0.000000,0.000000,0.000000
851,14.183289,0,1,-4.241244,7.937388,0.000000,-18.716763,7.996989,0.000000,0.000000,0.000000,0.000000,1.000000,0.000000,0.000000,0.000000
852,14.199955,0,1,-4.545459,8.086120,0.000000,-18.388117,8.605521,0.000000,0.000000,0.000000,0.000000,1.000000,0.000000,0.000000,0.000000
853,14.216621,0,1,-4.843634,8.244601,0.000000,-18.035753,9.196980,0.000000,0.000000,0.000000,0.000000,1.000000,0.000000,0.000000,0.000000
854,14.233288,0,1,-5.135390,8.412519,0.000000,-17.660454,9.770061,0.000000,0.000000,0.000000,0.000000,1.000000,0.000000,0.000000,0.000000
855,14.249954,0,1,-5.420365,8.589538,0.000000,-17.263128,10.323503,0.000000,0.000000,0.000000,0.000000,1.000000,0.000000,0.000000,0.000000
856,14.266621,0,1,-5.698216,8.775298,0.000000,-16.844795,10.856114,0.000000,0.000000,0.000000,0.000000,1.000000,0.000000,0.000000,0.000000
857,14.283287,0,1,-5.968616,8.969430,0.000000,-16.406601,11.366777,0.000000,0.000000,0.000000,0.000000,1.000000,0.000000,0.000000,0.000000
858,14.299953,0,1,-6.231267,9.171543,0.000000,-15.949785,11.854470,0.000000,0.000000,0.000000,0.000000,1.000000,0.000000,0.000000,0.000000
859,14.316620,0,1,-6.485887,9.381232,0.000000,-15.475692,12.318285,0.000000,0.000000,0.000000,0.000000,1.000000,0.000000,0.000000,0.000000
860,14.333286,0,1,-6.732220,9.598078,0.000000,-14.985748,12.757427,0.000000,0.000000,0.000000,0.000000,1.000000,0.000000,0.000000,0.000000
861,14.349953,0,1,-6.970036,9.821656,0.000000,-14.481463,13.171227,0.000000,0.000000,0.000000,0.000000,1.000000,0.000000,0.000000,0.000000
862,14.366619,0,1,-7.199133,10.051527,0.000000,-13.964382,13.559152,0.000000,0.000000,0.000000,0.000000,1.000000,0.000000,0.000000,0.000000
863,14.383286,0,1,-7.419334,10.287255,0.000000,-13.436106,13.920802,0.000000,0.000000,0.000000,0.000000,1.000000,0.000000,0.000000,0.000000
864,14.399952,0,1,-7.630489,10.528390,0.000000,-12.898244,14.255923,0.000000,0.000000,0.000000,0.000000,1.000000,0.000000,0.000000,0.000000
865,14.416618,0,1,-7.832479,10.774489,0.000000,-12.352429,14.564394,0.000000,0.000000,0.000000,0.000000,1.000000,0.000000,0.000000,0.000000
866,14.433285,0,1,-8.025205,11.025108,0.000000,-11.800272,14.846231,0.000000,0.000000,0.000000,0.000000,1.000000,0.000000,0.000000,0.000000
867,14.449951,0,1,-8.208600,11.279804,0.000000,-11.243366,15.101583,0.000000,0.000000,0.000000,0.000000,1.000000,0.000000,0.000000,0.000000
868,14.466618,0,1,-8.382622,11.538144,0.000000,-10.683270,15.330714,0.000000,0.000000,0.000000,0.000000,1.000000,0.000000,0.000000,0.000000
869,14.483284,0,1,-8.547253,11.799697,0.000000,-10.121478,15.534011,0.000000,0.000000,0.000000,0.000000,1.000000,0.000000,0.000000,0.000000
870,14.499950,0,1,-8.702495,12.064042,0.000000,-9.559440,15.711959,0.000000,0.000000,0.000000,0.000000,1.000000,0.000000,0.000000,0.000000
871,14.516617,0,1,-8.848378,12.330770,0.000000,-8.998532,15.865144,0.000000,0.000000,0.000000,0.000000,1.000000,0.000000,0.000000,0.000000
872,14.533283,0,1,-8.984952,12.599484,0.000000,-8.440047,15.994230,0.000000,0.000000,0.000000,0.000000,1.000000,0.000000,0.000000,0.000000
873,14.549950,0,1,-9.112286,12.869801,0.000000,-7.885198,16.099960,0.000000,0.000000,0.000000,0.000000,1.000000,0.000000,0.000000,0.000000
874,14.566616,0,1,-9.230463,13.141346,0.000000,-7.335104,16.183132,0.000000,0.000000,0.000000,0.000000,1.000000,0.000000,0.000000,0.000000
875,14.583282,0,1,-9.339590,13.413765,0.000000,-6.790803,16.244591,0.000000,0.000000,0.000000,0.000000,1.000000,0.000000,0.000000,0.000000
876,14.599949,0,1,-9.439784,13.686713,0.000000,-6.253234,16.285225,0.000000,0.000000,0.000000,0.000000,1.000000,0.000000,0.000000,0.000000
877,14.616615,0,1,-9.531178,13.959867,0.000000,-5.723250,16.305937,0.000000,0.000000,0.000000,0.000000,1.000000,0.000000,0.000000,0.000000
878,14.633282,0,1,-9.613917,14.232912,0.000000,-5.201608,16.307657,0.000000,0.000000,0.000000,0.000000,1.000000,0.000000,0.000000,0.000000
879,14.649948,0,1,-9.688154,14.505556,0.000000,-4.688985,16.291321,0.000000,0.000000,0.000000,0.000000,1.000000,0.000000,0.000000,0.000000
880,14.666615,0,1,-9.754055,14.777522,0.000000,-4.185970,16.257864,0.000000,0.000000,0.000000,0.000000,1.000000,0.000000,0.000000,0.000000
881,14.683281,0,1,-9.811790,15.048541,0.000000,-3.693069,16.208212,0.000000,0.000000,0.000000,0.000000,1.000000,0.000000,0.000000,0.000000
882,14.699947,0,1,-9.861541,15.318365,0.000000,-3.210723,16.143278,0.000000,0.000000,0.000000,0.000000,1.000000,0.000000,0.000000,0.000000
883,14.716614,0,1,-9.903490,15.586761,0.000000,-2.739300,16.063959,0.000000,0.000000,0.000000,0.000000,1.000000,0.000000,0.000000,0.000000
884,14.733280,0,1,-9.937826,15.853505,0.000000,-2.279096,15.971125,0.000000,0.000000,0.000000,0.000000,1.000000,0.000000,0.000000,0.000000
885,14.749947,0,1,-9.964745,16.118397,0.000000,-1.830365,15.865621,0.000000,0.000000,0.000000,0.000000,1.000000,0.000000,0.000000,0.000000
886,14.766613,0,1,-9.984439,16.381239,0.000000,-1.393284,15.748261,0.000000,0.000000,0.000000,0.000000,1.000000,0.000000,0.000000,0.000000
887,14.783279,0,1,-9.997108,16.641853,0.000000,-0.968001,15.619832,0.000000,0.000000,0.000000,0.000000,1.000000,0.000000,0.000000,0.000000
888,14.799946,0,1,-10.002953,16.900072,0.000000,-0.554610,15.481087,0.000000,0.000000,0.000000,0.000000,1.000000,0.000000,0.000000,0.000000
889,14.816612,0,1,-10.002170,17.155746,0.000000,-0.153172,15.332747,0.000000,0.000000,0.000000,0.000000,1.000000,0.000000,0.000000,0.000000
890,14.833279,0,1,-9.994960,17.408722,0.000000,0.236302,15.175495,0.000000,0.000000,0.000000,0.000000,1.000000,0.000000,0.000000,0.000000
891,14.849945,0,1,-9.981525,17.658871,0.000000,0.613801,15.009992,0.000000,0.000000,0.000000,0.000000,1.000000,0.000000,0.000000,0.000000
892,14.866611,0,1,-9.962062,17.906065,0.000000,0.979367,14.836861,0.000000,0.000000,0.000000,0.000000,1.000000,0.000000,0.000000,0.000000
893,14.883278,0,1,-9.936769,18.150200,0.000000,1.333050,14.656701,0.000000,0.000000,0.000000,0.000000,1.000000,0.000000,0.000000,0.000000
894,14.899944,0,1,-9.905844,18.391161,0.000000,1.674939,14.470076,0.000000,0.000000,0.000000,0.000000,1.000000,0.000000,0.000000,0.000000
895,14.916611,0,1,-9.869482,18.628855,0.000000,2.005113,14.277528,0.000000,0.000000,0.000000,0.000000,1.000000,0.000000,0.000000,0.000000
896,14.933277,0,1,-9.827875,18.863201,0.000000,2.323687,14.079575,0.000000,0.000000,0.000000,0.000000,1.000000,0.000000,0.000000,0.000000
897,14.949944,0,1,-9.781212,19.094116,0.000000,2.630792,13.876705,0.000000,0.000000,0.000000,0.000000,1.000000,0.000000,0.000000,0.000000
898,14.966610,0,1,-9.729686,19.321529,0.000000,2.926558,13.669387,0.000000,0.000000,0.000000,0.000000,1.000000,0.000000,0.000000,0.000000
899,14.983276,0,1,-9.673478,19.545374,0.000000,3.211132,13.458068,0.000000,0.000000,0.000000,0.000000,1.000000,0.000000,0.000000,0.000000
900,14.999943,0,1,-9.612777,19.765594,0.000000,3.484667,13.243180,0.000000,0.000000,0.000000,0.000000,1.000000,0.000000,0.000000,0.000000
901,15.016609,0,1,-9.547761,19.982141,0.000000,3.747329,13.025134,0.000000,0.000000,0.000000,0.000000,1.000000,0.000000,0.000000,0.000000
902,15.033276,0,1,-9.478607,20.194971,0.000000,3.999294,12.804321,0.000000,0.000000,0.000000,0.000000,1.000000,0.000000,0.000000,0.000000
903,15.049942,0,1,-9.405491,20.404043,0.000000,4.240739,12.581117,0.000000,0.000000,0.000000,0.000000,1.000000,0.000000,0.000000,0.000000
904,15.066608,0,1,-9.328582,20.609331,0.000000,4.471851,12.355883,0.000000,0.000000,0.000000,0.000000,1.000000,0.000000,0.000000,0.000000
905,15.083275,0,1,-9.248054,20.810801,0.000000,4.692828,12.128961,0.000000,0.000000,0.000000,0.000000,1.000000,0.000000,0.000000,0.000000
906,15.099941,0,1,-9.164066,21.008442,0.000000,4.903860,11.900689,0.000000,0.000000,0.000000,0.000000,1.000000,0.000000,0.000000,0.000000
907,15.116608,0,1,-9.076782,21.202230,0.000000,5.105162,11.671378,0.000000,0.000000,0.000000,0.000000,1.000000,0.000000,0.000000,0.000000
908,15.133274,0,1,-8.986362,21.392159,0.000000,5.296935,11.441335,0.000000,0.000000,0.000000,0.000000,1.000000,0.000000,0.000000,0.000000
909,15.149940,0,1,-8.892958,21.578224,0.000000,5.479394,11.210848,0.000000,0.000000,0.000000,0.000000,1.000000,0.000000,0.000000,0.000000
910,15.166607,0,1,-8.796721,21.760420,0.000000,5.652765,10.980196,0.000000,0.000000,0.000000,0.000000,1.000000,0.000000,0.000000,0.000000
911,15.183273,0,1,-8.697798,21.938757,0.000000,5.817263,10.749647,0.000000,0.000000,0.000000,0.000000,1.000000,0.000000,0.000000,0.000000
912,15.199940,0,1,-8.596330,22.113239,0.000000,5.973120,10.519446,0.000000,0.000000,0.000000,0.000000,1.000000,0.000000,0.000000,0.000000
913,15.216606,0,1,-8.492460,22.283876,0.000000,6.120563,10.289833,0.000000,0.000000,0.000000,0.000000,1.000000,0.000000,0.000000,0.000000
914,15.233273,0,1,-8.386325,22.450687,0.000000,6.259822,10.061040,0.000000,0.000000,0.000000,0.000000,1.000000,0.000000,0.000000,0.000000
915,15.249939,0,1,-8.278048,22.613693,0.000000,6.391135,9.833279,0.000000,0.000000,0.000000,0.000000,1.000000,0.000000,0.000000,0.000000
916,15.266605,0,1,-8.167763,22.772907,0.000000,6.514741,9.606748,0.000000,0.000000,0.000000,0.000000,1.000000,0.000000,0.000000,0.000000
917,15.283272,0,1,-8.055593,22.928356,0.000000,6.630869,9.381644,0.000000,0.000000,0.000000,0.000000,1.000000,0.000000,0.000000,0.000000
918,15.299938,0,1,-7.941658,23.080070,0.000000,6.739759,9.158147,0.000000,0.000000,0.000000,0.000000,1.000000,0.000000,0.000000,0.000000
919,15.316605,0,1,-7.826074,23.228085,0.000000,6.841654,8.936421,0.000000,0.000000,0.000000,0.000000,1.000000,0.000000,0.000000,0.000000
920,15.333271,0,1,-7.708952,23.372423,0.000000,6.936794,8.716621,0.000000,0.000000,0.000000,0.000000,1.000000,0.000000,0.000000,0.000000
921,15.349937,0,1,-7.590399,23.513126,0.000000,7.025410,8.498893,0.000000,0.000000,0.000000,0.000000,1.000000,0.000000,0.000000,0.000000
922,15.366604,0,1,-7.470520,23.650234,0.000000,7.107744,8.283367,0.000000,0.000000,0.000000,0.000000,1.000000,0.000000,0.000000,0.000000
923,15.383270,0,1,-7.349411,23.783787,0.000000,7.184037,8.070165,0.000000,0.000000,0.000000,0.000000,1.000000,0.000000,0.000000,0.000000
924,15.399937,0,1,-7.227169,23.913820,0.000000,7.254521,7.859394,0.000000,0.000000,0.000000,0.000000,1.000000,0.000000,0.000000,0.000000
925,15.416603,0,1,-7.103890,24.040384,0.000000,7.319427,7.651158,0.000000,0.000000,0.000000,0.000000,1.000000,0.000000,0.000000,0.000000
926,15.433270,0,1,-6.979655,24.163519,0.000000,7.378987,7.445546,0.000000,0.000000,0.000000,0.000000,1.000000,0.000000,0.000000,0.000000
927,15.449936,0,1,-6.854555,24.283272,0.000000,7.433430,7.242638,0.000000,0.000000,0.000000,0.000000,1.000000,0.000000,0.000000,0.000000
928,15.466602,0,1,-6.728667,24.399689,0.000000,7.482977,7.042504,0.000000,0.000000,0.000000,0.000000,1.000000,0.000000,0.000000,0.000000
929,15.483269,0,1,-6.602069,24.512819,0.000000,7.527850,6.845205,0.000000,0.000000,0.000000,0.000000,1.000000,0.000000,0.000000,0.000000
930,15.499935,0,1,-6.474836,24.622711,0.000000,7.568264,6.650792,0.000000,0.000000,0.000000,0.000000,1.000000,0.000000,0.000000,0.000000
931,15.516602,0,1,-6.347032,24.729412,0.000000,7.604434,6.459311,0.000000,0.000000,0.000000,0.000000,1.000000,0.000000,0.000000,0.000000
932,15.533268,0,1,-6.218729,24.832975,0.000000,7.636568,6.270792,0.000000,0.000000,0.000000,0.000000,1.000000,0.000000,0.000000,0.000000
933,15.549934,0,1,-6.089985,24.933451,0.000000,7.664868,6.085265,0.000000,0.000000,0.000000,0.000000,1.000000,0.000000,0.000000,0.000000
934,15.566601,0,1,-5.960862,25.030888,0.000000,7.689537,5.902748,0.000000,0.000000,0.000000,0.000000,1.000000,0.000000,0.000000,0.000000
935,15.583267,0,1,-5.831415,25.125338,0.000000,7.710764,5.723253,0.000000,0.000000,0.000000,0.000000,1.000000,0.000000,0.000000,0.000000
936,15.599934,0,1,-5.701699,25.216852,0.000000,7.728744,5.546787,0.000000,0.000000,0.000000,0.000000,1.000000,0.000000,0.000000,0.000000
937,15.616600,0,1,-5.571766,25.305479,0.000000,7.743658,5.373348,0.000000,0.000000,0.000000,0.000000,1.000000,0.000000,0.000000,0.000000
938,15.633266,0,1,-5.441656,25.391273,0.000000,7.755684,5.202934,0.000000,0.000000,0.000000,0.000000,1.000000,0.000000,0.000000,0.000000
939,15.649933,0,1,-5.311421,25.474281,0.000000,7.764999,5.035523,0.000000,0.000000,0.000000,0.000000,1.000000,0.000000,0.000000,0.000000
940,15.666599,0,1,-5.181097,25.554556,0.000000,7.771768,4.871108,0.000000,0.000000,0.000000,0.000000,1.000000,0.000000,0.000000,0.000000
941,15.683266,0,1,-5.050725,25.632147,0.000000,7.776157,4.709657,0.000000,0.000000,0.000000,0.000000,1.000000,0.000000,0.000000,0.000000
942,15.699932,0,1,-4.920343,25.707100,0.000000,7.778322,4.551147,0.000000,0.000000,0.000000,0.000000,1.000000,0.000000,0.000000,0.000000
943,15.716599,0,1,-4.789982,25.779467,0.000000,7.778415,4.395547,0.000000,0.000000,0.000000,0.000000,1.000000,0.000000,0.000000,0.000000
944,15.733265,0,1,-4.659676,25.849293,0.000000,7.776584,4.242820,0.000000,0.000000,0.000000,0.000000,1.000000,0.000000,0.000000,0.000000
945,15.749931,0,1,-4.529449,25.916630,0.000000,7.772971,4.092929,0.000000,0.000000,0.000000,0.000000,1.000000,0.000000,0.000000,0.000000
946,15.766598,0,1,-4.399330,25.981522,0.000000,7.767716,3.945827,0.000000,0.000000,0.000000,0.000000,1.000000,0.000000,0.000000,0.000000
947,15.783264,0,1,-4.269322,26.043985,0.000000,7.762176,3.799657,0.000000,0.000000,0.000000,0.000000,1.000000,0.000000,0.000000,0.000000
948,15.799931,0,1,-4.139440,26.104046,0.000000,7.756939,3.653575,0.000000,0.000000,0.000000,0.000000,1.000000,0.000000,0.000000,0.000000
949,15.816597,0,1,-4.009706,26.161760,0.000000,7.752004,3.507581,0.000000,0.000000,0.000000,0.000000,1.000000,0.000000,0.000000,0.000000
950,15.833263,0,1,-3.880136,26.217161,0.000000,7.747372,3.361676,0.000000,0.000000,0.000000,0.000000,1.000000,0.000000,0.000000,0.000000
951,15.849930,0,1,-3.750749,26.270298,0.000000,7.743042,3.215864,0.000000,0.000000,0.000000,0.000000,1.000000,0.000000,0.000000,0.000000
952,15.866596,0,1,-3.621560,26.321211,0.000000,7.739014,3.070147,0.000000,0.000000,0.000000,0.000000,1.000000,0.000000,0.000000,0.000000
953,15.883263,0,1,-3.492579,26.369949,0.000000,7.735291,2.924529,0.000000,0.000000,0.000000,0.000000,1.000000,0.000000,0.000000,0.000000
954,15.899929,0,1,-3.363743,26.416416,0.000000,7.731872,2.779013,0.000000,0.000000,0.000000,0.000000,1.000000,0.000000,0.000000,0.000000
955,15.916595,0,1,-3.234956,26.460461,0.000000,7.728764,2.633579,0.000000,0.000000,0.000000,0.000000,1.000000,0.000000,0.000000,0.000000
956,15.933262,0,1,-3.106213,26.502081,0.000000,7.725974,2.488190,0.000000,0.000000,0.000000,0.000000,1.000000,0.000000,0.000000,0.000000
957,15.949928,0,1,-2.977509,26.541281,0.000000,7.723500,2.342842,0.000000,0.000000,0.000000,0.000000,1.000000,0.000000,0.000000,0.000000
958,15.966595,0,1,-2.848837,26.578056,0.000000,7.721345,2.197528,0.000000,0.000000,0.000000,0.000000,1.000000,0.000000,0.000000,0.000000
959,15.983261,0,1,-2.720194,26.612413,0.000000,7.719509,2.052244,0.000000,0.000000,0.000000,0.000000,1.000000,0.000000,0.000000,0.000000
960,15.999928,0,1,-2.591573,26.644348,0.000000,7.717992,1.906984,0.000000,0.000000,0.000000,0.000000,1.000000,0.000000,0.000000,0.000000
961,16.016594,0,1,-2.462970,26.673862,0.000000,7.716794,1.761741,0.000000,0.000000,0.000000,0.000000,1.000000,0.000000,0.000000,0.000000
962,16.033260,0,1,-2.334379,26.700956,0.000000,7.715915,1.616511,0.000000,0.000000,0.000000,0.000000,1.000000,0.000000,0.000000,0.000000
963,16.049927,0,1,-2.205794,26.725630,0.000000,7.715354,1.471289,0.000000,0.000000,0.000000,0.000000,1.000000,0.000000,0.000000,0.000000
964,16.066593,0,1,-2.077211,26.747883,0.000000,7.715114,1.326068,0.000000,0.000000,0.000000,0.000000,1.000000,0.000000,0.000000,0.000000
965,16.083260,0,1,-1.948624,26.767715,0.000000,7.715192,1.180842,0.000000,0.000000,0.000000,0.000000,1.000000,0.000000,0.000000,0.000000
966,16.099926,0,1,-1.820027,26.785128,0.000000,7.715589,1.035607,0.000000,0.000000,0.000000,0.000000,1.000000,0.000000,0.000000,0.000000
967,16.116592,0,1,-1.691417,26.800119,0.000000,7.716305,0.890357,0.000000,0.000000,0.000000,0.000000,1.000000,0.000000,0.000000,0.000000
968,16.133259,0,1,-1.562786,26.812689,0.000000,7.717338,0.745086,0.000000,0.000000,0.000000,0.000000,1.000000,0.000000,0.000000,0.000000
969,16.149925,0,1,-1.434129,26.822838,0.000000,7.718688,0.599788,0.000000,0.000000,0.000000,0.000000,1.000000,0.000000,0.000000,0.000000
970,16.166592,0,1,-1.305443,26.830563,0.000000,7.720355,0.454459,0.000000,0.000000,0.000000,0.000000,1.000000,0.000000,0.000000,0.000000
971,16.183258,0,1,-1.176720,26.835865,0.000000,7.722338,0.309092,0.000000,0.000000,0.000000,0.000000,1.000000,0.000000,0.000000,0.000000
972,16.199924,0,1,-1.047956,26.838743,0.000000,7.724637,0.163682,0.000000,0.000000,0.000000,0.000000,1.000000,0.000000,0.000000,0.000000
973,16.216591,0,1,-0.919146,26.839197,0.000000,7.727249,0.018224,0.000000,0.000000,0.000000,0.000000,1.000000,0.000000,0.000000,0.000000
974,16.233257,0,1,-0.790286,26.837227,0.000000,7.730174,-0.127288,0.000000,0.000000,0.000000,0.000000,1.000000,0.000000,0.000000,0.000000
975,16.249924,0,1,-0.661368,26.832829,0.000000,7.733412,-0.272859,0.000000,0.000000,0.000000,0.000000,1.000000,0.000000,0.000000,0.000000
976,16.266590,0,1,-0.532389,26.826002,0.000000,7.736960,-0.418494,0.000000,0.000000,0.000000,0.000000,1.000000,0.000000,0.000000,0.000000
977,16.283257,0,1,-0.403344,26.816748,0.000000,7.740819,-0.564200,0.000000,0.000000,0.000000,0.000000,1.000000,0.000000,0.000000,0.000000
978,16.299923,0,1,-0.274226,26.805061,0.000000,7.744985,-0.709980,0.000000,0.000000,0.000000,0.000000,1.000000,0.000000,0.000000,0.000000
979,16.316589,0,1,-0.145030,26.790945,0.000000,7.749457,-0.855841,0.000000,0.000000,0.000000,0.000000,1.000000,0.000000,0.000000,0.000000
980,16.333256,0,1,-0.015753,26.774395,0.000000,7.754234,-1.001788,0.000000,0.000000,0.000000,0.000000,1.000000,0.000000,0.000000,0.000000
981,16.349922,0,1,0.113612,26.755409,0.000000,7.759315,-1.147826,0.000000,0.000000,0.000000,0.000000,1.000000,0.000000,0.000000,0.000000
982,16.366589,0,1,0.243069,26.733988,0.000000,7.764697,-1.293961,0.000000,0.000000,0.000000,0.000000,1.000000,0.000000,0.000000,0.000000
983,16.383255,0,1,0.372622,26.710129,0.000000,7.770379,-1.440197,0.000000,0.000000,0.000000,0.000000,1.000000,0.000000,0.000000,0.000000
984,16.399921,0,1,0.502277,26.683830,0.000000,7.776359,-1.586539,0.000000,0.000000,0.000000,0.000000,1.000000,0.000000,0.000000,0.000000
985,16.416588,0,1,0.632041,26.655088,0.000000,7.782634,-1.732993,0.000000,0.000000,0.000000,0.000000,1.000000,0.000000,0.000000,0.000000
986,16.433254,0,1,0.761915,26.623903,0.000000,7.789203,-1.879564,0.000000,0.000000,0.000000,0.000000,1.000000,0.000000,0.000000,0.000000
987,16.449921,0,1,0.891907,26.590273,0.000000,7.796063,-2.026258,0.000000,0.000000,0.000000,0.000000,1.000000,0.000000,0.000000,0.000000
988,16.466587,0,1,1.022020,26.554193,0.000000,7.803213,-2.173077,0.000000,0.000000,0.000000,0.000000,1.000000,0.000000,0.000000,0.000000
989,16.483253,0,1,1.152260,26.515663,0.000000,7.810649,-2.320029,0.000000,0.000000,0.000000,0.000000,1.000000,0.000000,0.000000,0.000000
990,16.499920,0,1,1.282630,26.474682,0.000000,7.818369,-2.467118,0.000000,0.000000,0.000000,0.000000,1.000000,0.000000,0.000000,0.000000
991,16.516586,0,1,1.413136,26.431244,0.000000,7.826372,-2.614348,0.000000,0.000000,0.000000,0.000000,1.000000,0.000000,0.000000,0.000000
992,16.533253,0,1,1.543784,26.385349,0.000000,7.834653,-2.761724,0.000000,0.000000,0.000000,0.000000,1.000000,0.000000,0.000000,0.000000
993,16.549919,0,1,1.674576,26.336996,0.000000,7.843210,-2.909253,0.000000,0.000000,0.000000,0.000000,1.000000,0.000000,0.000000,0.000000
994,16.566586,0,1,1.805517,26.286179,0.000000,7.852041,-3.056937,0.000000,0.000000,0.000000,0.000000,1.000000,0.000000,0.000000,0.000000
995,16.583252,0,1,1.936612,26.232895,0.000000,7.861142,-3.204781,0.000000,0.000000,0.000000,0.000000,1.000000,0.000000,0.000000,0.000000
996,16.599918,0,1,2.067866,26.177145,0.000000,7.870511,-3.352791,0.000000,0.000000,0.000000,0.000000,1.000000,0.000000,0.000000,0.000000
997,16.616585,0,1,2.199283,26.118921,0.000000,7.880145,-3.500970,0.000000,0.000000,0.000000,0.000000,1.000000,0.000000,0.000000,0.000000
998,16.633251,0,1,2.330868,26.058226,0.000000,7.890039,-3.649325,0.000000,0.000000,0.000000,0.000000,1.000000,0.000000,0.000000,0.000000
999,16.649918,0,1,2.462624,25.995052,0.000000,7.900193,-3.797858,0.000000,0.000000,0.000000,0.000000,1.000000,0.000000,0.000000,0.000000
1000,16.666584,0,1,2.594555,25.929398,0.000000,7.910601,-3.946573,0.000000,0.000000,0.000000,0.000000,1.000000,0.000000,0.000000,0.000000
1001,16.683250,0,1,2.726665,25.861261,0.000000,7.921261,-4.095476,0.000000,0.000000,0.000000,0.000000,1.000000,0.000000,0.000000,0.000000
1002,16.699917,0,1,2.858960,25.790638,0.000000,7.932170,-4.244570,0.000000,0.000000,0.000000,0.000000,1.000000,0.000000,0.000000,0.000000
1003,16.716583,0,1,2.991441,25.717525,0.000000,7.943325,-4.393859,0.000000,0.000000,0.000000,0.000000,1.000000,0.000000,0.000000,0.000000
1004,16.733250,0,1,3.124116,25.641920,0.000000,7.954721,-4.543347,0.000000,0.000000,0.000000,0.000000,1.000000,0.000000,0.000000,0.000000
1005,16.749916,0,1,3.256985,25.563818,0.000000,7.966354,-4.693040,0.000000,0.000000,0.000000,0.000000,1.000000,0.000000,0.000000,0.000000
1006,16.766582,0,1,3.390055,25.483215,0.000000,7.978222,-4.842941,0.000000,0.000000,0.000000,0.000000,1.000000,0.000000,0.000000,0.000000
1007,16.783249,0,1,3.523329,25.400108,0.000000,7.990320,-4.993054,0.000000,0.000000,0.000000,0.000000,1.000000,0.000000,0.000000,0.000000
1008,16.799915,0,1,3.656811,25.314493,0.000000,8.002644,-5.143384,0.000000,0.000000,0.000000,0.000000,1.000000,0.000000,0.000000,0.000000
1009,16.816582,0,1,3.790504,25.226368,0.000000,8.015189,-5.293932,0.000000,0.000000,0.000000,0.000000,1.000000,0.000000,0.000000,0.000000
1010,16.833248,0,1,3.924411,25.135727,0.000000,8.027955,-5.444705,0.000000,0.000000,0.000000,0.000000,1.000000,0.000000,0.000000,0.000000
1011,16.849915,0,1,4.058534,25.042570,0.000000,8.040935,-5.595704,0.000000,0.000000,0.000000,0.000000,1.000000,0.000000,0.000000,0.000000
1012,16.866581,0,1,4.192878,24.946892,0.000000,8.054127,-5.746931,0.000000,0.000000,0.000000,0.000000,1.000000,0.000000,0.000000,0.000000
1013,16.883247,0,1,4.327449,24.848684,0.000000,8.067526,-5.898392,0.000000,0.000000,0.000000,0.000000,1.000000,0.000000,0.000000,0.000000
1014,16.899914,0,1,4.462249,24.747946,0.000000,8.081125,-6.050093,0.000000,0.000000,0.000000,0.000000,1.000000,0.000000,0.000000,0.000000
1015,16.916580,0,1,4.597279,24.644676,0.000000,8.094922,-6.202034,0.000000,0.000000,0.000000,0.000000,1.000000,0.000000,0.000000,0.000000
1016,16.933247,0,1,4.732543,24.538868,0.000000,8.108916,-6.354218,0.000000,0.000000,0.000000,0.000000,1.000000,0.000000,0.000000,0.000000
1017,16.949913,0,1,4.868047,24.430515,0.000000,8.123099,-6.506649,0.000000,0.000000,0.000000,0.000000,1.000000,0.000000,0.000000,0.000000
1018,16.966579,0,1,5.003791,24.319616,0.000000,8.137466,-6.659332,0.000000,0.000000,0.000000,0.000000,1.000000,0.000000,0.000000,0.000000
1019,16.983246,0,1,5.139780,24.206165,0.000000,8.152015,-6.812268,0.000000,0.000000,0.000000,0.000000,1.000000,0.000000,0.000000,0.000000
1020,16.999912,0,1,5.276016,24.090158,0.000000,8.166739,-6.965461,0.000000,0.000000,0.000000,0.000000,1.000000,0.000000,0.000000,0.000000
1021,17.016579,0,1,5.412502,23.971592,0.000000,8.181633,-7.118914,0.000000,0.000000,0.000000,0.000000,1.000000,0.000000,0.000000,0.000000
1022,17.033245,0,1,5.549240,23.850462,0.000000,8.196694,-7.272629,0.000000,0.000000,0.000000,0.000000,1.000000,0.000000,0.000000,0.000000
1023,17.049911,0,1,5.686233,23.726763,0.000000,8.211918,-7.426609,0.000000,0.000000,0.000000,0.000000,1.000000,0.000000,0.000000,0.000000
1024,17.066578,0,1,5.823484,23.600491,0.000000,8.227300,-7.580855,0.000000,0.000000,0.000000,0.000000,1.000000,0.000000,0.000000,0.000000
1025,17.083244,0,1,5.960996,23.471640,0.000000,8.242835,-7.735372,0.000000,0.000000,0.000000,0.000000,1.000000,0.000000,0.000000,0.000000
1026,17.099911,0,1,6.098769,23.340208,0.000000,8.258517,-7.890162,0.000000,0.000000,0.000000,0.000000,1.000000,0.000000,0.000000,0.000000
1027,17.116577,0,1,6.236807,23.206190,0.000000,8.274344,-8.045227,0.000000,0.000000,0.000000,0.000000,1.000000,0.000000,0.000000,0.000000
1028,17.133244,0,1,6.375112,23.069582,0.000000,8.290310,-8.200569,0.000000,0.000000,0.000000,0.000000,1.000000,0.000000,0.000000,0.000000
1029,17.149910,0,1,6.513688,22.930378,0.000000,8.306411,-8.356190,0.000000,0.000000,0.000000,0.000000,1.000000,0.000000,0.000000,0.000000
1030,17.166576,0,1,6.652534,22.788570,0.000000,8.322640,-8.512093,0.000000,0.000000,0.000000,0.000000,1.000000,0.000000,0.000000,0.000000
1031,17.183243,0,1,6.791655,22.644159,0.000000,8.338992,-8.668280,0.000000,0.000000,0.000000,0.000000,1.000000,0.000000,0.000000,0.000000
1032,17.199909,0,1,6.931050,22.497139,0.000000,8.355464,-8.824751,0.000000,0.000000,0.000000,0.000000,1.000000,0.000000,0.000000,0.000000
1033,17.216576,0,1,7.070723,22.347504,0.000000,8.372051,-8.981510,0.000000,0.000000,0.000000,0.000000,1.000000,0.000000,0.000000,0.000000
1034,17.233242,0,1,7.210674,22.195248,0.000000,8.388747,-9.138558,0.000000,0.000000,0.000000,0.000000,1.000000,0.000000,0.000000,0.000000
1035,17.249908,0,1,7.350907,22.040367,0.000000,8.405546,-9.295898,0.000000,0.000000,0.000000,0.000000,1.000000,0.000000,0.000000,0.000000
1036,17.266575,0,1,7.491421,21.882858,0.000000,8.422445,-9.453531,0.000000,0.000000,0.000000,0.000000,1.000000,0.000000,0.000000,0.000000
1037,17.283241,0,1,7.632220,21.722715,0.000000,8.439438,-9.611458,0.000000,0.000000,0.000000,0.000000,1.000000,0.000000,0.000000,0.000000
1038,17.299908,0,1,7.773304,21.559931,0.000000,8.456520,-9.769680,0.000000,0.000000,0.000000,0.000000,1.000000,0.000000,0.000000,0.000000
1039,17.316574,0,1,7.914674,21.394503,0.000000,8.473684,-9.928199,0.000000,0.000000,0.000000,0.000000,1.000000,0.000000,0.000000,0.000000
1040,17.333241,0,1,8.056334,21.226423,0.000000,8.490927,-10.087016,0.000000,0.000000,0.000000,0.000000,1.000000,0.000000,0.000000,0.000000
1041,17.349907,0,1,8.198281,21.055691,0.000000,8.508240,-10.246134,0.000000,0.000000,0.000000,0.000000,1.000000,0.000000,0.000000,0.000000
1042,17.366573,0,1,8.340520,20.882299,0.000000,8.525622,-10.405552,0.000000,0.000000,0.000000,0.000000,1.000000,0.000000,0.000000,0.000000
1043,17.383240,0,1,8.483049,20.706244,0.000000,8.543069,-10.565271,0.000000,0.000000,0.000000,0.000000,1.000000,0.000000,0.000000,0.000000
1044,17.399906,0,1,8.625873,20.527515,0.000000,8.560574,-10.725292,0.000000,0.000000,0.000000,0.000000,1.000000,0.000000,0.000000,0.000000
1045,17.416573,0,1,8.768989,20.346113,0.000000,8.578127,-10.885617,0.000000,0.000000,0.000000,0.000000,1.000000,0.000000,0.000000,0.000000
1046,17.433239,0,1,8.912397,20.162031,0.000000,8.595727,-11.046247,0.000000,0.000000,0.000000,0.000000,1.000000,0.000000,0.000000,0.000000
1047,17.449905,0,1,9.056101,19.975266,0.000000,8.613369,-11.207180,0.000000,0.000000,0.000000,0.000000,1.000000,0.000000,0.000000,0.000000
1048,17.466572,0,1,9.200099,19.785810,0.000000,8.631049,-11.368419,0.000000,0.000000,0.000000,0.000000,1.000000,0.000000,0.000000,0.000000
1049,17.483238,0,1,9.344393,19.593660,0.000000,8.648760,-11.529963,0.000000,0.000000,0.000000,0.000000,1.000000,0.000000,0.000000,0.000000
1050,17.499905,0,1,9.488982,19.398809,0.000000,8.666496,-11.691813,0.000000,0.000000,0.000000,0.000000,1.000000,0.000000,0.000000,0.000000
1051,17.516571,0,1,9.633867,19.201254,0.000000,8.684253,-11.853970,0.000000,0.000000,0.000000,0.000000,1.000000,0.000000,0.000000,0.000000
1052,17.533237,0,1,9.779049,19.000990,0.000000,8.702025,-12.016432,0.000000,0.000000,0.000000,0.000000,1.000000,0.000000,0.000000,0.000000
1053,17.549904,0,1,9.924528,18.798012,0.000000,8.719810,-12.179201,0.000000,0.000000,0.000000,0.000000,1.000000,0.000000,0.000000,0.000000
1054,17.566570,0,1,9.887589,18.531061,0.000000,2.612922,-14.422606,0.000000,0.000000,0.000000,0.000000,1.000000,0.000000,0.000000,0.000000
1055,17.583237,0,1,9.920370,18.284912,0.000000,2.273104,-14.679701,0.000000,0.000000,0.000000,0.000000,1.000000,0.000000,0.000000,0.000000
1056,17.599903,0,1,9.949492,18.035557,0.000000,1.932443,-14.919741,0.000000,0.000000,0.000000,0.000000,1.000000,0.000000,0.000000,0.000000
1057,17.616570,0,1,9.972652,17.782604,0.000000,1.576301,-15.144890,0.000000,0.000000,0.000000,0.000000,1.000000,0.000000,0.000000,0.000000
1058,17.633236,0,1,9.989532,17.526327,0.000000,1.204852,-15.353317,0.000000,0.000000,0.000000,0.000000,1.000000,0.000000,0.000000,0.000000
1059,17.649902,0,1,9.999894,17.267048,0.000000,0.818938,-15.543192,0.000000,0.000000,0.000000,0.000000,1.000000,0.000000,0.000000,0.000000
1060,17.666569,0,1,10.003524,17.005114,0.000000,0.419613,-15.712851,0.000000,0.000000,0.000000,0.000000,1.000000,0.000000,0.000000,0.000000
1061,17.683235,0,1,10.000231,16.740896,0.000000,0.008108,-15.860861,0.000000,0.000000,0.000000,0.000000,1.000000,0.000000,0.000000,0.000000
1062,17.699902,0,1,9.989844,16.474777,0.000000,-0.414195,-15.986066,0.000000,0.000000,0.000000,0.000000,1.000000,0.000000,0.000000,0.000000
1063,17.716568,0,1,9.972224,16.207155,0.000000,-0.845817,-16.087608,0.000000,0.000000,0.000000,0.000000,1.000000,0.000000,0.000000,0.000000
1064,17.733234,0,1,9.947252,15.938436,0.000000,-1.285197,-16.164927,0.000000,0.000000,0.000000,0.000000,1.000000,0.000000,0.000000,0.000000
1065,17.749901,0,1,9.914838,15.669024,0.000000,-1.730748,-16.217752,0.000000,0.000000,0.000000,0.000000,1.000000,0.000000,0.000000,0.000000
1066,17.766567,0,1,9.874918,15.399326,0.000000,-2.180888,-16.246080,0.000000,0.000000,0.000000,0.000000,1.000000,0.000000,0.000000,0.000000
1067,17.783234,0,1,9.827455,15.129747,0.000000,-2.634059,-16.250107,0.000000,0.000000,0.000000,0.000000,1.000000,0.000000,0.000000,0.000000
1068,17.799900,0,1,9.772433,14.860670,0.000000,-3.088751,-16.230194,0.000000,0.000000,0.000000,0.000000,1.000000,0.000000,0.000000,0.000000
1069,17.816566,0,1,9.709862,14.592489,0.000000,-3.543533,-16.186817,0.000000,0.000000,0.000000,0.000000,1.000000,0.000000,0.000000,0.000000
1070,17.833233,0,1,9.639774,14.325572,0.000000,-3.997005,-16.120535,0.000000,0.000000,0.000000,0.000000,1.000000,0.000000,0.000000,0.000000
1071,17.849899,0,1,9.562222,14.060291,0.000000,-4.447849,-16.031937,0.000000,0.000000,0.000000,0.000000,1.000000,0.000000,0.000000,0.000000
1072,17.866566,0,1,9.477282,13.796995,0.000000,-4.894785,-15.921655,0.000000,0.000000,0.000000,0.000000,1.000000,0.000000,0.000000,0.000000
1073,17.883232,0,1,9.385045,13.536030,0.000000,-5.336604,-15.790329,0.000000,0.000000,0.000000,0.000000,1.000000,0.000000,0.000000,0.000000
1074,17.899899,0,1,9.285625,13.277729,0.000000,-5.772134,-15.638626,0.000000,0.000000,0.000000,0.000000,1.000000,0.000000,0.000000,0.000000
1075,17.916565,0,1,9.179154,13.022413,0.000000,-6.200261,-15.467251,0.000000,0.000000,0.000000,0.000000,1.000000,0.000000,0.000000,0.000000
1076,17.933231,0,1,9.065779,12.770391,0.000000,-6.619943,-15.276972,0.000000,0.000000,0.000000,0.000000,1.000000,0.000000,0.000000,0.000000
1077,17.949898,0,1,8.945662,12.521956,0.000000,-7.030224,-15.068643,0.000000,0.000000,0.000000,0.000000,1.000000,0.000000,0.000000,0.000000
1078,17.966564,0,1,8.818979,12.277383,0.000000,-7.430270,-14.843240,0.000000,0.000000,0.000000,0.000000,1.000000,0.000000,0.000000,0.000000
1079,17.983231,0,1,8.685916,12.036926,0.000000,-7.819407,-14.601900,0.000000,0.000000,0.000000,0.000000,1.000000,0.000000,0.000000,0.000000
1080,17.999897,0,1,8.546666,11.800828,0.000000,-8.197168,-14.345931,0.000000,0.000000,0.000000,0.000000,1.000000,0.000000,0.000000,0.000000
1081,18.016563,0,1,8.401426,11.569287,0.000000,-8.563349,-14.076874,0.000000,0.000000,0.000000,0.000000,1.000000,0.000000,0.000000,0.000000
1082,18.033230,0,1,8.250376,11.342478,0.000000,-8.918092,-13.796474,0.000000,0.000000,0.000000,0.000000,1.000000,0.000000,0.000000,0.000000
1083,18.049896,0,1,8.093698,11.120543,0.000000,-9.261944,-13.506711,0.000000,0.000000,0.000000,0.000000,1.000000,0.000000,0.000000,0.000000
1084,18.066563,0,1,7.931546,10.903586,0.000000,-9.595897,-13.209772,0.000000,0.000000,0.000000,0.000000,1.000000,0.000000,0.000000,0.000000
1085,18.083229,0,1,7.764048,10.691671,0.000000,-9.921467,-12.908010,0.000000,0.000000,0.000000,0.000000,1.000000,0.000000,0.000000,0.000000
1086,18.099895,0,1,7.591291,10.484817,0.000000,-10.240700,-12.603860,0.000000,0.000000,0.000000,0.000000,1.000000,0.000000,0.000000,0.000000
1087,18.116562,0,1,7.413319,10.283008,0.000000,-10.556163,-12.299717,0.000000,0.000000,0.000000,0.000000,1.000000,0.000000,0.000000,0.000000
1088,18.133228,0,1,7.230119,10.086191,0.000000,-10.870865,-11.997808,0.000000,0.000000,0.000000,0.000000,1.000000,0.000000,0.000000,0.000000
1089,18.149895,0,1,7.041621,9.894283,0.000000,-11.188141,-11.700003,0.000000,0.000000,0.000000,0.000000,1.000000,0.000000,0.000000,0.000000
1090,18.166561,0,1,6.847696,9.707186,0.000000,-11.511463,-11.407625,0.000000,0.000000,0.000000,0.000000,1.000000,0.000000,0.000000,0.000000
1091,18.183228,0,1,6.648160,9.524798,0.000000,-11.844187,-11.121275,0.000000,0.000000,0.000000,0.000000,1.000000,0.000000,0.000000,0.000000
1092,18.199894,0,1,6.442783,9.347025,0.000000,-12.189309,-10.840708,0.000000,0.000000,0.000000,0.000000,1.000000,0.000000,0.000000,0.000000
1093,18.216560,0,1,6.231299,9.173801,0.000000,-12.549191,-10.564743,0.000000,0.000000,0.000000,0.000000,1.000000,0.000000,0.000000,0.000000
1094,18.233227,0,1,6.013426,9.005101,0.000000,-12.925365,-10.291309,0.000000,0.000000,0.000000,0.000000,1.000000,0.000000,0.000000,0.000000
1095,18.249893,0,1,5.788875,8.840956,0.000000,-13.318400,-10.017540,0.000000,0.000000,0.000000,0.000000,1.000000,0.000000,0.000000,0.000000
1096,18.266560,0,1,5.557377,8.681452,0.000000,-13.727867,-9.739977,0.000000,0.000000,0.000000,0.000000,1.000000,0.000000,0.000000,0.000000
1097,18.283226,0,1,5.318690,8.526749,0.000000,-14.152381,-9.454788,0.000000,0.000000,0.000000,0.000000,1.000000,0.000000,0.000000,0.000000
1098,18.299892,0,1,5.072618,8.377069,0.000000,-14.589749,-9.158037,0.000000,0.000000,0.000000,0.000000,1.000000,0.000000,0.000000,0.000000
1099,18.316559,0,1,4.819013,8.232699,0.000000,-15.037121,-8.845898,0.000000,0.000000,0.000000,0.000000,1.000000,0.000000,0.000000,0.000000
1100,18.333225,0,1,4.557788,8.093980,0.000000,-15.491182,-8.514845,0.000000,0.000000,0.000000,0.000000,1.000000,0.000000,0.000000,0.000000
1101,18.349892,0,1,4.288918,7.961300,0.000000,-15.948312,-8.161786,0.000000,0.000000,0.000000,0.000000,1.000000,0.000000,0.000000,0.000000
1102,18.366558,0,1,4.012441,7.835090,0.000000,-16.404737,-7.784147,0.000000,0.000000,0.000000,0.000000,1.000000,0.000000,0.000000,0.000000
1103,18.383224,0,1,3.728460,7.715806,0.000000,-16.856628,-7.379911,0.000000,0.000000,0.000000,0.000000,1.000000,0.000000,0.000000,0.000000
1104,18.399891,0,1,3.437141,7.603929,0.000000,-17.300177,-6.947617,0.000000,0.000000,0.000000,0.000000,1.000000,0.000000,0.000000,0.000000
1105,18.416557,0,1,3.138712,7.499947,0.000000,-17.731621,-6.486337,0.000000,0.000000,0.000000,0.000000,1.000000,0.000000,0.000000,0.000000
1106,18.433224,0,1,2.833461,7.404354,0.000000,-18.147261,-5.995654,0.000000,0.000000,0.000000,0.000000,1.000000,0.000000,0.000000,0.000000
1107,18.449890,0,1,2.521739,7.317638,0.000000,-18.543419,-5.475615,0.000000,0.000000,0.000000,0.000000,1.000000,0.000000,0.000000,0.000000
1108,18.466557,0,1,2.203954,7.240278,0.000000,-18.916441,-4.926725,0.000000,0.000000,0.000000,0.000000,1.000000,0.000000,0.000000,0.000000
1109,18.483223,0,1,1.880579,7.172731,0.000000,-19.262644,-4.349918,0.000000,0.000000,0.000000,0.000000,1.000000,0.000000,0.000000,0.000000
1110,18.499889,0,1,1.552148,7.115431,0.000000,-19.578300,-3.746569,0.000000,0.000000,0.000000,0.000000,1.000000,0.000000,0.000000,0.000000
1111,18.516556,0,1,1.219258,7.068776,0.000000,-19.859634,-3.118506,0.000000,0.000000,0.000000,0.000000,1.000000,0.000000,0.000000,0.000000
1112,18.533222,0,1,0.882570,7.033126,0.000000,-20.102840,-2.468029,0.000000,0.000000,0.000000,0.000000,1.000000,0.000000,0.000000,0.000000
1113,18.549889,0,1,0.542809,7.008785,0.000000,-20.304182,-1.797943,0.000000,0.000000,0.000000,0.000000,1.000000,0.000000,0.000000,0.000000
1114,18.566555,0,1,0.200754,6.996004,0.000000,-20.460094,-1.111568,0.000000,0.000000,0.000000,0.000000,1.000000,0.000000,0.000000,0.000000
1115,18.583221,0,1,-0.142760,6.994961,0.000000,-20.567369,-0.412734,0.000000,0.000000,0.000000,0.000000,1.000000,0.000000,0.000000,0.000000
1116,18.599888,0,1,-0.486860,7.005764,0.000000,-20.623346,0.294270,0.000000,0.000000,0.000000,0.000000,1.000000,0.000000,0.000000,0.000000
1117,18.616554,0,1,-0.830647,7.028439,0.000000,-20.626131,1.004784,0.000000,0.000000,0.000000,0.000000,1.000000,0.000000,0.000000,0.000000
1118,18.633221,0,1,-1.173211,7.062925,0.000000,-20.574772,1.713912,0.000000,0.000000,0.000000,0.000000,1.000000,0.000000,0.000000,0.000000
1119,18.649887,0,1,-1.513652,7.109083,0.000000,-20.469393,2.416699,0.000000,0.000000,0.000000,0.000000,1.000000,0.000000,0.000000,0.000000
1120,18.666553,0,1,-1.851099,7.166692,0.000000,-20.311213,3.108318,0.000000,0.000000,0.000000,0.000000,1.000000,0.000000,0.000000,0.000000
1121,18.683220,0,1,-2.184726,7.235457,0.000000,-20.102484,3.784250,0.000000,0.000000,0.000000,0.000000,1.000000,0.000000,0.000000,0.000000
1122,18.699886,0,1,-2.513761,7.315022,0.000000,-19.846331,4.440432,0.000000,0.000000,0.000000,0.000000,1.000000,0.000000,0.000000,0.000000
1123,18.716553,0,1,-2.837507,7.404973,0.000000,-19.546547,5.073357,0.000000,0.000000,0.000000,0.000000,1.000000,0.000000,0.000000,0.000000
1124,18.733219,0,1,-3.155335,7.504851,0.000000,-19.207367,5.680132,0.000000,0.000000,0.000000,0.000000,1.000000,0.000000,0.000000,0.000000
1125,18.749886,0,1,-3.466691,7.614168,0.000000,-18.833229,6.258473,0.000000,0.000000,0.000000,0.000000,1.000000,0.000000,0.000000,0.000000
1126,18.766552,0,1,-3.771101,7.732408,0.000000,-18.428595,6.806669,0.000000,0.000000,0.000000,0.000000,1.000000,0.000000,0.000000,0.000000
1127,18.783218,0,1,-4.068156,7.859042,0.000000,-17.997829,7.323546,0.000000,0.000000,0.000000,0.000000,1.000000,0.000000,0.000000,0.000000
1128,18.799885,0,1,-4.357520,7.993531,0.000000,-17.545105,7.808398,0.000000,0.000000,0.000000,0.000000,1.000000,0.000000,0.000000,0.000000
1129,18.816551,0,1,-4.638920,8.135333,0.000000,-17.074369,8.260940,0.000000,0.000000,0.000000,0.000000,1.000000,0.000000,0.000000,0.000000
1130,18.833218,0,1,-4.912142,8.283915,0.000000,-16.589331,8.681272,0.000000,0.000000,0.000000,0.000000,1.000000,0.000000,0.000000,0.000000
1131,18.849884,0,1,-5.177029,8.438748,0.000000,-16.093483,9.069838,0.000000,0.000000,0.000000,0.000000,1.000000,0.000000,0.000000,0.000000
1132,18.866550,0,1,-5.433479,8.599321,0.000000,-15.590125,9.427422,0.000000,0.000000,0.000000,0.000000,1.000000,0.000000,0.000000,0.000000
1133,18.883217,0,1,-5.681437,8.765146,0.000000,-15.082379,9.755138,0.000000,0.000000,0.000000,0.000000,1.000000,0.000000,0.000000,0.000000
1134,18.899883,0,1,-5.920903,8.935760,0.000000,-14.573208,10.054431,0.000000,0.000000,0.000000,0.000000,1.000000,0.000000,0.000000,0.000000
1135,18.916550,0,1,-6.151918,9.110733,0.000000,-14.065416,10.327069,0.000000,0.000000,0.000000,0.000000,1.000000,0.000000,0.000000,0.000000
1136,18.933216,0,1,-6.374566,9.289669,0.000000,-13.561642,10.575141,0.000000,0.000000,0.000000,0.000000,1.000000,0.000000,0.000000,0.000000
1137,18.949883,0,1,-6.588973,9.472217,0.000000,-13.064322,10.801013,0.000000,0.000000,0.000000,0.000000,1.000000,0.000000,0.000000,0.000000
1138,18.966549,0,1,-6.795297,9.658072,0.000000,-12.575658,11.007313,0.000000,0.000000,0.000000,0.000000,1.000000,0.000000,0.000000,0.000000
1139,18.983215,0,1,-6.993726,9.846973,0.000000,-12.097549,11.196845,0.000000,0.000000,0.000000,0.000000,1.000000,0.000000,0.000000,0.000000
1140,18.999882,0,1,-7.184472,10.038713,0.000000,-11.631553,11.372513,0.000000,0.000000,0.000000,0.000000,1.000000,0.000000,0.000000,0.000000
1141,19.016548,0,1,-7.367766,10.233131,0.000000,-11.178813,11.537215,0.000000,0.000000,0.000000,0.000000,1.000000,0.000000,0.000000,0.000000
1142,19.033215,0,1,-7.543841,10.430115,0.000000,-10.740009,11.693722,0.000000,0.000000,0.000000,0.000000,1.000000,0.000000,0.000000,0.000000
1143,19.049881,0,1,-7.712935,10.629586,0.000000,-10.315348,11.844552,0.000000,0.000000,0.000000,0.000000,1.000000,0.000000,0.000000,0.000000
1144,19.066547,0,1,-7.875276,10.831506,0.000000,-9.904543,11.991858,0.000000,0.000000,0.000000,0.000000,1.000000,0.000000,0.000000,0.000000
1145,19.083214,0,1,-8.031074,11.035853,0.000000,-9.506850,12.137334,0.000000,0.000000,0.000000,0.000000,1.000000,0.000000,0.000000,0.000000
1146,19.099880,0,1,-8.180519,11.242629,0.000000,-9.121144,12.282157,0.000000,0.000000,0.000000,0.000000,1.000000,0.000000,0.000000,0.000000
1147,19.116547,0,1,-8.323774,11.451837,0.000000,-8.745976,12.426962,0.000000,0.000000,0.000000,0.000000,1.000000,0.000000,0.000000,0.000000
1148,19.133213,0,1,-8.460975,11.663477,0.000000,-8.379703,12.571864,0.000000,0.000000,0.000000,0.000000,1.000000,0.000000,0.000000,0.000000
1149,19.149879,0,1,-8.592228,11.877546,0.000000,-8.020578,12.716503,0.000000,0.000000,0.000000,0.000000,1.000000,0.000000,0.000000,0.000000
1150,19.166546,0,1,-8.717607,12.094021,0.000000,-7.666863,12.860134,0.000000,0.000000,0.000000,0.000000,1.000000,0.000000,0.000000,0.000000
1151,19.183212,0,1,-8.837165,12.312859,0.000000,-7.316929,13.001709,0.000000,0.000000,0.000000,0.000000,1.000000,0.000000,0.000000,0.000000
1152,19.199879,0,1,-8.950927,12.533995,0.000000,-6.969308,13.139976,0.000000,0.000000,0.000000,0.000000,1.000000,0.000000,0.000000,0.000000
1153,19.216545,0,1,-9.058903,12.757339,0.000000,-6.622764,13.273580,0.000000,0.000000,0.000000,0.000000,1.000000,0.000000,0.000000,0.000000
1154,19.233212,0,1,-9.161082,12.982783,0.000000,-6.276308,13.401134,0.000000,0.000000,0.000000,0.000000,1.000000,0.000000,0.000000,0.000000
1155,19.249878,0,1,-9.257451,13.210189,0.000000,-5.929205,13.521286,0.000000,0.000000,0.000000,0.000000,1.000000,0.000000,0.000000,0.000000
1156,19.266544,0,1,-9.347987,13.439404,0.000000,-5.580975,13.632765,0.000000,0.000000,0.000000,0.000000,1.000000,0.000000,0.000000,0.000000
1157,19.283211,0,1,-9.432663,13.670256,0.000000,-5.231362,13.734416,0.000000,0.000000,0.000000,0.000000,1.000000,0.000000,0.000000,0.000000
1158,19.299877,0,1,-9.511455,13.902553,0.000000,-4.880330,13.825238,0.000000,0.000000,0.000000,0.000000,1.000000,0.000000,0.000000,0.000000
1159,19.316544,0,1,-9.584341,14.136094,0.000000,-4.528016,13.904358,0.000000,0.000000,0.000000,0.000000,1.000000,0.000000,0.000000,0.000000
1160,19.333210,0,1,-9.651306,14.370665,0.000000,-4.174704,13.971055,0.000000,0.000000,0.000000,0.000000,1.000000,0.000000,0.000000,0.000000
1161,19.349876,0,1,-9.712345,14.606046,0.000000,-3.820808,14.024755,0.000000,0.000000,0.000000,0.000000,1.000000,0.000000,0.000000,0.000000
1162,19.366543,0,1,-9.767461,14.842010,0.000000,-3.466826,14.065018,0.000000,0.000000,0.000000,0.000000,1.000000,0.000000,0.000000,0.000000
1163,19.383209,0,1,-9.816662,15.078321,0.000000,-3.113334,14.091522,0.000000,0.000000,0.000000,0.000000,1.000000,0.000000,0.000000,0.000000
1164,19.399876,0,1,-9.859975,15.314746,0.000000,-2.760965,14.104054,0.000000,0.000000,0.000000,0.000000,1.000000,0.000000,0.000000,0.000000
1165,19.416542,0,1,-9.897431,15.551045,0.000000,-2.410382,14.102509,0.000000,0.000000,0.000000,0.000000,1.000000,0.000000,0.000000,0.000000
1166,19.433208,0,1,-9.929079,15.786985,0.000000,-2.062274,14.086853,0.000000,0.000000,0.000000,0.000000,1.000000,0.000000,0.000000,0.000000
1167,19.449875,0,1,-9.954977,16.022327,0.000000,-1.717331,14.057143,0.000000,0.000000,0.000000,0.000000,1.000000,0.000000,0.000000,0.000000
1168,19.466541,0,1,-9.975192,16.256842,0.000000,-1.376258,14.013498,0.000000,0.000000,0.000000,0.000000,1.000000,0.000000,0.000000,0.000000
1169,19.483208,0,1,-9.989807,16.490295,0.000000,-1.039738,13.956097,0.000000,0.000000,0.000000,0.000000,1.000000,0.000000,0.000000,0.000000
1170,19.499874,0,1,-9.998914,16.722466,0.000000,-0.708456,13.885173,0.000000,0.000000,0.000000,0.000000,1.000000,0.000000,0.000000,0.000000
1171,19.516541,0,1,-10.002617,16.953135,0.000000,-0.383067,13.801019,0.000000,0.000000,0.000000,0.000000,1.000000,0.000000,0.000000,0.000000
1172,19.533207,0,1,-10.001029,17.182083,0.000000,-0.064207,13.703964,0.000000,0.000000,0.000000,0.000000,1.000000,0.000000,0.000000,0.000000
1173,19.549873,0,1,-9.994274,17.409109,0.000000,0.247506,13.594398,0.000000,0.000000,0.000000,0.000000,1.000000,0.000000,0.000000,0.000000
1174,19.566540,0,1,-9.982488,17.634010,0.000000,0.551498,13.472751,0.000000,0.000000,0.000000,0.000000,1.000000,0.000000,0.000000,0.000000
1175,19.583206,0,1,-9.965810,17.856596,0.000000,0.847222,13.339499,0.000000,0.000000,0.000000,0.000000,1.000000,0.000000,0.000000,0.000000
1176,19.599873,0,1,-9.944393,18.076683,0.000000,1.134171,13.195170,0.000000,0.000000,0.000000,0.000000,1.000000,0.000000,0.000000,0.000000
1177,19.616539,0,1,-9.918394,18.294094,0.000000,1.411881,13.040329,0.000000,0.000000,0.000000,0.000000,1.000000,0.000000,0.000000,0.000000
1178,19.633205,0,1,-9.887980,18.508677,0.000000,1.679932,12.875595,0.000000,0.000000,0.000000,0.000000,1.000000,0.000000,0.000000,0.000000
1179,19.649872,0,1,-9.853319,18.720274,0.000000,1.937972,12.701616,0.000000,0.000000,0.000000,0.000000,1.000000,0.000000,0.000000,0.000000
1180,19.666538,0,1,-9.814590,18.928743,0.000000,2.185686,12.519088,0.000000,0.000000,0.000000,0.000000,1.000000,0.000000,0.000000,0.000000
1181,19.683205,0,1,-9.771969,19.133966,0.000000,2.422817,12.328731,0.000000,0.000000,0.000000,0.000000,1.000000,0.000000,0.000000,0.000000
1182,19.699871,0,1,-9.725638,19.335827,0.000000,2.649186,12.131289,0.000000,0.000000,0.000000,0.000000,1.000000,0.000000,0.000000,0.000000
1183,19.716537,0,1,-9.675782,19.534224,0.000000,2.864659,11.927526,0.000000,0.000000,0.000000,0.000000,1.000000,0.000000,0.000000,0.000000
1184,19.733204,0,1,-9.622586,19.729065,0.000000,3.069166,11.718217,0.000000,0.000000,0.000000,0.000000,1.000000,0.000000,0.000000,0.000000
1185,19.749870,0,1,-9.566234,19.920286,0.000000,3.262692,11.504137,0.000000,0.000000,0.000000,0.000000,1.000000,0.000000,0.000000,0.000000
1186,19.766537,0,1,-9.506907,20.107819,0.000000,3.445294,11.286047,0.000000,0.000000,0.000000,0.000000,1.000000,0.000000,0.000000,0.000000
1187,19.783203,0,1,-9.444788,20.291615,0.000000,3.617063,11.064699,0.000000,0.000000,0.000000,0.000000,1.000000,0.000000,0.000000,0.000000
1188,19.799870,0,1,-9.380055,20.471636,0.000000,3.778150,10.840826,0.000000,0.000000,0.000000,0.000000,1.000000,0.000000,0.000000,0.000000
1189,19.816536,0,1,-9.312881,20.647854,0.000000,3.928745,10.615125,0.000000,0.000000,0.000000,0.000000,1.000000,0.000000,0.000000,0.000000
1190,19.833202,0,1,-9.243439,20.820263,0.000000,4.069078,10.388256,0.000000,0.000000,0.000000,0.000000,1.000000,0.000000,0.000000,0.000000
1191,19.849869,0,1,-9.171893,20.988848,0.000000,4.199424,10.160849,0.000000,0.000000,0.000000,0.000000,1.000000,0.000000,0.000000,0.000000
1192,19.866535,0,1,-9.098403,21.153620,0.000000,4.320065,9.933488,0.000000,0.000000,0.000000,0.000000,1.000000,0.000000,0.000000,0.000000
1193,19.883202,0,1,-9.023126,21.314592,0.000000,4.431325,9.706709,0.000000,0.000000,0.000000,0.000000,1.000000,0.000000,0.000000,0.000000
1194,19.899868,0,1,-8.946208,21.471785,0.000000,4.533540,9.481011,0.000000,0.000000,0.000000,0.000000,1.000000,0.000000,0.000000,0.000000
1195,19.916534,0,1,-8.867797,21.625225,0.000000,4.627056,9.256844,0.000000,0.000000,0.000000,0.000000,1.000000,0.000000,0.000000,0.000000
1196,19.933201,0,1,-8.788025,21.774958,0.000000,4.712231,9.034610,0.000000,0.000000,0.000000,0.000000,1.000000,0.000000,0.000000,0.000000
1197,19.949867,0,1,-8.707026,21.921015,0.000000,4.789434,8.814669,0.000000,0.000000,0.000000,0.000000,1.000000,0.000000,0.000000,0.000000
1198,19.966534,0,1,-8.624922,22.063448,0.000000,4.859026,8.597346,0.000000,0.000000,0.000000,0.000000,1.000000,0.000000,0.000000,0.000000
1199,19.983200,0,1,-8.541836,22.202303,0.000000,4.921377,8.382921,0.000000,0.000000,0.000000,0.000000,1.000000,0.000000,0.000000,0.000000
1200,19.999866,0,1,-8.457875,22.337641,0.000000,4.976842,8.171643,0.000000,0.000000,0.000000,0.000000,1.000000,0.000000,0.000000,0.000000
1201,20.016533,0,1,-8.373152,22.469513,0.000000,5.025784,7.963716,0.000000,0.000000,0.000000,0.000000,1.000000,0.000000,0.000000,0.000000
1202,20.033199,0,1,-8.287764,22.597984,0.000000,5.068549,7.759325,0.000000,0.000000,0.000000,0.000000,1.000000,0.000000,0.000000,0.000000
1203,20.049866,0,1,-8.201803,22.723116,0.000000,5.105481,7.558617,0.000000,0.000000,0.000000,0.000000,1.000000,0.000000,0.000000,0.000000
1204,20.066532,0,1,-8.115367,22.844975,0.000000,5.136915,7.361718,0.000000,0.000000,0.000000,0.000000,1.000000,0.000000,0.000000,0.000000
1205,20.083199,0,1,-8.028535,22.963621,0.000000,5.163171,7.168727,0.000000,0.000000,0.000000,0.000000,1.000000,0.000000,0.000000,0.000000
1206,20.099865,0,1,-7.941387,23.079134,0.000000,5.184562,6.979725,0.000000,0.000000,0.000000,0.000000,1.000000,0.000000,0.000000,0.000000
1207,20.116531,0,1,-7.853996,23.191570,0.000000,5.201394,6.794765,0.000000,0.000000,0.000000,0.000000,1.000000,0.000000,0.000000,0.000000
1208,20.133198,0,1,-7.766433,23.301004,0.000000,5.213955,6.613893,0.000000,0.000000,0.000000,0.000000,1.000000,0.000000,0.000000,0.000000
1209,20.149864,0,1,-7.678762,23.407505,0.000000,5.222526,6.437132,0.000000,0.000000,0.000000,0.000000,1.000000,0.000000,0.000000,0.000000
1210,20.166531,0,1,-7.591043,23.511141,0.000000,5.227376,6.264495,0.000000,0.000000,0.000000,0.000000,1.000000,0.000000,0.000000,0.000000
1211,20.183197,0,1,-7.503333,23.611980,0.000000,5.228765,6.095979,0.000000,0.000000,0.000000,0.000000,1.000000,0.000000,0.000000,0.000000
1212,20.199863,0,1,-7.415684,23.710094,0.000000,5.226938,5.931574,0.000000,0.000000,0.000000,0.000000,1.000000,0.000000,0.000000,0.000000
1213,20.216530,0,1,-7.328133,23.805534,0.000000,5.222797,5.770335,0.000000,0.000000,0.000000,0.000000,1.000000,0.000000,0.000000,0.000000
1214,20.233196,0,1,-7.240686,23.898317,0.000000,5.218679,5.609133,0.000000,0.000000,0.000000,0.000000,1.000000,0.000000,0.000000,0.000000
1215,20.249863,0,1,-7.153389,23.988510,0.000000,5.214586,5.447966,0.000000,0.000000,0.000000,0.000000,1.000000,0.000000,0.000000,0.000000
1216,20.266529,0,1,-7.066279,24.076181,0.000000,5.210525,5.286828,0.000000,0.000000,0.000000,0.000000,1.000000,0.000000,0.000000,0.000000
1217,20.283195,0,1,-6.979394,24.161400,0.000000,5.206506,5.125713,0.000000,0.000000,0.000000,0.000000,1.000000,0.000000,0.000000,0.000000
1218,20.299862,0,1,-6.892720,24.244164,0.000000,5.202535,4.964618,0.000000,0.000000,0.000000,0.000000,1.000000,0.000000,0.000000,0.000000
1219,20.316528,0,1,-6.806108,24.324244,0.000000,5.198614,4.803540,0.000000,0.000000,0.000000,0.000000,1.000000,0.000000,0.000000,0.000000
1220,20.333195,0,1,-6.719563,24.401640,0.000000,5.194715,4.642496,0.000000,0.000000,0.000000,0.000000,1.000000,0.000000,0.000000,0.000000
1221,20.349861,0,1,-6.633082,24.476353,0.000000,5.190837,4.481485,0.000000,0.000000,0.000000,0.000000,1.000000,0.000000,0.000000,0.000000
1222,20.366528,0,1,-6.546665,24.548382,0.000000,5.186983,4.320509,0.000000,0.000000,0.000000,0.000000,1.000000,0.000000,0.000000,0.000000
1223,20.383194,0,1,-6.460311,24.617729,0.000000,5.183150,4.159565,0.000000,0.000000,0.000000,0.000000,1.000000,0.000000,0.000000,0.000000
1224,20.399860,0,1,-6.374022,24.684395,0.000000,5.179340,3.998656,0.000000,0.000000,0.000000,0.000000,1.000000,0.000000,0.000000,0.000000
1225,20.416527,0,1,-6.287795,24.748379,0.000000,5.175553,3.837779,0.000000,0.000000,0.000000,0.000000,1.000000,0.000000,0.000000,0.000000
1226,20.433193,0,1,-6.201630,24.809683,0.000000,5.171790,3.676935,0.000000,0.000000,0.000000,0.000000,1.000000,0.000000,0.000000,0.000000
1227,20.449860,0,1,-6.115529,24.868305,0.000000,5.168049,3.516124,0.000000,0.000000,0.000000,0.000000,1.000000,0.000000,0.000000,0.000000
1228,20.466526,0,1,-6.029487,24.924250,0.000000,5.164333,3.355346,0.000000,0.000000,0.000000,0.000000,1.000000,0.000000,0.000000,0.000000
1229,20.483192,0,1,-5.943507,24.977516,0.000000,5.160642,3.194599,0.000000,0.000000,0.000000,0.000000,1.000000,0.000000,0.000000,0.000000
1230,20.499859,0,1,-5.857589,25.028103,0.000000,5.156975,3.033885,0.000000,0.000000,0.000000,0.000000,1.000000,0.000000,0.000000,0.000000
1231,20.516525,0,1,-5.771731,25.076012,0.000000,5.153333,2.873202,0.000000,0.000000,0.000000,0.000000,1.000000,0.000000,0.000000,0.000000
1232,20.533192,0,1,-5.685934,25.121244,0.000000,5.149715,2.712551,0.000000,0.000000,0.000000,0.000000,1.000000,0.000000,0.000000,0.000000
1233,20.549858,0,1,-5.600195,25.163799,0.000000,5.146123,2.551932,0.000000,0.000000,0.000000,0.000000,1.000000,0.000000,0.000000,0.000000
1234,20.566525,0,1,-5.514517,25.203678,0.000000,5.142557,2.391343,0.000000,0.000000,0.000000,0.000000,1.000000,0.000000,0.000000,0.000000
1235,20.583191,0,1,-5.428896,25.240883,0.000000,5.139017,2.230786,0.000000,0.000000,0.000000,0.000000,1.000000,0.000000,0.000000,0.000000
1236,20.599857,0,1,-5.343333,25.275412,0.000000,5.135503,2.070258,0.000000,0.000000,0.000000,0.000000,1.000000,0.000000,0.000000,0.000000
1237,20.616524,0,1,-5.257829,25.307266,0.000000,5.132016,1.909762,0.000000,0.000000,0.000000,0.000000,1.000000,0.000000,0.000000,0.000000
1238,20.633190,0,1,-5.172381,25.336447,0.000000,5.128556,1.749295,0.000000,0.000000,0.000000,0.000000,1.000000,0.000000,0.000000,0.000000
1239,20.649857,0,1,-5.086992,25.362953,0.000000,5.125122,1.588858,0.000000,0.000000,0.000000,0.000000,1.000000,0.000000,0.000000,0.000000
1240,20.666523,0,1,-5.001659,25.386786,0.000000,5.121716,1.428452,0.000000,0.000000,0.000000,0.000000,1.000000,0.000000,0.000000,0.000000
1241,20.683189,0,1,-4.916381,25.407948,0.000000,5.118336,1.268075,0.000000,0.000000,0.000000,0.000000,1.000000,0.000000,0.000000,0.000000
1242,20.699856,0,1,-4.831159,25.426435,0.000000,5.114985,1.107727,0.000000,0.000000,0.000000,0.000000,1.000000,0.000000,0.000000,0.000000
1243,20.716522,0,1,-4.745992,25.442253,0.000000,5.111662,0.947407,0.000000,0.000000,0.000000,0.000000,1.000000,0.000000,0.000000,0.000000
1244,20.733189,0,1,-4.660880,25.455399,0.000000,5.108367,0.787117,0.000000,0.000000,0.000000,0.000000,1.000000,0.000000,0.000000,0.000000
1245,20.749855,0,1,-4.575822,25.465874,0.000000,5.105101,0.626854,0.000000,0.000000,0.000000,0.000000,1.000000,0.000000,0.000000,0.000000
1246,20.766521,0,1,-4.490819,25.473677,0.000000,5.101863,0.466621,0.000000,0.000000,0.000000,0.000000,1.000000,0.000000,0.000000,0.000000
1247,20.783188,0,1,-4.405868,25.478809,0.000000,5.098654,0.306415,0.000000,0.000000,0.000000,0.000000,1.000000,0.000000,0.000000,0.000000
1248,20.799854,0,1,-4.320970,25.481276,0.000000,5.095474,0.146237,0.000000,0.000000,0.000000,0.000000,1.000000,0.000000,0.000000,0.000000
1249,20.816521,0,1,-4.236124,25.481071,0.000000,5.092324,-0.013914,0.000000,0.000000,0.000000,0.000000,1.000000,0.000000,0.000000,0.000000
1250,20.833187,0,1,-4.151329,25.478199,0.000000,5.089204,-0.174038,0.000000,0.000000,0.000000,0.000000,1.000000,0.000000,0.000000,0.000000
1251,20.849854,0,1,-4.066586,25.472658,0.000000,5.086113,-0.334134,0.000000,0.000000,0.000000,0.000000,1.000000,0.000000,0.000000,0.000000
1252,20.866520,0,1,-3.981894,25.464451,0.000000,5.083053,-0.494204,0.000000,0.000000,0.000000,0.000000,1.000000,0.000000,0.000000,0.000000
1253,20.883186,0,1,-3.897253,25.453575,0.000000,5.080023,-0.654248,0.000000,0.000000,0.000000,0.000000,1.000000,0.000000,0.000000,0.000000
1254,20.899853,0,1,-3.812661,25.440033,0.000000,5.077024,-0.814265,0.000000,0.000000,0.000000,0.000000,1.000000,0.000000,0.000000,0.000000
1255,20.916519,0,1,-3.728119,25.423824,0.000000,5.074055,-0.974256,0.000000,0.000000,0.000000,0.000000,1.000000,0.000000,0.000000,0.000000
1256,20.933186,0,1,-3.643626,25.404949,0.000000,5.071117,-1.134221,0.000000,0.000000,0.000000,0.000000,1.000000,0.000000,0.000000,0.000000
1257,20.949852,0,1,-3.559180,25.383410,0.000000,5.068210,-1.294162,0.000000,0.000000,0.000000,0.000000,1.000000,0.000000,0.000000,0.000000
1258,20.966518,0,1,-3.474781,25.359205,0.000000,5.065335,-1.454078,0.000000,0.000000,0.000000,0.000000,1.000000,0.000000,0.000000,0.000000
1259,20.983185,0,1,-3.390429,25.332336,0.000000,5.062492,-1.613969,0.000000,0.000000,0.000000,0.000000,1.000000,0.000000,0.000000,0.000000
1260,20.999851,0,1,-3.306124,25.302803,0.000000,5.059681,-1.773836,0.000000,0.000000,0.000000,0.000000,1.000000,0.000000,0.000000,0.000000
1261,21.016518,0,1,-3.221866,25.270605,0.000000,5.056902,-1.933678,0.000000,0.000000,0.000000,0.000000,1.000000,0.000000,0.000000,0.000000
1262,21.033184,0,1,-3.137654,25.235744,0.000000,5.054155,-2.093496,0.000000,0.000000,0.000000,0.000000,1.000000,0.000000,0.000000,0.000000
1263,21.049850,0,1,-3.053486,25.198219,0.000000,5.051441,-2.253291,0.000000,0.000000,0.000000,0.000000,1.000000,0.000000,0.000000,0.000000
1264,21.066517,0,1,-2.969364,25.158031,0.000000,5.048759,-2.413062,0.000000,0.000000,0.000000,0.000000,1.000000,0.000000,0.000000,0.000000
1265,21.083183,0,1,-2.885285,25.115183,0.000000,5.046110,-2.572810,0.000000,0.000000,0.000000,0.000000,1.000000,0.000000,0.000000,0.000000
1266,21.099850,0,1,-2.801250,25.069672,0.000000,5.043494,-2.732536,0.000000,0.000000,0.000000,0.000000,1.000000,0.000000,0.000000,0.000000
1267,21.116516,0,1,-2.717256,25.021500,0.000000,5.040912,-2.892239,0.000000,0.000000,0.000000,0.000000,1.000000,0.000000,0.000000,0.000000
1268,21.133183,0,1,-2.633306,24.970665,0.000000,5.038363,-3.051920,0.000000,0.000000,0.000000,0.000000,1.000000,0.000000,0.000000,0.000000
1269,21.149849,0,1,-2.549396,24.917171,0.000000,5.035848,-3.211578,0.000000,0.000000,0.000000,0.000000,1.000000,0.000000,0.000000,0.000000
1270,21.166515,0,1,-2.465528,24.861017,0.000000,5.033367,-3.371216,0.000000,0.000000,0.000000,0.000000,1.000000,0.000000,0.000000,0.000000
1271,21.183182,0,1,-2.381699,24.802202,0.000000,5.030920,-3.530832,0.000000,0.000000,0.000000,0.000000,1.000000,0.000000,0.000000,0.000000
1272,21.199848,0,1,-2.297911,24.740728,0.000000,5.028507,-3.690428,0.000000,0.000000,0.000000,0.000000,1.000000,0.000000,0.000000,0.000000
1273,21.216515,0,1,-2.214162,24.676592,0.000000,5.026128,-3.850003,0.000000,0.000000,0.000000,0.000000,1.000000,0.000000,0.000000,0.000000
1274,21.233181,0,1,-2.130454,24.609798,0.000000,5.023784,-4.009557,0.000000,0.000000,0.000000,0.000000,1.000000,0.000000,0.000000,0.000000
1275,21.249847,0,1,-2.046782,24.540346,0.000000,5.021474,-4.169091,0.000000,0.000000,0.000000,0.000000,1.000000,0.000000,0.000000,0.000000
1276,21.266514,0,1,-1.963149,24.468235,0.000000,5.019200,-4.328605,0.000000,0.000000,0.000000,0.000000,1.000000,0.000000,0.000000,0.000000
1277,21.283180,0,1,-1.879553,24.393465,0.000000,5.016961,-4.488099,0.000000,0.000000,0.000000,0.000000,1.000000,0.000000,0.000000,0.000000
1278,21.299847,0,1,-1.795992,24.316040,0.000000,5.014757,-4.647574,0.000000,0.000000,0.000000,0.000000,1.000000,0.000000,0.000000,0.000000
1279,21.316513,0,1,-1.712469,24.235956,0.000000,5.012589,-4.807032,0.000000,0.000000,0.000000,0.000000,1.000000,0.000000,0.000000,0.000000
1280,21.333179,0,1,-1.628979,24.153215,0.000000,5.010456,-4.966470,0.000000,0.000000,0.000000,0.000000,1.000000,0.000000,0.000000,0.000000
1281,21.349846,0,1,-1.545524,24.067818,0.000000,5.008359,-5.125890,0.000000,0.000000,0.000000,0.000000,1.000000,0.000000,0.000000,0.000000
1282,21.366512,0,1,-1.462102,23.979763,0.000000,5.006298,-5.285293,0.000000,0.000000,0.000000,0.000000,1.000000,0.000000,0.000000,0.000000
1283,21.383179,0,1,-1.378715,23.889053,0.000000,5.004273,-5.444678,0.000000,0.000000,0.000000,0.000000,1.000000,0.000000,0.000000,0.000000
1284,21.399845,0,1,-1.295359,23.795687,0.000000,5.002285,-5.604045,0.000000,0.000000,0.000000,0.000000,1.000000,0.000000,0.000000,0.000000
1285,21.416512,0,1,-1.212037,23.699665,0.000000,5.000333,-5.763396,0.000000,0.000000,0.000000,0.000000,1.000000,0.000000,0.000000,0.000000
1286,21.433178,0,1,-1.128747,23.600986,0.000000,4.998417,-5.922730,0.000000,0.000000,0.000000,0.000000,1.000000,0.000000,0.000000,0.000000
1287,21.449844,0,1,-1.045487,23.499653,0.000000,4.996537,-6.082048,0.000000,0.000000,0.000000,0.000000,1.000000,0.000000,0.000000,0.000000
1288,21.466511,0,1,-0.962259,23.395664,0.000000,4.994695,-6.241350,0.000000,0.000000,0.000000,0.000000,1.000000,0.000000,0.000000,0.000000
1289,21.483177,0,1,-0.879059,23.289022,0.000000,4.992889,-6.400636,0.000000,0.000000,0.000000,0.000000,1.000000,0.000000,0.000000,0.000000
1290,21.499844,0,1,-0.795889,23.179726,0.000000,4.991120,-6.559907,0.000000,0.000000,0.000000,0.000000,1.000000,0.000000,0.000000,0.000000
1291,21.516510,0,1,-0.712747,23.067776,0.000000,4.989389,-6.719163,0.000000,0.000000,0.000000,0.000000,1.000000,0.000000,0.000000,0.000000
1292,21.533176,0,1,-0.629633,22.953171,0.000000,4.987695,-6.878405,0.000000,0.000000,0.000000,0.000000,1.000000,0.000000,0.000000,0.000000
1293,21.549843,0,1,-0.546546,22.835913,0.000000,4.986038,-7.037632,0.000000,0.000000,0.000000,0.000000,1.000000,0.000000,0.000000,0.000000
1294,21.566509,0,1,-0.463487,22.716000,0.000000,4.984418,-7.196845,0.000000,0.000000,0.000000,0.000000,1.000000,0.000000,0.000000,0.000000
1295,21.583176,0,1,-0.380453,22.593435,0.000000,4.982837,-7.356044,0.000000,0.000000,0.000000,0.000000,1.000000,0.000000,0.000000,0.000000
1296,21.599842,0,1,-0.297445,22.468218,0.000000,4.981293,-7.515230,0.000000,0.000000,0.000000,0.000000,1.000000,0.000000,0.000000,0.000000
1297,21.616508,0,1,-0.214461,22.340347,0.000000,4.979787,-7.674403,0.000000,0.000000,0.000000,0.000000,1.000000,0.000000,0.000000,0.000000
1298,21.633175,0,1,-0.131501,22.209824,0.000000,4.978320,-7.833564,0.000000,0.000000,0.000000,0.000000,1.000000,0.000000,0.000000,0.000000
1299,21.649841,0,1,-0.048564,22.076649,0.000000,4.976890,-7.992712,0.000000,0.000000,0.000000,0.000000,1.000000,0.000000,0.000000,0.000000
1300,21.666508,0,1,0.034349,21.940821,0.000000,4.975498,-8.151849,0.000000,0.000000,0.000000,0.000000,1.000000,0.000000,0.000000,0.000000
1301,21.683174,0,1,0.117239,21.802341,0.000000,4.974144,-8.310973,0.000000,0.000000,0.000000,0.000000,1.000000,0.000000,0.000000,0.000000
1302,21.699841,0,1,0.200108,21.661209,0.000000,4.972829,-8.470086,0.000000,0.000000,0.000000,0.000000,1.000000,0.000000,0.000000,0.000000
1303,21.716507,0,1,0.282956,21.517426,0.000000,4.971552,-8.629189,0.000000,0.000000,0.000000,0.000000,1.000000,0.000000,0.000000,0.000000
1304,21.733173,0,1,0.365784,21.370993,0.000000,4.970314,-8.788280,0.000000,0.000000,0.000000,0.000000,1.000000,0.000000,0.000000,0.000000
1305,21.749840,0,1,0.448593,21.221907,0.000000,4.969115,-8.947361,0.000000,0.000000,0.000000,0.000000,1.000000,0.000000,0.000000,0.000000
1306,21.766506,0,1,0.531382,21.070169,0.000000,4.967954,-9.106433,0.000000,0.000000,0.000000,0.000000,1.000000,0.000000,0.000000,0.000000
1307,21.783173,0,1,0.614153,20.915781,0.000000,4.966832,-9.265494,0.000000,0.000000,0.000000,0.000000,1.000000,0.000000,0.000000,0.000000
1308,21.799839,0,1,0.696906,20.758741,0.000000,4.965749,-9.424547,0.000000,0.000000,0.000000,0.000000,1.000000,0.000000,0.000000,0.000000
1309,21.816505,0,1,0.779642,20.599052,0.000000,4.964705,-9.583590,0.000000,0.000000,0.000000,0.000000,1.000000,0.000000,0.000000,0.000000
1310,21.833172,0,1,0.862362,20.436714,0.000000,4.963699,-9.742625,0.000000,0.000000,0.000000,0.000000,1.000000,0.000000,0.000000,0.000000
1311,21.849838,0,1,0.945066,20.271723,0.000000,4.962733,-9.901651,0.000000,0.000000,0.000000,0.000000,1.000000,0.000000,0.000000,0.000000
1312,21.866505,0,1,1.027755,20.104082,0.000000,4.961807,-10.060671,0.000000,0.000000,0.000000,0.000000,1.000000,0.000000,0.000000,0.000000
1313,21.883171,0,1,1.110429,19.933792,0.000000,4.960919,-10.219681,0.000000,0.000000,0.000000,0.000000,1.000000,0.000000,0.000000,0.000000
1314,21.899837,0,1,1.193090,19.760853,0.000000,4.960071,-10.378685,0.000000,0.000000,0.000000,0.000000,1.000000,0.000000,0.000000,0.000000
1315,21.916504,0,1,1.275737,19.585260,0.000000,4.959262,-10.537683,0.000000,0.000000,0.000000,0.000000,1.000000,0.000000,0.000000,0.000000
1316,21.933170,0,1,1.358372,19.407021,0.000000,4.958493,-10.696672,0.000000,0.000000,0.000000,0.000000,1.000000,0.000000,0.000000,0.000000
1317,21.949837,0,1,1.440996,19.226131,0.000000,4.957763,-10.855657,0.000000,0.000000,0.000000,0.000000,1.000000,0.000000,0.000000,0.000000
1318,21.966503,0,1,1.523608,19.042593,0.000000,4.957072,-11.014635,0.000000,0.000000,0.000000,0.000000,1.000000,0.000000,0.000000,0.000000
1319,21.983170,0,1,1.606210,18.856403,0.000000,4.956421,-11.173608,0.000000,0.000000,0.000000,0.000000,1.000000,0.000000,0.000000,0.000000
1320,21.999836,0,1,1.688801,18.667562,0.000000,4.955810,-11.332576,0.000000,0.000000,0.000000,0.000000,1.000000,0.000000,0.000000,0.000000
1321,22.016502,0,1,1.771383,18.476074,0.000000,4.955238,-11.491538,0.000000,0.000000,0.000000,0.000000,1.000000,0.000000,0.000000,0.000000
1322,22.033169,0,1,1.853957,18.281939,0.000000,4.954706,-11.650496,0.000000,0.000000,0.000000,0.000000,1.000000,0.000000,0.000000,0.000000
1323,22.049835,0,1,1.936523,18.085152,0.000000,4.954214,-11.809451,0.000000,0.000000,0.000000,0.000000,1.000000,0.000000,0.000000,0.000000
1324,22.066502,0,1,2.019082,17.885717,0.000000,4.953761,-11.968401,0.000000,0.000000,0.000000,0.000000,1.000000,0.000000,0.000000,0.000000
1325,22.083168,0,1,2.101635,17.683632,0.000000,4.953349,-12.127349,0.000000,0.000000,0.000000,0.000000,1.000000,0.000000,0.000000,0.000000
1326,22.099834,0,1,2.184181,17.478899,0.000000,4.952976,-12.286292,0.000000,0.000000,0.000000,0.000000,1.000000,0.000000,0.000000,0.000000
1327,22.116501,0,1,2.266722,17.271515,0.000000,4.952642,-12.445233,0.000000,0.000000,0.000000,0.000000,1.000000,0.000000,0.000000,0.000000
1328,22.133167,0,1,2.349259,17.061483,0.000000,4.952349,-12.604173,0.000000,0.000000,0.000000,0.000000,1.000000,0.000000,0.000000,0.000000
1329,22.149834,0,1,2.431792,16.848803,0.000000,4.952096,-12.763109,0.000000,0.000000,0.000000,0.000000,1.000000,0.000000,0.000000,0.000000
1330,22.166500,0,1,2.514322,16.633472,0.000000,4.951882,-12.922045,0.000000,0.000000,0.000000,0.000000,1.000000,0.000000,0.000000,0.000000
1331,22.183167,0,1,2.596849,16.415495,0.000000,4.951708,-13.080978,0.000000,0.000000,0.000000,0.000000,1.000000,0.000000,0.000000,0.000000
1332,22.199833,0,1,2.679374,16.194868,0.000000,4.951574,-13.239911,0.000000,0.000000,0.000000,0.000000,1.000000,0.000000,0.000000,0.000000
1333,22.216499,0,1,2.761898,15.971592,0.000000,4.951479,-13.398844,0.000000,0.000000,0.000000,0.000000,1.000000,0.000000,0.000000,0.000000
1334,22.233166,0,1,2.844421,15.745668,0.000000,4.951425,-13.557775,0.000000,0.000000,0.000000,0.000000,1.000000,0.000000,0.000000,0.000000
1335,22.249832,0,1,2.926945,15.517095,0.000000,4.951411,-13.716707,0.000000,0.000000,0.000000,0.000000,1.000000,0.000000,0.000000,0.000000
1336,22.266499,0,1,3.009469,15.285872,0.000000,4.951436,-13.875640,0.000000,0.000000,0.000000,0.000000,1.000000,0.000000,0.000000,0.000000
1337,22.283165,0,1,3.091995,15.052000,0.000000,4.951501,-14.034573,0.000000,0.000000,0.000000,0.000000,1.000000,0.000000,0.000000,0.000000
1338,22.299831,0,1,3.174522,14.815479,0.000000,4.951606,-14.193507,0.000000,0.000000,0.000000,0.000000,1.000000,0.000000,0.000000,0.000000
1339,22.316498,0,1,3.257053,14.576311,0.000000,4.951751,-14.352443,0.000000,0.000000,0.000000,0.000000,1.000000,0.000000,0.000000,0.000000
1340,22.333164,0,1,3.339586,14.334492,0.000000,4.951936,-14.511379,0.000000,0.000000,0.000000,0.000000,1.000000,0.000000,0.000000,0.000000
1341,22.349831,0,1,3.422124,14.090025,0.000000,4.952161,-14.670320,0.000000,0.000000,0.000000,0.000000,1.000000,0.000000,0.000000,0.000000
1342,22.366497,0,1,3.504666,13.842908,0.000000,4.952425,-14.829261,0.000000,0.000000,0.000000,0.000000,1.000000,0.000000,0.000000,0.000000
1343,22.383163,0,1,3.587214,13.593143,0.000000,4.952729,-14.988206,0.000000,0.000000,0.000000,0.000000,1.000000,0.000000,0.000000,0.000000
1344,22.399830,0,1,3.669769,13.340728,0.000000,4.953073,-15.147154,0.000000,0.000000,0.000000,0.000000,1.000000,0.000000,0.000000,0.000000
1345,22.416496,0,1,3.752330,13.085664,0.000000,4.953457,-15.306106,0.000000,0.000000,0.000000,0.000000,1.000000,0.000000,0.000000,0.000000
1346,22.433163,0,1,3.834898,12.827950,0.000000,4.953880,-15.465060,0.000000,0.000000,0.000000,0.000000,1.000000,0.000000,0.000000,0.000000
1347,22.449829,0,1,3.917474,12.567587,0.000000,4.954342,-15.624021,0.000000,0.000000,0.000000,0.000000,1.000000,0.000000,0.000000,0.000000
1348,22.466496,0,1,4.000059,12.304575,0.000000,4.954844,-15.782984,0.000000,0.000000,0.000000,0.000000,1.000000,0.000000,0.000000,0.000000
1349,22.483162,0,1,4.082653,12.038914,0.000000,4.955386,-15.941954,0.000000,0.000000,0.000000,0.000000,1.000000,0.000000,0.000000,0.000000
1350,22.499828,0,1,4.165257,11.770603,0.000000,4.955967,-16.100927,0.000000,0.000000,0.000000,0.000000,1.000000,0.000000,0.000000,0.000000
1351,22.516495,0,1,4.247872,11.499641,0.000000,4.956588,-16.259909,0.000000,0.000000,0.000000,0.000000,1.000000,0.000000,0.000000,0.000000
1352,22.533161,0,1,4.330498,11.226031,0.000000,4.957248,-16.418894,0.000000,0.000000,0.000000,0.000000,1.000000,0.000000,0.000000,0.000000
1353,22.549828,0,1,4.413136,10.949770,0.000000,4.957947,-16.577887,0.000000,0.000000,0.000000,0.000000,1.000000,0.000000,0.000000,0.000000
1354,22.566494,0,1,4.495788,10.670860,0.000000,4.958685,-16.736885,0.000000,0.000000,0.000000,0.000000,1.000000,0.000000,0.000000,0.000000
1355,22.583160,0,1,4.578453,10.389299,0.000000,4.959463,-16.895889,0.000000,0.000000,0.000000,0.000000,1.000000,0.000000,0.000000,0.000000
1356,22.599827,0,1,4.661130,10.105088,0.000000,4.960279,-17.054903,0.000000,0.000000,0.000000,0.000000,1.000000,0.000000,0.000000,0.000000
1357,22.616493,0,1,4.743823,9.818227,0.000000,4.961134,-17.213924,0.000000,0.000000,0.000000,0.000000,1.000000,0.000000,0.000000,0.000000
1358,22.633160,0,1,4.826531,9.528715,0.000000,4.962029,-17.372952,0.000000,0.000000,0.000000,0.000000,1.000000,0.000000,0.000000,0.000000
1359,22.649826,0,1,4.909256,9.236551,0.000000,4.962963,-17.531990,0.000000,0.000000,0.000000,0.000000,1.000000,0.000000,0.000000,0.000000
1360,22.666492,0,1,4.991996,8.941738,0.000000,4.963935,-17.691034,0.000000,0.000000,0.000000,0.000000,1.000000,0.000000,0.000000,0.000000
1361,22.683159,0,1,5.074754,8.644274,0.000000,4.964946,-17.850090,0.000000,0.000000,0.000000,0.000000,1.000000,0.000000,0.000000,0.000000
1362,22.699825,0,1,5.157529,8.344158,0.000000,4.965996,-18.009153,0.000000,0.000000,0.000000,0.000000,1.000000,0.000000,0.000000,0.000000
1363,22.716492,0,1,5.046577,8.366397,0.000000,-4.326153,-2.577712,0.000000,0.000000,0.000000,0.000000,1.000000,0.000000,0.000000,0.000000
1364,22.733158,0,1,4.972754,8.323653,0.000000,-4.418715,-2.582860,0.000000,0.000000,0.000000,0.000000,1.000000,0.000000,0.000000,0.000000
1365,22.749825,0,1,4.897391,8.280879,0.000000,-4.510962,-2.585409,0.000000,0.000000,0.000000,0.000000,1.000000,0.000000,0.000000,0.000000
1366,22.766491,0,1,4.820493,8.238117,0.000000,-4.602837,-2.585340,0.000000,0.000000,0.000000,0.000000,1.000000,0.000000,0.000000,0.000000
1367,22.783157,0,1,4.742068,8.195413,0.000000,-4.694278,-2.582633,0.000000,0.000000,0.000000,0.000000,1.000000,0.000000,0.000000,0.000000
1368,22.799824,0,1,4.662125,8.152809,0.000000,-4.785223,-2.577276,0.000000,0.000000,0.000000,0.000000,1.000000,0.000000,0.000000,0.000000
1369,22.816490,0,1,4.580674,8.110351,0.000000,-4.875607,-2.569255,0.000000,0.000000,0.000000,0.000000,1.000000,0.000000,0.000000,0.000000
1370,22.833157,0,1,4.497725,8.068083,0.000000,-4.965366,-2.558563,0.000000,0.000000,0.000000,0.000000,1.000000,0.000000,0.000000,0.000000
1371,22.849823,0,1,4.413289,8.026051,0.000000,-5.054430,-2.545191,0.000000,0.000000,0.000000,0.000000,1.000000,0.000000,0.000000,0.000000
1372,22.866489,0,1,4.524574,8.081417,0.000000,1.487404,0.731489,0.000000,0.000000,0.000000,0.000000,1.000000,0.000000,0.000000,0.000000
1373,22.883156,0,1,4.584572,8.112415,0.000000,2.809464,1.425297,0.000000,0.000000,0.000000,0.000000,1.000000,0.000000,0.000000,0.000000
1374,22.899822,0,1,4.658605,8.150705,0.000000,3.875273,1.999021,0.000000,0.000000,0.000000,0.000000,1.000000,0.000000,0.000000,0.000000
1375,22.916489,0,1,4.743079,8.195274,0.000000,4.649573,2.447712,0.000000,0.000000,0.000000,0.000000,1.000000,0.000000,0.000000,0.000000
1376,22.933155,0,1,4.827007,8.240737,0.000000,4.883076,2.630498,0.000000,0.000000,0.000000,0.000000,1.000000,0.000000,0.000000,0.000000
1377,22.949821,0,1,4.898705,8.280776,0.000000,4.470096,2.463356,0.000000,0.000000,0.000000,0.000000,1.000000,0.000000,0.000000,0.000000
1378,22.966488,0,1,4.951955,8.311351,0.000000,3.591944,2.018055,0.000000,0.000000,0.000000,0.000000,1.000000,0.000000,0.000000,0.000000
1379,22.983154,0,1,4.986017,8.331270,0.000000,2.525096,1.439138,0.000000,0.000000,0.000000,0.000000,1.000000,0.000000,0.000000,0.000000
1380,22.999821,0,1,5.002145,8.340818,0.000000,1.446287,0.831865,0.000000,0.000000,0.000000,0.000000,1.000000,0.000000,0.000000,0.000000
1381,23.016487,0,1,5.001855,8.340758,0.000000,0.428031,0.247260,0.000000,0.000000,0.000000,0.000000,1.000000,0.000000,0.000000,0.000000
1382,23.033154,0,1,4.986536,8.331947,0.000000,-0.511444,-0.295427,0.000000,0.000000,0.000000,0.000000,1.000000,0.000000,0.000000,0.000000
1383,23.049820,0,1,4.957379,8.315207,0.000000,-1.375635,-0.791372,0.000000,0.000000,0.000000,0.000000,1.000000,0.000000,0.000000,0.000000
1384,23.066486,0,1,4.915374,8.291301,0.000000,-2.174768,-1.241383,0.000000,0.000000,0.000000,0.000000,1.000000,0.000000,0.000000,0.000000
1385,23.083153,0,1,4.861330,8.260933,0.000000,-2.919806,-1.648000,0.000000,0.000000,0.000000,0.000000,1.000000,0.000000,0.000000,0.000000
1386,23.099819,0,1,4.795909,8.224762,0.000000,-3.620387,-2.013933,0.000000,0.000000,0.000000,0.000000,1.000000,0.000000,0.000000,0.000000
1387,23.116486,0,1,4.719661,8.183408,0.000000,-4.284353,-2.341517,0.000000,0.000000,0.000000,0.000000,1.000000,0.000000,0.000000,0.000000
1388,23.133152,0,1,4.633046,8.137467,0.000000,-4.917821,-2.632587,0.000000,0.000000,0.000000,0.000000,1.000000,0.000000,0.000000,0.000000
1389,23.149818,0,1,4.536457,8.087517,0.000000,-5.525375,-2.888488,0.000000,0.000000,0.000000,0.000000,1.000000,0.000000,0.000000,0.000000
1390,23.166485,0,1,4.430157,8.034309,0.000000,-6.110346,-3.110168,0.000000,0.000000,0.000000,0.000000,1.000000,0.000000,0.000000,0.000000
1391,23.183151,0,1,4.314525,7.978370,0.000000,-6.674502,-3.298028,0.000000,0.000000,0.000000,0.000000,1.000000,0.000000,0.000000,0.000000
1392,23.199818,0,1,4.189934,7.920102,0.000000,-7.219392,-3.452618,0.000000,0.000000,0.000000,0.000000,1.000000,0.000000,0.000000,0.000000
1393,23.216484,0,1,4.056683,7.860027,0.000000,-7.746106,-3.574454,0.000000,0.000000,0.000000,0.000000,1.000000,0.000000,0.000000,0.000000
1394,23.233150,0,1,3.915382,7.797352,0.000000,-8.233732,-3.753017,0.000000,0.000000,0.000000,0.000000,1.000000,0.000000,0.000000,0.000000
1395,23.249817,0,1,3.765422,7.736245,0.000000,-8.747857,-3.721886,0.000000,0.000000,0.000000,0.000000,1.000000,0.000000,0.000000,0.000000
1396,23.266483,0,1,3.608161,7.673181,0.000000,-9.206699,-3.817651,0.000000,0.000000,0.000000,0.000000,1.000000,0.000000,0.000000,0.000000
1397,23.283150,0,1,3.443228,7.612023,0.000000,-9.669153,-3.740596,0.000000,0.000000,0.000000,0.000000,1.000000,0.000000,0.000000,0.000000
1398,23.299816,0,1,3.271472,7.550475,0.000000,-10.093260,-3.763346,0.000000,0.000000,0.000000,0.000000,1.000000,0.000000,0.000000,0.000000
1399,23.316483,0,1,3.093043,7.489420,0.000000,-10.501323,-3.751218,0.000000,0.000000,0.000000,0.000000,1.000000,0.000000,0.000000,0.000000
1400,23.333149,0,1,2.908335,7.432705,0.000000,-10.888108,-3.541044,0.000000,0.000000,0.000000,0.000000,1.000000,0.000000,0.000000,0.000000
1401,23.349815,0,1,2.717977,7.376736,0.000000,-11.243827,-3.473508,0.000000,0.000000,0.000000,0.000000,1.000000,0.000000,0.000000,0.000000
1402,23.366482,0,1,2.522231,7.322598,0.000000,-11.577575,-3.378052,0.000000,0.000000,0.000000,0.000000,1.000000,0.000000,0.000000,0.000000
1403,23.383148,0,1,2.321806,7.273771,0.000000,-11.872703,-3.094395,0.000000,0.000000,0.000000,0.000000,1.000000,0.000000,0.000000,0.000000
1404,23.399815,0,1,2.117058,7.226916,0.000000,-12.147490,-2.960139,0.000000,0.000000,0.000000,0.000000,1.000000,0.000000,0.000000,0.000000
1405,23.416481,0,1,1.908390,7.182801,0.000000,-12.395762,-2.805961,0.000000,0.000000,0.000000,0.000000,1.000000,0.000000,0.000000,0.000000
1406,23.433147,0,1,1.696668,7.145245,0.000000,-12.596004,-2.448569,0.000000,0.000000,0.000000,0.000000,1.000000,0.000000,0.000000,0.000000
1407,23.449814,0,1,1.482077,7.110206,0.000000,-12.782309,-2.272225,0.000000,0.000000,0.000000,0.000000,1.000000,0.000000,0.000000,0.000000
1408,23.466480,0,1,1.265318,7.080957,0.000000,-12.927091,-1.937245,0.000000,0.000000,0.000000,0.000000,1.000000,0.000000,0.000000,0.000000
1409,23.483147,0,1,1.046700,7.054840,0.000000,-13.053716,-1.745108,0.000000,0.000000,0.000000,0.000000,1.000000,0.000000,0.000000,0.000000
1410,23.499813,0,1,0.826823,7.034845,0.000000,-13.143825,-1.383350,0.000000,0.000000,0.000000,0.000000,1.000000,0.000000,0.000000,0.000000
1411,23.516479,0,1,0.606065,7.018138,0.000000,-13.211573,-1.184095,0.000000,0.000000,0.000000,0.000000,1.000000,0.000000,0.000000,0.000000
1412,23.533146,0,1,0.384851,7.007868,0.000000,-13.253227,-0.804691,0.000000,0.000000,0.000000,0.000000,1.000000,0.000000,0.000000,0.000000
1413,23.549812,0,1,0.163703,7.000814,0.000000,-13.263657,-0.605056,0.000000,0.000000,0.000000,0.000000,1.000000,0.000000,0.000000,0.000000
1414,23.566479,0,1,-0.057192,7.000417,0.000000,-13.261518,-0.217113,0.000000,0.000000,0.000000,0.000000,1.000000,0.000000,0.000000,0.000000
1415,23.583145,0,1,-0.277080,7.003030,0.000000,-13.216034,-0.022557,0.000000,0.000000,0.000000,0.000000,1.000000,0.000000,0.000000,0.000000
1416,23.599812,0,1,-0.496041,7.012381,0.000000,-13.171234,0.365059,0.000000,0.000000,0.000000,0.000000,1.000000,0.000000,0.000000,0.000000
1417,23.616478,0,1,-0.713047,7.024442,0.000000,-13.070726,0.549374,0.000000,0.000000,0.000000,0.000000,1.000000,0.000000,0.000000,0.000000
1418,23.633144,0,1,-0.928418,7.043159,0.000000,-12.980798,0.927860,0.000000,0.000000,0.000000,0.000000,1.000000,0.000000,0.000000,0.000000
1419,23.649811,0,1,-1.141207,7.065909,0.000000,-12.844838,1.197708,0.000000,0.000000,0.000000,0.000000,1.000000,0.000000,0.000000,0.000000
1420,23.666477,0,1,-1.350751,7.091159,0.000000,-12.663478,1.354576,0.000000,0.000000,0.000000,0.000000,1.000000,0.000000,0.000000,0.000000
1421,23.683144,0,1,-1.557390,7.122324,0.000000,-12.498063,1.703709,0.000000,0.000000,0.000000,0.000000,1.000000,0.000000,0.000000,0.000000
1422,23.699810,0,1,-1.759836,7.155350,0.000000,-12.264064,1.834174,0.000000,0.000000,0.000000,0.000000,1.000000,0.000000,0.000000,0.000000
1423,23.716476,0,1,-1.958502,7.193892,0.000000,-12.043719,2.152943,0.000000,0.000000,0.000000,0.000000,1.000000,0.000000,0.000000,0.000000
1424,23.733143,0,1,-2.152118,7.233538,0.000000,-11.759539,2.248710,0.000000,0.000000,0.000000,0.000000,1.000000,0.000000,0.000000,0.000000
1425,23.749809,0,1,-2.341045,7.278121,0.000000,-11.483366,2.530452,0.000000,0.000000,0.000000,0.000000,1.000000,0.000000,0.000000,0.000000
1426,23.766476,0,1,-2.524165,7.322973,0.000000,-11.153024,2.582787,0.000000,0.000000,0.000000,0.000000,1.000000,0.000000,0.000000,0.000000
1427,23.783142,0,1,-2.701702,7.372103,0.000000,-10.822404,2.822927,0.000000,0.000000,0.000000,0.000000,1.000000,0.000000,0.000000,0.000000
1428,23.799809,0,1,-2.872785,7.420528,0.000000,-10.451346,2.823245,0.000000,0.000000,0.000000,0.000000,1.000000,0.000000,0.000000,0.000000
1429,23.816475,0,1,-3.037424,7.472614,0.000000,-10.068972,3.019581,0.000000,0.000000,0.000000,0.000000,1.000000,0.000000,0.000000,0.000000
1430,23.833141,0,1,-3.195093,7.522810,0.000000,-9.663815,2.959700,0.000000,0.000000,0.000000,0.000000,1.000000,0.000000,0.000000,0.000000
1431,23.849808,0,1,-3.345470,7.576195,0.000000,-9.232312,3.112536,0.000000,0.000000,0.000000,0.000000,1.000000,0.000000,0.000000,0.000000
1432,23.866474,0,1,-3.488210,7.628464,0.000000,-8.781915,3.117598,0.000000,0.000000,0.000000,0.000000,1.000000,0.000000,0.000000,0.000000
1433,23.883141,0,1,-3.623596,7.677663,0.000000,-8.342994,2.952677,0.000000,0.000000,0.000000,0.000000,1.000000,0.000000,0.000000,0.000000
1434,23.899807,0,1,-3.750295,7.729496,0.000000,-7.838856,3.046967,0.000000,0.000000,0.000000,0.000000,1.000000,0.000000,0.000000,0.000000
1435,23.916473,0,1,-3.868661,7.778541,0.000000,-7.336185,2.967784,0.000000,0.000000,0.000000,0.000000,1.000000,0.000000,0.000000,0.000000
1436,23.933140,0,1,-3.978508,7.825266,0.000000,-6.820097,2.861222,0.000000,0.000000,0.000000,0.000000,1.000000,0.000000,0.000000,0.000000
1437,23.949806,0,1,-4.079460,7.869467,0.000000,-6.287990,2.726707,0.000000,0.000000,0.000000,0.000000,1.000000,0.000000,0.000000,0.000000
1438,23.966473,0,1,-4.171114,7.910892,0.000000,-5.738466,2.563907,0.000000,0.000000,0.000000,0.000000,1.000000,0.000000,0.000000,0.000000
1439,23.983139,0,1,-4.253104,7.949073,0.000000,-5.169709,2.372449,0.000000,0.000000,0.000000,0.000000,1.000000,0.000000,0.000000,0.000000
1440,23.999805,0,1,-4.325134,7.983373,0.000000,-4.579908,2.152136,0.000000,0.000000,0.000000,0.000000,1.000000,0.000000,0.000000,0.000000
1441,24.016472,0,1,-4.386806,8.013309,0.000000,-3.967200,1.903003,0.000000,0.000000,0.000000,0.000000,1.000000,0.000000,0.000000,0.000000
1442,24.033138,0,1,-4.437668,8.038397,0.000000,-3.328808,1.624940,0.000000,0.000000,0.000000,0.000000,1.000000,0.000000,0.000000,0.000000
1443,24.049805,0,1,-4.477211,8.058156,0.000000,-2.661658,1.318018,0.000000,0.000000,0.000000,0.000000,1.000000,0.000000,0.000000,0.000000
1444,24.066471,0,1,-4.504878,8.072116,0.000000,-1.962928,0.982845,0.000000,0.000000,0.000000,0.000000,1.000000,0.000000,0.000000,0.000000
1445,24.083138,0,1,-4.520104,8.079845,0.000000,-1.231228,0.621259,0.000000,0.000000,0.000000,0.000000,1.000000,0.000000,0.000000,0.000000
1446,24.099804,0,1,-4.522396,8.081007,0.000000,-0.469054,0.237684,0.000000,0.000000,0.000000,0.000000,1.000000,0.000000,0.000000,0.000000
1447,24.116470,0,1,-4.511516,8.075454,0.000000,0.312563,-0.158486,0.000000,0.000000,0.000000,0.000000,1.000000,0.000000,0.000000,0.000000
1448,24.133137,0,1,-4.487816,8.063414,0.000000,1.086175,-0.549081,0.000000,0.000000,0.000000,0.000000,1.000000,0.000000,0.000000,0.000000
1449,24.149803,0,1,-4.452771,8.045745,0.000000,1.797661,-0.902758,0.000000,0.000000,0.000000,0.000000,1.000000,0.000000,0.000000,0.000000
1450,24.166470,0,1,-4.409522,8.024183,0.000000,2.361200,-1.174177,0.000000,0.000000,0.000000,0.000000,1.000000,0.000000,0.000000,0.000000
1451,24.183136,0,1,-4.362950,8.001313,0.000000,2.677522,-1.315378,0.000000,0.000000,0.000000,0.000000,1.000000,0.000000,0.000000,0.000000
1452,24.199802,0,1,-4.318642,7.979949,0.000000,2.685428,-1.302011,0.000000,0.000000,0.000000,0.000000,1.000000,0.000000,0.000000,0.000000
1453,24.216469,0,1,-4.281153,7.962212,0.000000,2.407946,-1.152882,0.000000,0.000000,0.000000,0.000000,1.000000,0.000000,0.000000,0.000000
1454,24.233135,0,1,-4.253008,7.949109,0.000000,1.935682,-0.916922,0.000000,0.000000,0.000000,0.000000,1.000000,0.000000,0.000000,0.000000
1455,24.249802,0,1,-4.235014,7.940832,0.000000,1.368312,-0.642969,0.000000,0.000000,0.000000,0.000000,1.000000,0.000000,0.000000,0.000000
1456,24.266468,0,1,-4.227015,7.937200,0.000000,0.777601,-0.363516,0.000000,0.000000,0.000000,0.000000,1.000000,0.000000,0.000000,0.000000
1457,24.283134,0,1,-4.228428,7.937916,0.000000,0.204046,-0.095170,0.000000,0.000000,0.000000,0.000000,1.000000,0.000000,0.000000,0.000000
1458,24.299801,0,1,-4.238523,7.942654,0.000000,-0.333422,0.155577,0.000000,0.000000,0.000000,0.000000,1.000000,0.000000,0.000000,0.000000
1459,24.316467,0,1,-4.256548,7.951109,0.000000,-0.828103,0.387524,0.000000,0.000000,0.000000,0.000000,1.000000,0.000000,0.000000,0.000000
1460,24.333134,0,1,-4.281781,7.963008,0.000000,-1.279393,0.601819,0.000000,0.000000,0.000000,0.000000,1.000000,0.000000,0.000000,0.000000
1461,24.349800,0,1,-4.313555,7.978109,0.000000,-1.689427,0.800461,0.000000,0.000000,0.000000,0.000000,1.000000,0.000000,0.000000,0.000000
1462,24.366467,0,1,-4.351263,7.996207,0.000000,-2.061349,0.985574,0.000000,0.000000,0.000000,0.000000,1.000000,0.000000,0.000000,0.000000
1463,24.383133,0,1,-4.394350,8.017128,0.000000,-2.398480,1.159113,0.000000,0.000000,0.000000,0.000000,1.000000,0.000000,0.000000,0.000000
1464,24.399799,0,1,-4.442316,8.040721,0.000000,-2.703962,1.322757,0.000000,0.000000,0.000000,0.000000,1.000000,0.000000,0.000000,0.000000
1465,24.416466,0,1,-4.494700,8.066854,0.000000,-2.980612,1.477889,0.000000,0.000000,0.000000,0.000000,1.000000,0.000000,0.000000,0.000000
1466,24.433132,0,1,-4.551085,8.095416,0.000000,-3.230915,1.625631,0.000000,0.000000,0.000000,0.000000,1.000000,0.000000,0.000000,0.000000
1467,24.449799,0,1,-4.611081,8.126304,0.000000,-3.457023,1.766866,0.000000,0.000000,0.000000,0.000000,1.000000,0.000000,0.000000,0.000000
1468,24.466465,0,1,-4.674330,8.159428,0.000000,-3.660804,1.902281,0.000000,0.000000,0.000000,0.000000,1.000000,0.000000,0.000000,0.000000
1469,24.483131,0,1,-4.740473,8.194751,0.000000,-3.843877,2.032397,0.000000,0.000000,0.000000,0.000000,1.000000,0.000000,0.000000,0.000000
1470,24.499798,0,1,-4.809169,8.232226,0.000000,-4.007565,2.157548,0.000000,0.000000,0.000000,0.000000,1.000000,0.000000,0.000000,0.000000
1471,24.516464,0,1,-4.880169,8.271694,0.000000,-4.153051,2.277970,0.000000,0.000000,0.000000,0.000000,1.000000,0.000000,0.000000,0.000000
1472,24.533131,0,1,-4.954379,8.311436,0.000000,-4.352686,2.294467,0.000000,0.000000,0.000000,0.000000,1.000000,0.000000,0.000000,0.000000
1473,24.549797,0,1,-5.028346,8.355966,0.000000,-4.397196,2.507362,0.000000,0.000000,0.000000,0.000000,1.000000,0.000000,0.000000,0.000000
1474,24.566463,0,1,-5.104463,8.401187,0.000000,-4.492378,2.613274,0.000000,0.000000,0.000000,0.000000,1.000000,0.000000,0.000000,0.000000
1475,24.583130,0,1,-5.182987,8.446894,0.000000,-4.638400,2.644827,0.000000,0.000000,0.000000,0.000000,1.000000,0.000000,0.000000,0.000000
1476,24.599796,0,1,-5.261066,8.496037,0.000000,-4.647239,2.816120,0.000000,0.000000,0.000000,0.000000,1.000000,0.000000,0.000000,0.000000
1477,24.616463,0,1,-5.341355,8.545231,0.000000,-4.760828,2.852241,0.000000,0.000000,0.000000,0.000000,1.000000,0.000000,0.000000,0.000000
1478,24.633129,0,1,-5.421021,8.597288,0.000000,-4.749831,3.000736,0.000000,0.000000,0.000000,0.000000,1.000000,0.000000,0.000000,0.000000
1479,24.649796,0,1,-5.502294,8.649633,0.000000,-4.834276,3.039736,0.000000,0.000000,0.000000,0.000000,1.000000,0.000000,0.000000,0.000000
1480,24.666462,0,1,-5.582909,8.704235,0.000000,-4.806823,3.167352,0.000000,0.000000,0.000000,0.000000,1.000000,0.000000,0.000000,0.000000
1481,24.683128,0,1,-5.664457,8.759379,0.000000,-4.864232,3.207042,0.000000,0.000000,0.000000,0.000000,1.000000,0.000000,0.000000,0.000000
1482,24.699795,0,1,-5.746657,8.815249,0.000000,-4.909399,3.249258,0.000000,0.000000,0.000000,0.000000,1.000000,0.000000,0.000000,0.000000
1483,24.716461,0,1,-5.826890,8.873635,0.000000,-4.819075,3.383557,0.000000,0.000000,0.000000,0.000000,1.000000,0.000000,0.000000,0.000000
1484,24.733128,0,1,-5.907704,8.932287,0.000000,-4.838957,3.419615,0.000000,0.000000,0.000000,0.000000,1.000000,0.000000,0.000000,0.000000
1485,24.749794,0,1,-5.988561,8.991567,0.000000,-4.847280,3.456503,0.000000,0.000000,0.000000,0.000000,1.000000,0.000000,0.000000,0.000000
1486,24.766460,0,1,-6.069269,9.051448,0.000000,-4.844042,3.492871,0.000000,0.000000,0.000000,0.000000,1.000000,0.000000,0.000000,0.000000
1487,24.783127,0,1,-6.147405,9.113367,0.000000,-4.716920,3.601694,0.000000,0.000000,0.000000,0.000000,1.000000,0.000000,0.000000,0.000000
1488,24.799793,0,1,-6.225397,9.175425,0.000000,-4.691990,3.628491,0.000000,0.000000,0.000000,0.000000,1.000000,0.000000,0.000000,0.000000
1489,24.816460,0,1,-6.302705,9.237889,0.000000,-4.656355,3.653535,0.000000,0.000000,0.000000,0.000000,1.000000,0.000000,0.000000,0.000000
1490,24.833126,0,1,-6.379159,9.300698,0.000000,-4.610287,3.675675,0.000000,0.000000,0.000000,0.000000,1.000000,0.000000,0.000000,0.000000
1491,24.849792,0,1,-6.454590,9.363790,0.000000,-4.554014,3.694347,0.000000,0.000000,0.000000,0.000000,1.000000,0.000000,0.000000,0.000000
1492,24.866459,0,1,-6.528835,9.427093,0.000000,-4.487795,3.709000,0.000000,0.000000,0.000000,0.000000,1.000000,0.000000,0.000000,0.000000
1493,24.883125,0,1,-6.601736,9.490526,0.000000,-4.411918,3.719105,0.000000,0.000000,0.000000,0.000000,1.000000,0.000000,0.000000,0.000000
1494,24.899792,0,1,-6.673136,9.554001,0.000000,-4.326695,3.724152,0.000000,0.000000,0.000000,0.000000,1.000000,0.000000,0.000000,0.000000
1495,24.916458,0,1,-6.742891,9.617420,0.000000,-4.232473,3.723646,0.000000,0.000000,0.000000,0.000000,1.000000,0.000000,0.000000,0.000000
1496,24.933125,0,1,-6.810860,9.680682,0.000000,-4.129611,3.717127,0.000000,0.000000,0.000000,0.000000,1.000000,0.000000,0.000000,0.000000
1497,24.949791,0,1,-6.876908,9.743673,0.000000,-4.018496,3.704156,0.000000,0.000000,0.000000,0.000000,1.000000,0.000000,0.000000,0.000000
1498,24.966457,0,1,-6.940907,9.806276,0.000000,-3.899540,3.684312,0.000000,0.000000,0.000000,0.000000,1.000000,0.000000,0.000000,0.000000
1499,24.983124,0,1,-7.002739,9.868366,0.000000,-3.773170,3.657203,0.000000,0.000000,0.000000,0.000000,1.000000,0.000000,0.000000,0.000000
1500,24.999790,0,1,-7.062291,9.929814,0.000000,-3.639835,3.622466,0.000000,0.000000,0.000000,0.000000,1.000000,0.000000,0.000000,0.000000
1501,25.016457,0,1,-7.119458,9.990484,0.000000,-3.499995,3.579764,0.000000,0.000000,0.000000,0.000000,1.000000,0.000000,0.000000,0.000000
1502,25.033123,0,1,-7.174142,10.050235,0.000000,-3.354130,3.528789,0.000000,0.000000,0.000000,0.000000,1.000000,0.000000,0.000000,0.000000
1503,25.049789,0,1,-7.226259,10.108923,0.000000,-3.202735,3.469256,0.000000,0.000000,0.000000,0.000000,1.000000,0.000000,0.000000,0.000000
1504,25.066456,0,1,-7.275726,10.166398,0.000000,-3.046308,3.400918,0.000000,0.000000,0.000000,0.000000,1.000000,0.000000,0.000000,0.000000
1505,25.083122,0,1,-7.322474,10.222509,0.000000,-2.885365,3.323552,0.000000,0.000000,0.000000,0.000000,1.000000,0.000000,0.000000,0.000000
1506,25.099789,0,1,-7.366438,10.277100,0.000000,-2.720423,3.236965,0.000000,0.000000,0.000000,0.000000,1.000000,0.000000,0.000000,0.000000
1507,25.116455,0,1,-7.407568,10.330013,0.000000,-2.552021,3.140992,0.000000,0.000000,0.000000,0.000000,1.000000,0.000000,0.000000,0.000000
1508,25.133121,0,1,-7.445817,10.381088,0.000000,-2.380680,3.035504,0.000000,0.000000,0.000000,0.000000,1.000000,0.000000,0.000000,0.000000
1509,25.149788,0,1,-7.481150,10.430166,0.000000,-2.206946,2.920395,0.000000,0.000000,0.000000,0.000000,1.000000,0.000000,0.000000,0.000000
1510,25.166454,0,1,-7.513542,10.477082,0.000000,-2.031349,2.795594,0.000000,0.000000,0.000000,0.000000,1.000000,0.000000,0.000000,0.000000
1511,25.183121,0,1,-7.542974,10.521675,0.000000,-1.854433,2.661057,0.000000,0.000000,0.000000,0.000000,1.000000,0.000000,0.000000,0.000000
1512,25.199787,0,1,-7.569437,10.563781,0.000000,-1.676730,2.516771,0.000000,0.000000,0.000000,0.000000,1.000000,0.000000,0.000000,0.000000
1513,25.216454,0,1,-7.592933,10.603239,0.000000,-1.498780,2.362751,0.000000,0.000000,0.000000,0.000000,1.000000,0.000000,0.000000,0.000000
1514,25.233120,0,1,-7.613470,10.639889,0.000000,-1.321102,2.199041,0.000000,0.000000,0.000000,0.000000,1.000000,0.000000,0.000000,0.000000
1515,25.249786,0,1,-7.631064,10.673568,0.000000,-1.144219,2.025712,0.000000,0.000000,0.000000,0.000000,1.000000,0.000000,0.000000,0.000000
1516,25.266453,0,1,-7.645745,10.704122,0.000000,-0.968652,1.842865,0.000000,0.000000,0.000000,0.000000,1.000000,0.000000,0.000000,0.000000
1517,25.283119,0,1,-7.657544,10.731393,0.000000,-0.794896,1.650626,0.000000,0.000000,0.000000,0.000000,1.000000,0.000000,0.000000,0.000000
1518,25.299786,0,1,-7.666505,10.755229,0.000000,-0.623452,1.449148,0.000000,0.000000,0.000000,0.000000,1.000000,0.000000,0.000000,0.000000
1519,25.316452,0,1,-7.672679,10.775479,0.000000,-0.454803,1.238608,0.000000,0.000000,0.000000,0.000000,1.000000,0.000000,0.000000,0.000000
1520,25.333118,0,1,-7.676123,10.792000,0.000000,-0.289420,1.019210,0.000000,0.000000,0.000000,0.000000,1.000000,0.000000,0.000000,0.000000
1521,25.349785,0,1,-7.676904,10.804648,0.000000,-0.127754,0.791179,0.000000,0.000000,0.000000,0.000000,1.000000,0.000000,0.000000,0.000000
1522,25.366451,0,1,-7.675095,10.813287,0.000000,0.029754,0.554763,0.000000,0.000000,0.000000,0.000000,1.000000,0.000000,0.000000,0.000000
1523,25.383118,0,1,-7.670774,10.817782,0.000000,0.182680,0.310233,0.000000,0.000000,0.000000,0.000000,1.000000,0.000000,0.000000,0.000000
1524,25.399784,0,1,-7.664031,10.818007,0.000000,0.330618,0.057880,0.000000,0.000000,0.000000,0.000000,1.000000,0.000000,0.000000,0.000000
1525,25.416451,0,1,-7.654954,10.813837,0.000000,0.473177,-0.201984,0.000000,0.000000,0.000000,0.000000,1.000000,0.000000,0.000000,0.000000
1526,25.433117,0,1,-7.643647,10.805157,0.000000,0.609992,-0.469033,0.000000,0.000000,0.000000,0.000000,1.000000,0.000000,0.000000,0.000000
1527,25.449783,0,1,-7.630211,10.791855,0.000000,0.740712,-0.742919,0.000000,0.000000,0.000000,0.000000,1.000000,0.000000,0.000000,0.000000
1528,25.466450,0,1,-7.614757,10.773827,0.000000,0.865010,-1.023281,0.000000,0.000000,0.000000,0.000000,1.000000,0.000000,0.000000,0.000000
1529,25.483116,0,1,-7.597399,10.750973,0.000000,0.982581,-1.309743,0.000000,0.000000,0.000000,0.000000,1.000000,0.000000,0.000000,0.000000
1530,25.499783,0,1,-7.578258,10.723202,0.000000,1.093138,-1.601913,0.000000,0.000000,0.000000,0.000000,1.000000,0.000000,0.000000,0.000000
1531,25.516449,0,1,-7.557456,10.690429,0.000000,1.196419,-1.899389,0.000000,0.000000,0.000000,0.000000,1.000000,0.000000,0.000000,0.000000
1532,25.533115,0,1,-7.535120,10.652575,0.000000,1.292186,-2.201757,0.000000,0.000000,0.000000,0.000000,1.000000,0.000000,0.000000,0.000000
1533,25.549782,0,1,-7.511383,10.609570,0.000000,1.380223,-2.508594,0.000000,0.000000,0.000000,0.000000,1.000000,0.000000,0.000000,0.000000
1534,25.566448,0,1,-7.486375,10.561349,0.000000,1.460338,-2.819468,0.000000,0.000000,0.000000,0.000000,1.000000,0.000000,0.000000,0.000000
1535,25.583115,0,1,-7.460236,10.507857,0.000000,1.532365,-3.133943,0.000000,0.000000,0.000000,0.000000,1.000000,0.000000,0.000000,0.000000
1536,25.599781,0,1,-7.433101,10.449045,0.000000,1.596158,-3.451571,0.000000,0.000000,0.000000,0.000000,1.000000,0.000000,0.000000,0.000000
1537,25.616447,0,1,-7.405112,10.384872,0.000000,1.651599,-3.771907,0.000000,0.000000,0.000000,0.000000,1.000000,0.000000,0.000000,0.000000
1538,25.633114,0,1,-7.376410,10.315304,0.000000,1.698592,-4.094500,0.000000,0.000000,0.000000,0.000000,1.000000,0.000000,0.000000,0.000000
1539,25.649780,0,1,-7.347139,10.240314,0.000000,1.737067,-4.418894,0.000000,0.000000,0.000000,0.000000,1.000000,0.000000,0.000000,0.000000
1540,25.666447,0,1,-7.317440,10.159883,0.000000,1.766975,-4.744634,0.000000,0.000000,0.000000,0.000000,1.000000,0.000000,0.000000,0.000000
1541,25.683113,0,1,-7.238109,10.099300,0.000000,3.783659,-4.047695,0.000000,0.000000,0.000000,0.000000,1.000000,0.000000,0.000000,0.000000
1542,25.699780,0,1,-7.166319,10.024706,0.000000,4.158949,-4.362300,0.000000,0.000000,0.000000,0.000000,1.000000,0.000000,0.000000,0.000000
1543,25.716446,0,1,-7.088396,9.945410,0.000000,4.537755,-4.662025,0.000000,0.000000,0.000000,0.000000,1.000000,0.000000,0.000000,0.000000
1544,25.733112,0,1,-7.003604,9.861073,0.000000,4.939651,-4.963323,0.000000,0.000000,0.000000,0.000000,1.000000,0.000000,0.000000,0.000000
1545,25.749779,0,1,-6.911617,9.771808,0.000000,5.361781,-5.260145,0.000000,0.000000,0.000000,0.000000,1.000000,0.000000,0.000000,0.000000
1546,25.766445,0,1,-6.812306,9.677944,0.000000,5.795732,-5.541895,0.000000,0.000000,0.000000,0.000000,1.000000,0.000000,0.000000,0.000000
1547,25.783112,0,1,-6.705853,9.580123,0.000000,6.225886,-5.792450,0.000000,0.000000,0.000000,0.000000,1.000000,0.000000,0.000000,0.000000
1548,25.799778,0,1,-6.592912,9.479388,0.000000,6.627944,-5.990129,0.000000,0.000000,0.000000,0.000000,1.000000,0.000000,0.000000,0.000000
1549,25.816444,0,1,-6.474707,9.377218,0.000000,6.970487,-6.110647,0.000000,0.000000,0.000000,0.000000,1.000000,0.000000,0.000000,0.000000
1550,25.833111,0,1,-6.352987,9.275382,0.000000,7.222071,-6.134348,0.000000,0.000000,0.000000,0.000000,1.000000,0.000000,0.000000,0.000000
1551,25.849777,0,1,-6.229745,9.175644,0.000000,7.362731,-6.055359,0.000000,0.000000,0.000000,0.000000,1.000000,0.000000,0.000000,0.000000
1552,25.866444,0,1,-6.106818,9.079410,0.000000,7.392724,-5.886080,0.000000,0.000000,0.000000,0.000000,1.000000,0.000000,0.000000,0.000000
1553,25.883110,0,1,-5.985582,8.987535,0.000000,7.331249,-5.652433,0.000000,0.000000,0.000000,0.000000,1.000000,0.000000,0.000000,0.000000
1554,25.899776,0,1,-5.866875,8.900366,0.000000,7.206685,-5.383637,0.000000,0.000000,0.000000,0.000000,1.000000,0.000000,0.000000,0.000000
1555,25.916443,0,1,-5.751082,8.817886,0.000000,7.046491,-5.104043,0.000000,0.000000,0.000000,0.000000,1.000000,0.000000,0.000000,0.000000
1556,25.933109,0,1,-5.638288,8.739881,0.000000,6.871941,-4.830182,0.000000,0.000000,0.000000,0.000000,1.000000,0.000000,0.000000,0.000000
1557,25.949776,0,1,-5.528389,8.666030,0.000000,6.697343,-4.571550,0.000000,0.000000,0.000000,0.000000,1.000000,0.000000,0.000000,0.000000
1558,25.966442,0,1,-5.421183,8.595982,0.000000,6.531341,-4.332604,0.000000,0.000000,0.000000,0.000000,1.000000,0.000000,0.000000,0.000000
1559,25.983109,0,1,-5.316417,8.529386,0.000000,6.378644,-4.114674,0.000000,0.000000,0.000000,0.000000,1.000000,0.000000,0.000000,0.000000
1560,25.999775,0,1,-5.213818,8.465906,0.000000,6.241469,-3.917337,0.000000,0.000000,0.000000,0.000000,1.000000,0.000000,0.000000,0.000000
1561,26.016441,0,1,-5.113116,8.405239,0.000000,6.120537,-3.739280,0.000000,0.000000,0.000000,0.000000,1.000000,0.000000,0.000000,0.000000
1562,26.033108,0,1,-5.014043,8.347104,0.000000,6.015748,-3.578833,0.000000,0.000000,0.000000,0.000000,1.000000,0.000000,0.000000,0.000000
1563,26.049774,0,1,-4.916345,8.291255,0.000000,5.926547,-3.434221,0.000000,0.000000,0.000000,0.000000,1.000000,0.000000,0.000000,0.000000
1564,26.066441,0,1,-4.819783,8.237471,0.000000,5.852197,-3.303739,0.000000,0.000000,0.000000,0.000000,1.000000,0.000000,0.000000,0.000000
1565,26.083107,0,1,-4.724128,8.185554,0.000000,5.791885,-3.185796,0.000000,0.000000,0.000000,0.000000,1.000000,0.000000,0.000000,0.000000
1566,26.099773,0,1,-4.629169,8.135333,0.000000,5.744802,-3.078943,0.000000,0.000000,0.000000,0.000000,1.000000,0.000000,0.000000,0.000000
1567,26.116440,0,1,-4.534703,8.086653,0.000000,5.710186,-2.981884,0.000000,0.000000,0.000000,0.000000,1.000000,0.000000,0.000000,0.000000
1568,26.133106,0,1,-4.440539,8.039379,0.000000,5.687326,-2.893451,0.000000,0.000000,0.000000,0.000000,1.000000,0.000000,0.000000,0.000000
1569,26.149773,0,1,-4.346497,7.993396,0.000000,5.675581,-2.812599,0.000000,0.000000,0.000000,0.000000,1.000000,0.000000,0.000000,0.000000
1570,26.166439,0,1,-4.252406,7.948596,0.000000,5.674367,-2.738393,0.000000,0.000000,0.000000,0.000000,1.000000,0.000000,0.000000,0.000000
1571,26.183105,0,1,-4.158103,7.904892,0.000000,5.683146,-2.669977,0.000000,0.000000,0.000000,0.000000,1.000000,0.000000,0.000000,0.000000
1572,26.199772,0,1,-4.063433,7.862206,0.000000,5.701442,-2.606586,0.000000,0.000000,0.000000,0.000000,1.000000,0.000000,0.000000,0.000000
1573,26.216438,0,1,-3.968247,7.820467,0.000000,5.728802,-2.547508,0.000000,0.000000,0.000000,0.000000,1.000000,0.000000,0.000000,0.000000
1574,26.233105,0,1,-3.872405,7.779624,0.000000,5.764806,-2.492085,0.000000,0.000000,0.000000,0.000000,1.000000,0.000000,0.000000,0.000000
1575,26.249771,0,1,-3.775769,7.739628,0.000000,5.809062,-2.439709,0.000000,0.000000,0.000000,0.000000,1.000000,0.000000,0.000000,0.000000
1576,26.266438,0,1,-3.678213,7.700442,0.000000,5.861182,-2.389804,0.000000,0.000000,0.000000,0.000000,1.000000,0.000000,0.000000,0.000000
1577,26.283104,0,1,-3.579613,7.662037,0.000000,5.920791,-2.341824,0.000000,0.000000,0.000000,0.000000,1.000000,0.000000,0.000000,0.000000
1578,26.299770,0,1,-3.479853,7.624395,0.000000,5.987507,-2.295250,0.000000,0.000000,0.000000,0.000000,1.000000,0.000000,0.000000,0.000000
1579,26.316437,0,1,-3.378824,7.587502,0.000000,6.060946,-2.249583,0.000000,0.000000,0.000000,0.000000,1.000000,0.000000,0.000000,0.000000
1580,26.333103,0,1,-3.276491,7.551383,0.000000,6.136429,-2.202806,0.000000,0.000000,0.000000,0.000000,1.000000,0.000000,0.000000,0.000000
1581,26.349770,0,1,-3.172825,7.516057,0.000000,6.210219,-2.153513,0.000000,0.000000,0.000000,0.000000,1.000000,0.000000,0.000000,0.000000
1582,26.366436,0,1,-3.067930,7.481597,0.000000,6.282249,-2.101707,0.000000,0.000000,0.000000,0.000000,1.000000,0.000000,0.000000,0.000000
1583,26.383102,0,1,-2.961870,7.448052,0.000000,6.352424,-2.047486,0.000000,0.000000,0.000000,0.000000,1.000000,0.000000,0.000000,0.000000
1584,26.399769,0,1,-2.854675,7.415461,0.000000,6.420662,-1.990920,0.000000,0.000000,0.000000,0.000000,1.000000,0.000000,0.000000,0.000000
1585,26.416435,0,1,-2.746382,7.383861,0.000000,6.486889,-1.932066,0.000000,0.000000,0.000000,0.000000,1.000000,0.000000,0.000000,0.000000
1586,26.433102,0,1,-2.637022,7.353291,0.000000,6.551030,-1.870983,0.000000,0.000000,0.000000,0.000000,1.000000,0.000000,0.000000,0.000000
1587,26.449768,0,1,-2.526636,7.323783,0.000000,6.613015,-1.807732,0.000000,0.000000,0.000000,0.000000,1.000000,0.000000,0.000000,0.000000
1588,26.466434,0,1,-2.415257,7.295375,0.000000,6.672772,-1.742382,0.000000,0.000000,0.000000,0.000000,1.000000,0.000000,0.000000,0.000000
1589,26.483101,0,1,-2.302927,7.268100,0.000000,6.730233,-1.675000,0.000000,0.000000,0.000000,0.000000,1.000000,0.000000,0.000000,0.000000
1590,26.499767,0,1,-2.189685,7.241988,0.000000,6.785332,-1.605660,0.000000,0.000000,0.000000,0.000000,1.000000,0.000000,0.000000,0.000000
1591,26.516434,0,1,-2.075570,7.217073,0.000000,6.838003,-1.534439,0.000000,0.000000,0.000000,0.000000,1.000000,0.000000,0.000000,0.000000
1592,26.533100,0,1,-1.960626,7.193384,0.000000,6.888185,-1.461415,0.000000,0.000000,0.000000,0.000000,1.000000,0.000000,0.000000,0.000000
1593,26.549767,0,1,-1.844894,7.170948,0.000000,6.935816,-1.386670,0.000000,0.000000,0.000000,0.000000,1.000000,0.000000,0.000000,0.000000
1594,26.566433,0,1,-1.728418,7.149793,0.000000,6.980841,-1.310290,0.000000,0.000000,0.000000,0.000000,1.000000,0.000000,0.000000,0.000000
1595,26.583099,0,1,-1.611244,7.129944,0.000000,7.023204,-1.232363,0.000000,0.000000,0.000000,0.000000,1.000000,0.000000,0.000000,0.000000
1596,26.599766,0,1,-1.493416,7.111423,0.000000,7.062854,-1.152980,0.000000,0.000000,0.000000,0.000000,1.000000,0.000000,0.000000,0.000000
1597,26.616432,0,1,-1.374980,7.094257,0.000000,7.099741,-1.072234,0.000000,0.000000,0.000000,0.000000,1.000000,0.000000,0.000000,0.000000
1598,26.633099,0,1,-1.255985,7.078462,0.000000,7.133820,-0.990220,0.000000,0.000000,0.000000,0.000000,1.000000,0.000000,0.000000,0.000000
1599,26.649765,0,1,-1.136477,7.064060,0.000000,7.165048,-0.907036,0.000000,0.000000,0.000000,0.000000,1.000000,0.000000,0.000000,0.000000
1600,26.666431,0,1,-1.016505,7.051066,0.000000,7.193387,-0.822783,0.000000,0.000000,0.000000,0.000000,1.000000,0.000000,0.000000,0.000000
1601,26.683098,0,1,-0.896117,7.039499,0.000000,7.218799,-0.737561,0.000000,0.000000,0.000000,0.000000,1.000000,0.000000,0.000000,0.000000
1602,26.699764,0,1,-0.775364,7.029368,0.000000,7.241254,-0.651475,0.000000,0.000000,0.000000,0.000000,1.000000,0.000000,0.000000,0.000000
1603,26.716431,0,1,-0.654295,7.020690,0.000000,7.260722,-0.564629,0.000000,0.000000,0.000000,0.000000,1.000000,0.000000,0.000000,0.000000
1604,26.733097,0,1,-0.532961,7.013473,0.000000,7.277179,-0.477130,0.000000,0.000000,0.000000,0.000000,1.000000,0.000000,0.000000,0.000000
1605,26.749763,0,1,-0.411411,7.007726,0.000000,7.290604,-0.389085,0.000000,0.000000,0.000000,0.000000,1.000000,0.000000,0.000000,0.000000
1606,26.766430,0,1,-0.289698,7.003455,0.000000,7.300978,-0.300603,0.000000,0.000000,0.000000,0.000000,1.000000,0.000000,0.000000,0.000000
1607,26.783096,0,1,-0.167872,7.000667,0.000000,7.308290,-0.211793,0.000000,0.000000,0.000000,0.000000,1.000000,0.000000,0.000000,0.000000
1608,26.799763,0,1,-0.045984,6.999362,0.000000,7.312530,-0.122765,0.000000,0.000000,0.000000,0.000000,1.000000,0.000000,0.000000,0.000000
1609,26.816429,0,1,0.075915,6.999546,0.000000,7.313691,-0.033629,0.000000,0.000000,0.000000,0.000000,1.000000,0.000000,0.000000,0.000000
1610,26.833096,0,1,0.197772,7.001213,0.000000,7.311773,0.055504,0.000000,0.000000,0.000000,0.000000,1.000000,0.000000,0.000000,0.000000
1611,26.849762,0,1,0.319537,7.004365,0.000000,7.306778,0.144525,0.000000,0.000000,0.000000,0.000000,1.000000,0.000000,0.000000,0.000000
1612,26.866428,0,1,0.441158,7.008995,0.000000,7.298713,0.233323,0.000000,0.000000,0.000000,0.000000,1.000000,0.000000,0.000000,0.000000
1613,26.883095,0,1,0.562585,7.015097,0.000000,7.287588,0.321787,0.000000,0.000000,0.000000,0.000000,1.000000,0.000000,0.000000,0.000000
1614,26.899761,0,1,0.683768,7.022665,0.000000,7.273416,0.409811,0.000000,0.000000,0.000000,0.000000,1.000000,0.000000,0.000000,0.000000
1615,26.916428,0,1,0.804654,7.031689,0.000000,7.256217,0.497284,0.000000,0.000000,0.000000,0.000000,1.000000,0.000000,0.000000,0.000000
1616,26.933094,0,1,0.925195,7.042156,0.000000,7.236011,0.584100,0.000000,0.000000,0.000000,0.000000,1.000000,0.000000,0.000000,0.000000
1617,26.949760,0,1,1.045341,7.054054,0.000000,7.212825,0.670152,0.000000,0.000000,0.000000,0.000000,1.000000,0.000000,0.000000,0.000000
1618,26.966427,0,1,1.165043,7.067368,0.000000,7.186687,0.755337,0.000000,0.000000,0.000000,0.000000,1.000000,0.000000,0.000000,0.000000
1619,26.983093,0,1,1.284253,7.082081,0.000000,7.157632,0.839551,0.000000,0.000000,0.000000,0.000000,1.000000,0.000000,0.000000,0.000000
1620,26.999760,0,1,1.402922,7.098174,0.000000,7.125695,0.922693,0.000000,0.000000,0.000000,0.000000,1.000000,0.000000,0.000000,0.000000
1621,27.016426,0,1,1.521003,7.115629,0.000000,7.090916,1.004663,0.000000,0.000000,0.000000,0.000000,1.000000,0.000000,0.000000,0.000000
1622,27.033092,0,1,1.638451,7.134422,0.000000,7.053338,1.085365,0.000000,0.000000,0.000000,0.000000,1.000000,0.000000,0.000000,0.000000
1623,27.049759,0,1,1.755218,7.154532,0.000000,7.013008,1.164703,0.000000,0.000000,0.000000,0.000000,1.000000,0.000000,0.000000,0.000000
1624,27.066425,0,1,1.871261,7.175933,0.000000,6.969975,1.242585,0.000000,0.000000,0.000000,0.000000,1.000000,0.000000,0.000000,0.000000
1625,27.083092,0,1,1.986536,7.198598,0.000000,6.924292,1.318920,0.000000,0.000000,0.000000,0.000000,1.000000,0.000000,0.000000,0.000000
1626,27.099758,0,1,2.100999,7.222501,0.000000,6.876013,1.393622,0.000000,0.000000,0.000000,0.000000,1.000000,0.000000,0.000000,0.000000
1627,27.116425,0,1,2.214608,7.247614,0.000000,6.825197,1.466606,0.000000,0.000000,0.000000,0.000000,1.000000,0.000000,0.000000,0.000000
1628,27.133091,0,1,2.215909,7.248517,0.000000,3.219065,0.730997,0.000000,0.000000,0.000000,0.000000,1.000000,0.000000,0.000000,0.000000
1629,27.149757,0,1,2.259018,7.258375,0.000000,2.794063,0.634918,0.000000,0.000000,0.000000,0.000000,1.000000,0.000000,0.000000,0.000000
1630,27.166424,0,1,2.296779,7.267230,0.000000,2.413098,0.559581,0.000000,0.000000,0.000000,0.000000,1.000000,0.000000,0.000000,0.000000
1631,27.183090,0,1,2.328120,7.274688,0.000000,2.028530,0.478701,0.000000,0.000000,0.000000,0.000000,1.000000,0.000000,0.000000,0.000000
1632,27.199757,0,1,2.353149,7.280713,0.000000,1.648291,0.394580,0.000000,0.000000,0.000000,0.000000,1.000000,0.000000,0.000000,0.000000
1633,27.216423,0,1,2.372257,7.285346,0.000000,1.285643,0.311269,0.000000,0.000000,0.000000,0.000000,1.000000,0.000000,0.000000,0.000000
1634,27.233089,0,1,2.386159,7.288726,0.000000,0.958340,0.234021,0.000000,0.000000,0.000000,0.000000,1.000000,0.000000,0.000000,0.000000
1635,27.249756,0,1,2.395952,7.291108,0.000000,0.687587,0.168947,0.000000,0.000000,0.000000,0.000000,1.000000,0.000000,0.000000,0.000000
1636,27.266422,0,1,2.403093,7.292844,0.000000,0.494883,0.122127,0.000000,0.000000,0.000000,0.000000,1.000000,0.000000,0.000000,0.000000
1637,27.283089,0,1,2.409279,7.294358,0.000000,0.396823,0.098237,0.000000,0.000000,0.000000,0.000000,1.000000,0.000000,0.000000,0.000000
1638,27.299755,0,1,2.416238,7.296086,0.000000,0.399762,0.099235,0.000000,0.000000,0.000000,0.000000,1.000000,0.000000,0.000000,0.000000
1639,27.316422,0,1,2.425501,7.298412,0.000000,0.497399,0.123851,0.000000,0.000000,0.000000,0.000000,1.000000,0.000000,0.000000,0.000000
1640,27.333088,0,1,2.438239,7.301632,0.000000,0.672952,0.168245,0.000000,0.000000,0.000000,0.000000,1.000000,0.000000,0.000000,0.000000
1641,27.349754,0,1,2.455223,7.305945,0.000000,0.904500,0.227398,0.000000,0.000000,0.000000,0.000000,1.000000,0.000000,0.000000,0.000000
1642,27.366421,0,1,2.476864,7.311477,0.000000,1.170333,0.296411,0.000000,0.000000,0.000000,0.000000,1.000000,0.000000,0.000000,0.000000
1643,27.383087,0,1,2.503300,7.318288,0.000000,1.452259,0.371269,0.000000,0.000000,0.000000,0.000000,1.000000,0.000000,0.000000,0.000000
1644,27.399754,0,1,2.534478,7.326410,0.000000,1.736706,0.449042,0.000000,0.000000,0.000000,0.000000,1.000000,0.000000,0.000000,0.000000
1645,27.416420,0,1,2.570224,7.335845,0.000000,2.014363,0.527763,0.000000,0.000000,0.000000,0.000000,1.000000,0.000000,0.000000,0.000000
1646,27.433086,0,1,2.610286,7.346580,0.000000,2.279311,0.606192,0.000000,0.000000,0.000000,0.000000,1.000000,0.000000,0.000000,0.000000
1647,27.449753,0,1,2.654377,7.358599,0.000000,2.528071,0.683591,0.000000,0.000000,0.000000,0.000000,1.000000,0.000000,0.000000,0.000000
1648,27.466419,0,1,2.702185,7.371875,0.000000,2.758816,0.759530,0.000000,0.000000,0.000000,0.000000,1.000000,0.000000,0.000000,0.000000
1649,27.483086,0,1,2.753397,7.386377,0.000000,2.970795,0.833770,0.000000,0.000000,0.000000,0.000000,1.000000,0.000000,0.000000,0.000000
1650,27.499752,0,1,2.807701,7.402080,0.000000,3.163944,0.906172,0.000000,0.000000,0.000000,0.000000,1.000000,0.000000,0.000000,0.000000
1651,27.516418,0,1,2.864791,7.418947,0.000000,3.338593,0.976646,0.000000,0.000000,0.000000,0.000000,1.000000,0.000000,0.000000,0.000000
1652,27.533085,0,1,2.924375,7.436950,0.000000,3.495316,1.045120,0.000000,0.000000,0.000000,0.000000,1.000000,0.000000,0.000000,0.000000
1653,27.549751,0,1,2.986172,7.456051,0.000000,3.634813,1.111524,0.000000,0.000000,0.000000,0.000000,1.000000,0.000000,0.000000,0.000000
1654,27.566418,0,1,3.049914,7.476213,0.000000,3.757847,1.175779,0.000000,0.000000,0.000000,0.000000,1.000000,0.000000,0.000000,0.000000
1655,27.583084,0,1,3.115346,7.497403,0.000000,3.865203,1.237800,0.000000,0.000000,0.000000,0.000000,1.000000,0.000000,0.000000,0.000000
1656,27.599751,0,1,3.182225,7.519578,0.000000,3.957660,1.297486,0.000000,0.000000,0.000000,0.000000,1.000000,0.000000,0.000000,0.000000
1657,27.616417,0,1,3.250321,7.542696,0.000000,4.035992,1.354732,0.000000,0.000000,0.000000,0.000000,1.000000,0.000000,0.000000,0.000000
1658,27.633083,0,1,3.319417,7.566718,0.000000,4.100950,1.409430,0.000000,0.000000,0.000000,0.000000,1.000000,0.000000,0.000000,0.000000
1659,27.649750,0,1,3.389306,7.591594,0.000000,4.153260,1.461464,0.000000,0.000000,0.000000,0.000000,1.000000,0.000000,0.000000,0.000000
1660,27.666416,0,1,3.459796,7.617280,0.000000,4.193634,1.510725,0.000000,0.000000,0.000000,0.000000,1.000000,0.000000,0.000000,0.000000
1661,27.683083,0,1,3.530703,7.643726,0.000000,4.222753,1.557103,0.000000,0.000000,0.000000,0.000000,1.000000,0.000000,0.000000,0.000000
1662,27.699749,0,1,3.601853,7.670882,0.000000,4.241286,1.600501,0.000000,0.000000,0.000000,0.000000,1.000000,0.000000,0.000000,0.000000
1663,27.716415,0,1,3.673088,7.698695,0.000000,4.249880,1.640824,0.000000,0.000000,0.000000,0.000000,1.000000,0.000000,0.000000,0.000000
1664,27.733082,0,1,3.744255,7.727112,0.000000,4.249165,1.677997,0.000000,0.000000,0.000000,0.000000,1.000000,0.000000,0.000000,0.000000
1665,27.749748,0,1,3.815212,7.756082,0.000000,4.239755,1.711950,0.000000,0.000000,0.000000,0.000000,1.000000,0.000000,0.000000,0.000000
1666,27.766415,0,1,3.885830,7.785545,0.000000,4.222246,1.742634,0.000000,0.000000,0.000000,0.000000,1.000000,0.000000,0.000000,0.000000
1667,27.783081,0,1,3.955987,7.815449,0.000000,4.197226,1.770013,0.000000,0.000000,0.000000,0.000000,1.000000,0.000000,0.000000,0.000000
1668,27.799747,0,1,4.025570,7.845737,0.000000,4.165260,1.794069,0.000000,0.000000,0.000000,0.000000,1.000000,0.000000,0.000000,0.000000
1669,27.816414,0,1,4.094477,7.876353,0.000000,4.126904,1.814798,0.000000,0.000000,0.000000,0.000000,1.000000,0.000000,0.000000,0.000000
1670,27.833080,0,1,4.162614,7.907242,0.000000,4.082697,1.832218,0.000000,0.000000,0.000000,0.000000,1.000000,0.000000,0.000000,0.000000
1671,27.849747,0,1,4.229894,7.938350,0.000000,4.033165,1.846360,0.000000,0.000000,0.000000,0.000000,1.000000,0.000000,0.000000,0.000000
1672,27.866413,0,1,4.296241,7.969623,0.000000,3.978814,1.857273,0.000000,0.000000,0.000000,0.000000,1.000000,0.000000,0.000000,0.000000
1673,27.883080,0,1,4.361586,8.001010,0.000000,3.920141,1.865025,0.000000,0.000000,0.000000,0.000000,1.000000,0.000000,0.000000,0.000000
1674,27.899746,0,1,4.425867,8.032457,0.000000,3.857624,1.869694,0.000000,0.000000,0.000000,0.000000,1.000000,0.000000,0.000000,0.000000
1675,27.916412,0,1,4.489032,8.063918,0.000000,3.791726,1.871380,0.000000,0.000000,0.000000,0.000000,1.000000,0.000000,0.000000,0.000000
1676,27.933079,0,1,4.551034,8.095343,0.000000,3.722893,1.870191,0.000000,0.000000,0.000000,0.000000,1.000000,0.000000,0.000000,0.000000
1677,27.949745,0,1,4.611833,8.126688,0.000000,3.651554,1.866253,0.000000,0.000000,0.000000,0.000000,1.000000,0.000000,0.000000,0.000000
1678,27.966412,0,1,4.671398,8.157910,0.000000,3.578124,1.859701,0.000000,0.000000,0.000000,0.000000,1.000000,0.000000,0.000000,0.000000
1679,27.983078,0,1,4.729703,8.188969,0.000000,3.502999,1.850683,0.000000,0.000000,0.000000,0.000000,1.000000,0.000000,0.000000,0.000000
1680,27.999744,0,1,4.786727,8.219827,0.000000,3.426561,1.839355,0.000000,0.000000,0.000000,0.000000,1.000000,0.000000,0.000000,0.000000
1681,28.016411,0,1,4.842458,8.250449,0.000000,3.349174,1.825884,0.000000,0.000000,0.000000,0.000000,1.000000,0.000000,0.000000,0.000000
1682,28.033077,0,1,4.896886,8.280804,0.000000,3.271185,1.810444,0.000000,0.000000,0.000000,0.000000,1.000000,0.000000,0.000000,0.000000
1683,28.049744,0,1,4.950012,8.310863,0.000000,3.192929,1.793217,0.000000,0.000000,0.000000,0.000000,1.000000,0.000000,0.000000,0.000000
1684,28.066410,0,1,5.001835,8.340600,0.000000,3.114723,1.774389,0.000000,0.000000,0.000000,0.000000,1.000000,0.000000,0.000000,0.000000
1685,28.083076,0,1,5.052365,8.369992,0.000000,3.036869,1.754154,0.000000,0.000000,0.000000,0.000000,1.000000,0.000000,0.000000,0.000000
1686,28.099743,0,1,5.101613,8.399022,0.000000,2.959656,1.732706,0.000000,0.000000,0.000000,0.000000,1.000000,0.000000,0.000000,0.000000
1687,28.116409,0,1,5.149596,8.427673,0.000000,2.883360,1.710246,0.000000,0.000000,0.000000,0.000000,1.000000,0.000000,0.000000,0.000000
1688,28.133076,0,1,5.196336,8.455933,0.000000,2.808243,1.686977,0.000000,0.000000,0.000000,0.000000,1.000000,0.000000,0.000000,0.000000
1689,28.149742,0,1,5.241857,8.483793,0.000000,2.734556,1.663104,0.000000,0.000000,0.000000,0.000000,1.000000,0.000000,0.000000,0.000000
1690,28.166409,0,1,5.286190,8.511248,0.000000,2.662538,1.638833,0.000000,0.000000,0.000000,0.000000,1.000000,0.000000,0.000000,0.000000
1691,28.183075,0,1,5.329366,8.538294,0.000000,2.592419,1.614373,0.000000,0.000000,0.000000,0.000000,1.000000,0.000000,0.000000,0.000000
1692,28.199741,0,1,5.371422,8.564936,0.000000,2.524418,1.589933,0.000000,0.000000,0.000000,0.000000,1.000000,0.000000,0.000000,0.000000
1693,28.216408,0,1,5.412398,8.591177,0.000000,2.458747,1.565722,0.000000,0.000000,0.000000,0.000000,1.000000,0.000000,0.000000,0.000000
1694,28.233074,0,1,5.452339,8.617025,0.000000,2.395610,1.541951,0.000000,0.000000,0.000000,0.000000,1.000000,0.000000,0.000000,0.000000
1695,28.249741,0,1,5.491290,8.642494,0.000000,2.335206,1.518832,0.000000,0.000000,0.000000,0.000000,1.000000,0.000000,0.000000,0.000000
1696,28.266407,0,1,5.529300,8.667599,0.000000,2.277725,1.496577,0.000000,0.000000,0.000000,0.000000,1.000000,0.000000,0.000000,0.000000
1697,28.283073,0,1,5.566424,8.692358,0.000000,2.223358,1.475399,0.000000,0.000000,0.000000,0.000000,1.000000,0.000000,0.000000,0.000000
1698,28.299740,0,1,5.602717,8.716796,0.000000,2.172286,1.455511,0.000000,0.000000,0.000000,0.000000,1.000000,0.000000,0.000000,0.000000
1699,28.316406,0,1,5.638237,8.740937,0.000000,2.124693,1.437132,0.000000,0.000000,0.000000,0.000000,1.000000,0.000000,0.000000,0.000000
1700,28.333073,0,1,5.673049,8.764813,0.000000,2.080756,1.420476,0.000000,0.000000,0.000000,0.000000,1.000000,0.000000,0.000000,0.000000
1701,28.349739,0,1,5.707215,8.788459,0.000000,2.040653,1.405764,0.000000,0.000000,0.000000,0.000000,1.000000,0.000000,0.000000,0.000000
1702,28.366405,0,1,5.740805,8.811909,0.000000,2.004562,1.393218,0.000000,0.000000,0.000000,0.000000,1.000000,0.000000,0.000000,0.000000
1703,28.383072,0,1,5.773888,8.835206,0.000000,1.972655,1.383060,0.000000,0.000000,0.000000,0.000000,1.000000,0.000000,0.000000,0.000000
1704,28.399738,0,1,5.806539,8.858397,0.000000,1.945107,1.375519,0.000000,0.000000,0.000000,0.000000,1.000000,0.000000,0.000000,0.000000
1705,28.416405,0,1,5.838836,8.881529,0.000000,1.922088,1.370821,0.000000,0.000000,0.000000,0.000000,1.000000,0.000000,0.000000,0.000000
1706,28.433071,0,1,5.870856,8.904655,0.000000,1.903768,1.369197,0.000000,0.000000,0.000000,0.000000,1.000000,0.000000,0.000000,0.000000
1707,28.449738,0,1,5.902683,8.927833,0.000000,1.890305,1.370875,0.000000,0.000000,0.000000,0.000000,1.000000,0.000000,0.000000,0.000000
1708,28.466404,0,1,5.934401,8.951122,0.000000,1.881849,1.376081,0.000000,0.000000,0.000000,0.000000,1.000000,0.000000,0.000000,0.000000
1709,28.483070,0,1,5.966097,8.974587,0.000000,1.878531,1.385033,0.000000,0.000000,0.000000,0.000000,1.000000,0.000000,0.000000,0.000000
1710,28.499737,0,1,5.997860,8.998297,0.000000,1.880459,1.397934,0.000000,0.000000,0.000000,0.000000,1.000000,0.000000,0.000000,0.000000
1711,28.516403,0,1,6.029780,9.022320,0.000000,1.887703,1.414971,0.000000,0.000000,0.000000,0.000000,1.000000,0.000000,0.000000,0.000000
1712,28.533070,0,1,6.061945,9.046731,0.000000,1.900279,1.436291,0.000000,0.000000,0.000000,0.000000,1.000000,0.000000,0.000000,0.000000
1713,28.549736,0,1,6.094445,9.071605,0.000000,1.918130,1.461990,0.000000,0.000000,0.000000,0.000000,1.000000,0.000000,0.000000,0.000000
1714,28.566402,0,1,6.127365,9.097013,0.000000,1.941090,1.492089,0.000000,0.000000,0.000000,0.000000,1.000000,0.000000,0.000000,0.000000
1715,28.583069,0,1,6.160783,9.123032,0.000000,1.968849,1.526494,0.000000,0.000000,0.000000,0.000000,1.000000,0.000000,0.000000,0.000000
1716,28.599735,0,1,6.194769,9.149725,0.000000,2.000903,1.564959,0.000000,0.000000,0.000000,0.000000,1.000000,0.000000,0.000000,0.000000
1717,28.616402,0,1,6.229380,9.177152,0.000000,2.036487,1.607022,0.000000,0.000000,0.000000,0.000000,1.000000,0.000000,0.000000,0.000000
1718,28.633068,0,1,6.264647,9.205356,0.000000,2.074501,1.651938,0.000000,0.000000,0.000000,0.000000,1.000000,0.000000,0.000000,0.000000
1719,28.649734,0,1,6.300580,9.234359,0.000000,2.113426,1.698586,0.000000,0.000000,0.000000,0.000000,1.000000,0.000000,0.000000,0.000000
1720,28.666401,0,1,6.337145,9.264155,0.000000,2.151230,1.745380,0.000000,0.000000,0.000000,0.000000,1.000000,0.000000,0.000000,0.000000
1721,28.683067,0,1,6.374264,9.294697,0.000000,2.185311,1.790190,0.000000,0.000000,0.000000,0.000000,1.000000,0.000000,0.000000,0.000000
1722,28.699734,0,1,6.411799,9.325886,0.000000,2.212463,1.830275,0.000000,0.000000,0.000000,0.000000,1.000000,0.000000,0.000000,0.000000
1723,28.716400,0,1,6.449549,9.357569,0.000000,2.228950,1.862310,0.000000,0.000000,0.000000,0.000000,1.000000,0.000000,0.000000,0.000000
1724,28.733067,0,1,6.487241,9.389520,0.000000,2.230699,1.882517,0.000000,0.000000,0.000000,0.000000,1.000000,0.000000,0.000000,0.000000
1725,28.749733,0,1,6.524532,9.421455,0.000000,2.213651,1.886936,0.000000,0.000000,0.000000,0.000000,1.000000,0.000000,0.000000,0.000000
1726,28.766399,0,1,6.561025,9.453020,0.000000,2.174253,1.871861,0.000000,0.000000,0.000000,0.000000,1.000000,0.000000,0.000000,0.000000
1727,28.783066,0,1,6.596286,9.483822,0.000000,2.110007,1.834351,0.000000,0.000000,0.000000,0.000000,1.000000,0.000000,0.000000,0.000000
1728,28.799732,0,1,6.629879,9.513446,0.000000,2.019921,1.772706,0.000000,0.000000,0.000000,0.000000,1.000000,0.000000,0.000000,0.000000
1729,28.816399,0,1,6.661388,9.541487,0.000000,1.904717,1.686763,0.000000,0.000000,0.000000,0.000000,1.000000,0.000000,0.000000,0.000000
1730,28.833065,0,1,6.690449,9.567571,0.000000,1.766710,1.577893,0.000000,0.000000,0.000000,0.000000,1.000000,0.000000,0.000000,0.000000
1731,28.849731,0,1,6.716767,9.591374,0.000000,1.609392,1.448727,0.000000,0.000000,0.000000,0.000000,1.000000,0.000000,0.000000,0.000000
1732,28.866398,0,1,6.740118,9.612642,0.000000,1.436878,1.302694,0.000000,0.000000,0.000000,0.000000,1.000000,0.000000,0.000000,0.000000
1733,28.883064,0,1,6.760346,9.631181,0.000000,1.253351,1.143540,0.000000,0.000000,0.000000,0.000000,1.000000,0.000000,0.000000,0.000000
1734,28.899731,0,1,6.777360,9.646854,0.000000,1.062662,0.974913,0.000000,0.000000,0.000000,0.000000,1.000000,0.000000,0.000000,0.000000
1735,28.916397,0,1,6.791116,9.659582,0.000000,0.868077,0.800102,0.000000,0.000000,0.000000,0.000000,1.000000,0.000000,0.000000,0.000000
1736,28.933064,0,1,6.801610,9.669325,0.000000,0.672205,0.621902,0.000000,0.000000,0.000000,0.000000,1.000000,0.000000,0.000000,0.000000
1737,28.949730,0,1,6.808867,9.676080,0.000000,0.477008,0.442582,0.000000,0.000000,0.000000,0.000000,1.000000,0.000000,0.000000,0.000000
1738,28.966396,0,1,6.812927,9.679867,0.000000,0.283890,0.263925,0.000000,0.000000,0.000000,0.000000,1.000000,0.000000,0.000000,0.000000
1739,28.983063,0,1,6.813845,9.680729,0.000000,0.093798,0.087299,0.000000,0.000000,0.000000,0.000000,1.000000,0.000000,0.000000,0.000000
1740,28.999729,0,1,6.811685,9.678722,0.000000,-0.092679,-0.086279,0.000000,0.000000,0.000000,0.000000,1.000000,0.000000,0.000000,0.000000
1741,29.016396,0,1,6.806513,9.673913,0.000000,-0.275218,-0.256061,0.000000,0.000000,0.000000,0.000000,1.000000,0.000000,0.000000,0.000000
1742,29.033062,0,1,6.798397,9.666379,0.000000,-0.453687,-0.421511,0.000000,0.000000,0.000000,0.000000,1.000000,0.000000,0.000000,0.000000
1743,29.049728,0,1,6.787404,9.656198,0.000000,-0.628087,-0.582247,0.000000,0.000000,0.000000,0.000000,1.000000,0.000000,0.000000,0.000000
1744,29.066395,0,1,6.773597,9.643454,0.000000,-0.798509,-0.738011,0.000000,0.000000,0.000000,0.000000,1.000000,0.000000,0.000000,0.000000
1745,29.083061,0,1,6.757040,9.628233,0.000000,-0.965100,-0.888623,0.000000,0.000000,0.000000,0.000000,1.000000,0.000000,0.000000,0.000000
1746,29.099728,0,1,6.737791,9.610623,0.000000,-1.128044,-1.033977,0.000000,0.000000,0.000000,0.000000,1.000000,0.000000,0.000000,0.000000
1747,29.116394,0,1,6.715905,9.590714,0.000000,-1.287542,-1.174009,0.000000,0.000000,0.000000,0.000000,1.000000,0.000000,0.000000,0.000000
1748,29.133060,0,1,6.691436,9.568594,0.000000,-1.443802,-1.308687,0.000000,0.000000,0.000000,0.000000,1.000000,0.000000,0.000000,0.000000
1749,29.149727,0,1,6.664432,9.544353,0.000000,-1.597031,-1.438010,0.000000,0.000000,0.000000,0.000000,1.000000,0.000000,0.000000,0.000000
1750,29.166393,0,1,6.634938,9.518078,0.000000,-1.747437,-1.561994,0.000000,0.000000,0.000000,0.000000,1.000000,0.000000,0.000000,0.000000
1751,29.183060,0,1,6.602997,9.489857,0.000000,-1.895214,-1.680668,0.000000,0.000000,0.000000,0.000000,1.000000,0.000000,0.000000,0.000000
1752,29.199726,0,1,6.568647,9.459777,0.000000,-2.040553,-1.794076,0.000000,0.000000,0.000000,0.000000,1.000000,0.000000,0.000000,0.000000
1753,29.216393,0,1,6.531926,9.427926,0.000000,-2.183635,-1.902269,0.000000,0.000000,0.000000,0.000000,1.000000,0.000000,0.000000,0.000000
1754,29.233059,0,1,6.492867,9.394388,0.000000,-2.324636,-2.005309,0.000000,0.000000,0.000000,0.000000,1.000000,0.000000,0.000000,0.000000
1755,29.249725,0,1,6.451500,9.359248,0.000000,-2.463723,-2.103266,0.000000,0.000000,0.000000,0.000000,1.000000,0.000000,0.000000,0.000000
1756,29.266392,0,1,6.407855,9.322588,0.000000,-2.601060,-2.196216,0.000000,0.000000,0.000000,0.000000,1.000000,0.000000,0.000000,0.000000
1757,29.283058,0,1,6.361955,9.284490,0.000000,-2.736809,-2.284243,0.000000,0.000000,0.000000,0.000000,1.000000,0.000000,0.000000,0.000000
1758,29.299725,0,1,6.313823,9.245033,0.000000,-2.871128,-2.367437,0.000000,0.000000,0.000000,0.000000,1.000000,0.000000,0.000000,0.000000
1759,29.316391,0,1,6.263481,9.204296,0.000000,-3.004177,-2.445896,0.000000,0.000000,0.000000,0.000000,1.000000,0.000000,0.000000,0.000000
1760,29.333057,0,1,6.210945,9.162355,0.000000,-3.136121,-2.519726,0.000000,0.000000,0.000000,0.000000,1.000000,0.000000,0.000000,0.000000
1761,29.349724,0,1,6.156230,9.119284,0.000000,-3.267126,-2.589035,0.000000,0.000000,0.000000,0.000000,1.000000,0.000000,0.000000,0.000000
1762,29.366390,0,1,6.099348,9.075157,0.000000,-3.397366,-2.653943,0.000000,0.000000,0.000000,0.000000,1.000000,0.000000,0.000000,0.000000
1763,29.383057,0,1,6.040308,9.030044,0.000000,-3.527022,-2.714570,0.000000,0.000000,0.000000,0.000000,1.000000,0.000000,0.000000,0.000000
1764,29.399723,0,1,5.979114,8.984012,0.000000,-3.656288,-2.771044,0.000000,0.000000,0.000000,0.000000,1.000000,0.000000,0.000000,0.000000
1765,29.416389,0,1,5.915768,8.937129,0.000000,-3.785365,-2.823498,0.000000,0.000000,0.000000,0.000000,1.000000,0.000000,0.000000,0.000000
1766,29.433056,0,1,5.850269,8.889457,0.000000,-3.914472,-2.872067,0.000000,0.000000,0.000000,0.000000,1.000000,0.000000,0.000000,0.000000
1767,29.449722,0,1,5.782611,8.841059,0.000000,-4.043842,-2.916890,0.000000,0.000000,0.000000,0.000000,1.000000,0.000000,0.000000,0.000000
1768,29.466389,0,1,5.712784,8.791992,0.000000,-4.173724,-2.958107,0.000000,0.000000,0.000000,0.000000,1.000000,0.000000,0.000000,0.000000
1769,29.483055,0,1,5.640772,8.742316,0.000000,-4.304386,-2.995858,0.000000,0.000000,0.000000,0.000000,1.000000,0.000000,0.000000,0.000000
1770,29.499722,0,1,5.566556,8.692083,0.000000,-4.436118,-3.030285,0.000000,0.000000,0.000000,0.000000,1.000000,0.000000,0.000000,0.000000
1771,29.516388,0,1,5.490112,8.641347,0.000000,-4.569230,-3.061523,0.000000,0.000000,0.000000,0.000000,1.000000,0.000000,0.000000,0.000000
1772,29.533054,0,1,5.411408,8.590156,0.000000,-4.704055,-3.089707,0.000000,0.000000,0.000000,0.000000,1.000000,0.000000,0.000000,0.000000
1773,29.549721,0,1,5.330406,8.538559,0.000000,-4.840953,-3.114965,0.000000,0.000000,0.000000,0.000000,1.000000,0.000000,0.000000,0.000000
1774,29.566387,0,1,5.247065,8.486602,0.000000,-4.980308,-3.137416,0.000000,0.000000,0.000000,0.000000,1.000000,0.000000,0.000000,0.000000
1775,29.583054,0,1,5.161331,8.434327,0.000000,-5.122533,-3.157172,0.000000,0.000000,0.000000,0.000000,1.000000,0.000000,0.000000,0.000000
1776,29.599720,0,1,5.073148,8.381781,0.000000,-5.268070,-3.174328,0.000000,0.000000,0.000000,0.000000,1.000000,0.000000,0.000000,0.000000
1777,29.616386,0,1,4.982449,8.329001,0.000000,-5.417390,-3.188967,0.000000,0.000000,0.000000,0.000000,1.000000,0.000000,0.000000,0.000000
1778,29.633053,0,1,4.889158,8.276031,0.000000,-5.570993,-3.201152,0.000000,0.000000,0.000000,0.000000,1.000000,0.000000,0.000000,0.000000
1779,29.649719,0,1,4.793193,8.222908,0.000000,-5.729412,-3.210924,0.000000,0.000000,0.000000,0.000000,1.000000,0.000000,0.000000,0.000000
1780,29.666386,0,1,4.694458,8.169674,0.000000,-5.893202,-3.218293,0.000000,0.000000,0.000000,0.000000,1.000000,0.000000,0.000000,0.000000
1781,29.683052,0,1,4.592849,8.116368,0.000000,-6.062951,-3.223241,0.000000,0.000000,0.000000,0.000000,1.000000,0.000000,0.000000,0.000000
1782,29.699718,0,1,4.488253,8.063033,0.000000,-6.239258,-3.225704,0.000000,0.000000,0.000000,0.000000,1.000000,0.000000,0.000000,0.000000
1783,29.716385,0,1,4.380545,8.009711,0.000000,-6.422734,-3.225574,0.000000,0.000000,0.000000,0.000000,1.000000,0.000000,0.000000,0.000000
1784,29.733051,0,1,4.269589,7.956451,0.000000,-6.613981,-3.222682,0.000000,0.000000,0.000000,0.000000,1.000000,0.000000,0.000000,0.000000
1785,29.749718,0,1,4.155242,7.903303,0.000000,-6.813570,-3.216784,0.000000,0.000000,0.000000,0.000000,1.000000,0.000000,0.000000,0.000000
1786,29.766384,0,1,4.037350,7.850326,0.000000,-7.021998,-3.207549,0.000000,0.000000,0.000000,0.000000,1.000000,0.000000,0.000000,0.000000
1787,29.783051,0,1,3.915757,7.797584,0.000000,-7.239644,-3.194537,0.000000,0.000000,0.000000,0.000000,1.000000,0.000000,0.000000,0.000000
1788,29.799717,0,1,3.790302,7.745153,0.000000,-7.466674,-3.177175,0.000000,0.000000,0.000000,0.000000,1.000000,0.000000,0.000000,0.000000
1789,29.816383,0,1,3.660829,7.693123,0.000000,-7.702944,-3.154724,0.000000,0.000000,0.000000,0.000000,1.000000,0.000000,0.000000,0.000000
1790,29.833050,0,1,3.527196,7.641602,0.000000,-7.947842,-3.126257,0.000000,0.000000,0.000000,0.000000,1.000000,0.000000,0.000000,0.000000
1791,29.849716,0,1,3.389286,7.590714,0.000000,-8.200083,-3.090625,0.000000,0.000000,0.000000,0.000000,1.000000,0.000000,0.000000,0.000000
1792,29.866383,0,1,3.247025,7.540613,0.000000,-8.457458,-3.046432,0.000000,0.000000,0.000000,0.000000,1.000000,0.000000,0.000000,0.000000
1793,29.883049,0,1,3.100406,7.491478,0.000000,-8.716547,-2.992038,0.000000,0.000000,0.000000,0.000000,1.000000,0.000000,0.000000,0.000000
1794,29.899715,0,1,2.949512,7.443522,0.000000,-8.972445,-2.925609,0.000000,0.000000,0.000000,0.000000,1.000000,0.000000,0.000000,0.000000
1795,29.916382,0,1,2.794547,7.396992,0.000000,-9.218573,-2.845221,0.000000,0.000000,0.000000,0.000000,1.000000,0.000000,0.000000,0.000000
1796,29.933048,0,1,2.635867,7.352162,0.000000,-9.446747,-2.749074,0.000000,0.000000,0.000000,0.000000,1.000000,0.000000,0.000000,0.000000
1797,29.949715,0,1,2.473988,7.309328,0.000000,-9.647669,-2.635821,0.000000,0.000000,0.000000,0.000000,1.000000,0.000000,0.000000,0.000000
1798,29.966381,0,1,2.309583,7.268790,0.000000,-9.811936,-2.504946,0.000000,0.000000,0.000000,0.000000,1.000000,0.000000,0.000000,0.000000
1799,29.983047,0,1,2.143455,7.230825,0.000000,-9.931520,-2.357125,0.000000,0.000000,0.000000,0.000000,1.000000,0.000000,0.000000,0.000000
1800,29.999714,0,1,1.976467,7.195669,0.000000,-10.001344,-2.194395,0.000000,0.000000,0.000000,0.000000,1.000000,0.000000,0.000000,0.000000
1801,30.016380,0,1,1.809471,7.163492,0.000000,-10.020379,-2.020020,0.000000,0.000000,0.000000,0.000000,1.000000,0.000000,0.000000,0.000000
1802,30.033047,0,1,1.643239,7.134391,0.000000,-9.991815,-1.838040,0.000000,0.000000,0.000000,0.000000,1.000000,0.000000,0.000000,0.000000
1803,30.049713,0,1,1.478409,7.108394,0.000000,-9.922194,-1.652664,0.000000,0.000000,0.000000,0.000000,1.000000,0.000000,0.000000,0.000000
1804,30.066380,0,1,1.315465,7.085463,0.000000,-9.819958,-1.467700,0.000000,0.000000,0.000000,0.000000,1.000000,0.000000,0.000000,0.000000
1805,30.083046,0,1,1.154743,7.065518,0.000000,-9.693950,-1.286197,0.000000,0.000000,0.000000,0.000000,1.000000,0.000000,0.000000,0.000000
1806,30.099712,0,1,0.996449,7.048452,0.000000,-9.552288,-1.110318,0.000000,0.000000,0.000000,0.000000,1.000000,0.000000,0.000000,0.000000
1807,30.116379,0,1,0.840686,7.034141,0.000000,-9.401759,-0.941399,0.000000,0.000000,0.000000,0.000000,1.000000,0.000000,0.000000,0.000000
1808,30.133045,0,1,0.687481,7.022453,0.000000,-9.247627,-0.780098,0.000000,0.000000,0.000000,0.000000,1.000000,0.000000,0.000000,0.000000
1809,30.149712,0,1,0.536808,7.013261,0.000000,-9.093728,-0.626584,0.000000,0.000000,0.000000,0.000000,1.000000,0.000000,0.000000,0.000000
1810,30.166378,0,1,0.388603,7.006440,0.000000,-8.942679,-0.480688,0.000000,0.000000,0.000000,0.000000,1.000000,0.000000,0.000000,0.000000
1811,30.183044,0,1,0.242786,7.001875,0.000000,-8.796140,-0.342041,0.000000,0.000000,0.000000,0.000000,1.000000,0.000000,0.000000,0.000000
1812,30.199711,0,1,0.099260,6.999456,0.000000,-8.655046,-0.210172,0.000000,0.000000,0.000000,0.000000,1.000000,0.000000,0.000000,0.000000
1813,30.216377,0,1,-0.042070,6.999086,0.000000,-8.519802,-0.084563,0.000000,0.000000,0.000000,0.000000,1.000000,0.000000,0.000000,0.000000
1814,30.233044,0,1,-0.181303,7.000671,0.000000,-8.390436,0.035296,0.000000,0.000000,0.000000,0.000000,1.000000,0.000000,0.000000,0.000000
1815,30.249710,0,1,-0.318526,7.004129,0.000000,-8.266710,0.149888,0.000000,0.000000,0.000000,0.000000,1.000000,0.000000,0.000000,0.000000
1816,30.266376,0,1,-0.453824,7.009384,0.000000,-8.148212,0.259649,0.000000,0.000000,0.000000,0.000000,1.000000,0.000000,0.000000,0.000000
1817,30.283043,0,1,-0.587268,7.016364,0.000000,-8.034409,0.364963,0.000000,0.000000,0.000000,0.000000,1.000000,0.000000,0.000000,0.000000
1818,30.299709,0,1,-0.718923,7.025003,0.000000,-7.924691,0.466155,0.000000,0.000000,0.000000,0.000000,1.000000,0.000000,0.000000,0.000000
1819,30.316376,0,1,-0.848841,7.035238,0.000000,-7.818405,0.563492,0.000000,0.000000,0.000000,0.000000,1.000000,0.000000,0.000000,0.000000
1820,30.333042,0,1,-0.977060,7.047013,0.000000,-7.714871,0.657185,0.000000,0.000000,0.000000,0.000000,1.000000,0.000000,0.000000,0.000000
1821,30.349709,0,1,-1.103611,7.060269,0.000000,-7.613399,0.747389,0.000000,0.000000,0.000000,0.000000,1.000000,0.000000,0.000000,0.000000
1822,30.366375,0,1,-1.228510,7.074952,0.000000,-7.513299,0.834203,0.000000,0.000000,0.000000,0.000000,1.000000,0.000000,0.000000,0.000000
1823,30.383041,0,1,-1.351766,7.091005,0.000000,-7.413888,0.917682,0.000000,0.000000,0.000000,0.000000,1.000000,0.000000,0.000000,0.000000
1824,30.399708,0,1,-1.473372,7.108374,0.000000,-7.314492,0.997829,0.000000,0.000000,0.000000,0.000000,1.000000,0.000000,0.000000,0.000000
1825,30.416374,0,1,-1.593314,7.127002,0.000000,-7.214457,1.074604,0.000000,0.000000,0.000000,0.000000,1.000000,0.000000,0.000000,0.000000
1826,30.433041,0,1,-1.711566,7.146832,0.000000,-7.113144,1.147926,0.000000,0.000000,0.000000,0.000000,1.000000,0.000000,0.000000,0.000000
1827,30.449707,0,1,-1.828091,7.167803,0.000000,-7.009937,1.217676,0.000000,0.000000,0.000000,0.000000,1.000000,0.000000,0.000000,0.000000
1828,30.466373,0,1,-1.942845,7.189852,0.000000,-6.904242,1.283699,0.000000,0.000000,0.000000,0.000000,1.000000,0.000000,0.000000,0.000000
1829,30.483040,0,1,-2.055772,7.212913,0.000000,-6.795490,1.345809,0.000000,0.000000,0.000000,0.000000,1.000000,0.000000,0.000000,0.000000
1830,30.499706,0,1,-2.166809,7.236914,0.000000,-6.683136,1.403789,0.000000,0.000000,0.000000,0.000000,1.000000,0.000000,0.000000,0.000000
1831,30.516373,0,1,-2.275883,7.261783,0.000000,-6.566665,1.457399,0.000000,0.000000,0.000000,0.000000,1.000000,0.000000,0.000000,0.000000
1832,30.533039,0,1,-2.382915,7.287439,0.000000,-6.445588,1.506375,0.000000,0.000000,0.000000,0.000000,1.000000,0.000000,0.000000,0.000000
1833,30.549706,0,1,-2.487817,7.313800,0.000000,-6.319444,1.550436,0.000000,0.000000,0.000000,0.000000,1.000000,0.000000,0.000000,0.000000
1834,30.566372,0,1,-2.590494,7.340776,0.000000,-6.187806,1.589285,0.000000,0.000000,0.000000,0.000000,1.000000,0.000000,0.000000,0.000000
1835,30.583038,0,1,-2.690845,7.368272,0.000000,-6.050271,1.622614,0.000000,0.000000,0.000000,0.000000,1.000000,0.000000,0.000000,0.000000
1836,30.599705,0,1,-2.788764,7.396190,0.000000,-5.906472,1.650109,0.000000,0.000000,0.000000,0.000000,1.000000,0.000000,0.000000,0.000000
1837,30.616371,0,1,-2.884137,7.424425,0.000000,-5.756071,1.671453,0.000000,0.000000,0.000000,0.000000,1.000000,0.000000,0.000000,0.000000
1838,30.633038,0,1,-2.976849,7.452866,0.000000,-5.598763,1.686332,0.000000,0.000000,0.000000,0.000000,1.000000,0.000000,0.000000,0.000000
1839,30.649704,0,1,-3.066777,7.481398,0.000000,-5.434276,1.694437,0.000000,0.000000,0.000000,0.000000,1.000000,0.000000,0.000000,0.000000
1840,30.666370,0,1,-3.153796,7.509902,0.000000,-5.262377,1.695473,0.000000,0.000000,0.000000,0.000000,1.000000,0.000000,0.000000,0.000000
1841,30.683037,0,1,-3.237777,7.538253,0.000000,-5.082868,1.689164,0.000000,0.000000,0.000000,0.000000,1.000000,0.000000,0.000000,0.000000
1842,30.699703,0,1,-3.318591,7.566321,0.000000,-4.895597,1.675257,0.000000,0.000000,0.000000,0.000000,1.000000,0.000000,0.000000,0.000000
1843,30.716370,0,1,-3.396104,7.593976,0.000000,-4.700469,1.653537,0.000000,0.000000,0.000000,0.000000,1.000000,0.000000,0.000000,0.000000
1844,30.733036,0,1,-3.470184,7.621082,0.000000,-4.497449,1.623832,0.000000,0.000000,0.000000,0.000000,1.000000,0.000000,0.000000,0.000000
1845,30.749702,0,1,-3.540701,7.647505,0.000000,-4.286589,1.586031,0.000000,0.000000,0.000000,0.000000,1.000000,0.000000,0.000000,0.000000
1846,30.766369,0,1,-3.607526,7.673105,0.000000,-4.068051,1.540097,0.000000,0.000000,0.000000,0.000000,1.000000,0.000000,0.000000,0.000000
1847,30.783035,0,1,-3.670538,7.697751,0.000000,-3.842148,1.486095,0.000000,0.000000,0.000000,0.000000,1.000000,0.000000,0.000000,0.000000
1848,30.799702,0,1,-3.729625,7.721310,0.000000,-3.609391,1.424216,0.000000,0.000000,0.000000,0.000000,1.000000,0.000000,0.000000,0.000000
1849,30.816368,0,1,-3.784690,7.743659,0.000000,-3.370564,1.354818,0.000000,0.000000,0.000000,0.000000,1.000000,0.000000,0.000000,0.000000
1850,30.833035,0,1,-3.835657,7.764685,0.000000,-3.126806,1.278474,0.000000,0.000000,0.000000,0.000000,1.000000,0.000000,0.000000,0.000000
1851,30.849701,0,1,-3.882481,7.784291,0.000000,-2.879741,1.196028,0.000000,0.000000,0.000000,0.000000,1.000000,0.000000,0.000000,0.000000
1852,30.866367,0,1,-3.925156,7.802402,0.000000,-2.631598,1.108664,0.000000,0.000000,0.000000,0.000000,1.000000,0.000000,0.000000,0.000000
1853,30.883034,0,1,-3.963734,7.818974,0.000000,-2.385361,1.017974,0.000000,0.000000,0.000000,0.000000,1.000000,0.000000,0.000000,0.000000
1854,30.899700,0,1,-3.998335,7.833998,0.000000,-2.144897,0.926019,0.000000,0.000000,0.000000,0.000000,1.000000,0.000000,0.000000,0.000000
1855,30.916367,0,1,-4.029169,7.847512,0.000000,-1.915014,0.835355,0.000000,0.000000,0.000000,0.000000,1.000000,0.000000,0.000000,0.000000
1856,30.933033,0,1,-4.056541,7.859611,0.000000,-1.701403,0.749003,0.000000,0.000000,0.000000,0.000000,1.000000,0.000000,0.000000,0.000000
1857,30.949699,0,1,-4.080873,7.870444,0.000000,-1.510344,0.670297,0.000000,0.000000,0.000000,0.000000,1.000000,0.000000,0.000000,0.000000
1858,30.966366,0,1,-4.102688,7.880220,0.000000,-1.348173,0.602627,0.000000,0.000000,0.000000,0.000000,1.000000,0.000000,0.000000,0.000000
1859,30.983032,0,1,-4.122598,7.889197,0.000000,-1.220476,0.549052,0.000000,0.000000,0.000000,0.000000,1.000000,0.000000,0.000000,0.000000
1860,30.999699,0,1,-4.141271,7.897666,0.000000,-1.131188,0.511858,0.000000,0.000000,0.000000,0.000000,1.000000,0.000000,0.000000,0.000000
1861,31.016365,0,1,-4.159379,7.905927,0.000000,-1.081828,0.492197,0.000000,0.000000,0.000000,0.000000,1.000000,0.000000,0.000000,0.000000
1862,31.033031,0,1,-4.177562,7.914270,0.000000,-1.071158,0.489919,0.000000,0.000000,0.000000,0.000000,1.000000,0.000000,0.000000,0.000000
1863,31.049698,0,1,-4.196373,7.922951,0.000000,-1.095393,0.503655,0.000000,0.000000,0.000000,0.000000,1.000000,0.000000,0.000000,0.000000
1864,31.066364,0,1,-4.216260,7.932182,0.000000,-1.148897,0.531142,0.000000,0.000000,0.000000,0.000000,1.000000,0.000000,0.000000,0.000000
1865,31.083031,0,1,-4.237557,7.942125,0.000000,-1.225090,0.569630,0.000000,0.000000,0.000000,0.000000,1.000000,0.000000,0.000000,0.000000
1866,31.099697,0,1,-4.260485,7.952897,0.000000,-1.317321,0.616284,0.000000,0.000000,0.000000,0.000000,1.000000,0.000000,0.000000,0.000000
1867,31.116364,0,1,-4.285170,7.964571,0.000000,-1.419497,0.668473,0.000000,0.000000,0.000000,0.000000,1.000000,0.000000,0.000000,0.000000
1868,31.133030,0,1,-4.311657,7.977185,0.000000,-1.526436,0.723932,0.000000,0.000000,0.000000,0.000000,1.000000,0.000000,0.000000,0.000000
1869,31.149696,0,1,-4.339929,7.990752,0.000000,-1.633983,0.780818,0.000000,0.000000,0.000000,0.000000,1.000000,0.000000,0.000000,0.000000
1870,31.166363,0,1,-4.369923,8.005262,0.000000,-1.738963,0.837692,0.000000,0.000000,0.000000,0.000000,1.000000,0.000000,0.000000,0.000000
1871,31.183029,0,1,-4.401546,8.020695,0.000000,-1.839057,0.893471,0.000000,0.000000,0.000000,0.000000,1.000000,0.000000,0.000000,0.000000
1872,31.199696,0,1,-4.434677,8.037008,0.000000,-1.932643,0.947358,0.000000,0.000000,0.000000,0.000000,1.000000,0.000000,0.000000,0.000000
1873,31.216362,0,1,-4.469187,8.054162,0.000000,-2.018660,0.998785,0.000000,0.000000,0.000000,0.000000,1.000000,0.000000,0.000000,0.000000
1874,31.233028,0,1,-4.504936,8.072107,0.000000,-2.096454,1.047352,0.000000,0.000000,0.000000,0.000000,1.000000,0.000000,0.000000,0.000000
1875,31.249695,0,1,-4.541780,8.090791,0.000000,-2.165689,1.092788,0.000000,0.000000,0.000000,0.000000,1.000000,0.000000,0.000000,0.000000
1876,31.266361,0,1,-4.579576,8.110154,0.000000,-2.226262,1.134915,0.000000,0.000000,0.000000,0.000000,1.000000,0.000000,0.000000,0.000000
1877,31.283028,0,1,-4.618180,8.130144,0.000000,-2.278229,1.173622,0.000000,0.000000,0.000000,0.000000,1.000000,0.000000,0.000000,0.000000
1878,31.299694,0,1,-4.657455,8.150701,0.000000,-2.321760,1.208848,0.000000,0.000000,0.000000,0.000000,1.000000,0.000000,0.000000,0.000000
1879,31.316360,0,1,-4.697268,8.171764,0.000000,-2.357112,1.240566,0.000000,0.000000,0.000000,0.000000,1.000000,0.000000,0.000000,0.000000
1880,31.333027,0,1,-4.737489,8.193280,0.000000,-2.384592,1.268778,0.000000,0.000000,0.000000,0.000000,1.000000,0.000000,0.000000,0.000000
1881,31.349693,0,1,-4.777994,8.215189,0.000000,-2.404542,1.293500,0.000000,0.000000,0.000000,0.000000,1.000000,0.000000,0.000000,0.000000
1882,31.366360,0,1,-4.818668,8.237432,0.000000,-2.417327,1.314767,0.000000,0.000000,0.000000,0.000000,1.000000,0.000000,0.000000,0.000000
1883,31.383026,0,1,-4.859401,8.259954,0.000000,-2.423328,1.332625,0.000000,0.000000,0.000000,0.000000,1.000000,0.000000,0.000000,0.000000
1884,31.399693,0,1,-4.900088,8.282701,0.000000,-2.422927,1.347129,0.000000,0.000000,0.000000,0.000000,1.000000,0.000000,0.000000,0.000000
1885,31.416359,0,1,-4.940633,8.305615,0.000000,-2.416505,1.358343,0.000000,0.000000,0.000000,0.000000,1.000000,0.000000,0.000000,0.000000
1886,31.433025,0,1,-4.980942,8.328646,0.000000,-2.404443,1.366338,0.000000,0.000000,0.000000,0.000000,1.000000,0.000000,0.000000,0.000000
1887,31.449692,0,1,-5.020932,8.351741,0.000000,-2.387118,1.371193,0.000000,0.000000,0.000000,0.000000,1.000000,0.000000,0.000000,0.000000
1888,31.466358,0,1,-5.060523,8.374850,0.000000,-2.364895,1.372991,0.000000,0.000000,0.000000,0.000000,1.000000,0.000000,0.000000,0.000000
1889,31.483025,0,1,-5.099641,8.397923,0.000000,-2.338134,1.371823,0.000000,0.000000,0.000000,0.000000,1.000000,0.000000,0.000000,0.000000
1890,31.499691,0,1,-5.138219,8.420914,0.000000,-2.307183,1.367787,0.000000,0.000000,0.000000,0.000000,1.000000,0.000000,0.000000,0.000000
1891,31.516357,0,1,-5.176197,8.443777,0.000000,-2.272382,1.360984,0.000000,0.000000,0.000000,0.000000,1.000000,0.000000,0.000000,0.000000
1892,31.533024,0,1,-5.213514,8.466469,0.000000,-2.234060,1.351523,0.000000,0.000000,0.000000,0.000000,1.000000,0.000000,0.000000,0.000000
1893,31.549690,0,1,-5.250123,8.488945,0.000000,-2.192536,1.339518,0.000000,0.000000,0.000000,0.000000,1.000000,0.000000,0.000000,0.000000
1894,31.566357,0,1,-5.285975,8.511169,0.000000,-2.148122,1.325089,0.000000,0.000000,0.000000,0.000000,1.000000,0.000000,0.000000,0.000000
1895,31.583023,0,1,-5.321029,8.533102,0.000000,-2.101113,1.308358,0.000000,0.000000,0.000000,0.000000,1.000000,0.000000,0.000000,0.000000
1896,31.599689,0,1,-5.355249,8.554708,0.000000,-2.051799,1.289455,0.000000,0.000000,0.000000,0.000000,1.000000,0.000000,0.000000,0.000000
1897,31.616356,0,1,-5.388603,8.575955,0.000000,-2.000459,1.268512,0.000000,0.000000,0.000000,0.000000,1.000000,0.000000,0.000000,0.000000
1898,31.633022,0,1,-5.421062,8.596812,0.000000,-1.947362,1.245668,0.000000,0.000000,0.000000,0.000000,1.000000,0.000000,0.000000,0.000000
1899,31.649689,0,1,-5.452604,8.617249,0.000000,-1.892768,1.221062,0.000000,0.000000,0.000000,0.000000,1.000000,0.000000,0.000000,0.000000
1900,31.666355,0,1,-5.483209,8.637239,0.000000,-1.836928,1.194839,0.000000,0.000000,0.000000,0.000000,1.000000,0.000000,0.000000,0.000000
1901,31.683022,0,1,-5.512861,8.656762,0.000000,-1.780084,1.167147,0.000000,0.000000,0.000000,0.000000,1.000000,0.000000,0.000000,0.000000
1902,31.699688,0,1,-5.541551,8.675794,0.000000,-1.722470,1.138136,0.000000,0.000000,0.000000,0.000000,1.000000,0.000000,0.000000,0.000000
1903,31.716354,0,1,-5.569268,8.694318,0.000000,-1.664312,1.107958,0.000000,0.000000,0.000000,0.000000,1.000000,0.000000,0.000000,0.000000
1904,31.733021,0,1,-5.596011,8.712317,0.000000,-1.605829,1.076768,0.000000,0.000000,0.000000,0.000000,1.000000,0.000000,0.000000,0.000000
1905,31.749687,0,1,-5.621777,8.729776,0.000000,-1.547232,1.044722,0.000000,0.000000,0.000000,0.000000,1.000000,0.000000,0.000000,0.000000
1906,31.766354,0,1,-5.646569,8.746688,0.000000,-1.488726,1.011978,0.000000,0.000000,0.000000,0.000000,1.000000,0.000000,0.000000,0.000000
1907,31.783020,0,1,-5.670393,8.763042,0.000000,-1.430512,0.978696,0.000000,0.000000,0.000000,0.000000,1.000000,0.000000,0.000000,0.000000
1908,31.799686,0,1,-5.693259,8.778834,0.000000,-1.372781,0.945034,0.000000,0.000000,0.000000,0.000000,1.000000,0.000000,0.000000,0.000000
1909,31.816353,0,1,-5.715179,8.794061,0.000000,-1.315722,0.911154,0.000000,0.000000,0.000000,0.000000,1.000000,0.000000,0.000000,0.000000
1910,31.833019,0,1,-5.736166,8.808721,0.000000,-1.259520,0.877216,0.000000,0.000000,0.000000,0.000000,1.000000,0.000000,0.000000,0.000000
1911,31.849686,0,1,-5.756242,8.822820,0.000000,-1.204353,0.843381,0.000000,0.000000,0.000000,0.000000,1.000000,0.000000,0.000000,0.000000
1912,31.866352,0,1,-5.775426,8.836361,0.000000,-1.150397,0.809810,0.000000,0.000000,0.000000,0.000000,1.000000,0.000000,0.000000,0.000000
1913,31.883018,0,1,-5.793744,8.849353,0.000000,-1.097826,0.776665,0.000000,0.000000,0.000000,0.000000,1.000000,0.000000,0.000000,0.000000
1914,31.899685,0,1,-5.811220,8.861807,0.000000,-1.046809,0.744106,0.000000,0.000000,0.000000,0.000000,1.000000,0.000000,0.000000,0.000000
1915,31.916351,0,1,-5.827886,8.873735,0.000000,-0.997513,0.712291,0.000000,0.000000,0.000000,0.000000,1.000000,0.000000,0.000000,0.000000
1916,31.933018,0,1,-5.843772,8.885155,0.000000,-0.950102,0.681382,0.000000,0.000000,0.000000,0.000000,1.000000,0.000000,0.000000,0.000000
1917,31.949684,0,1,-5.858915,8.896083,0.000000,-0.904742,0.651535,0.000000,0.000000,0.000000,0.000000,1.000000,0.000000,0.000000,0.000000
1918,31.966351,0,1,-5.873352,8.906543,0.000000,-0.861591,0.622907,0.000000,0.000000,0.000000,0.000000,1.000000,0.000000,0.000000,0.000000
1919,31.983017,0,1,-5.887124,8.916557,0.000000,-0.820809,0.595654,0.000000,0.000000,0.000000,0.000000,1.000000,0.000000,0.000000,0.000000
1920,31.999683,0,1,-5.900275,8.926152,0.000000,-0.782554,0.569929,0.000000,0.000000,0.000000,0.000000,1.000000,0.000000,0.000000,0.000000
1921,32.016350,0,1,-5.912849,8.935357,0.000000,-0.746979,0.545884,0.000000,0.000000,0.000000,0.000000,1.000000,0.000000,0.000000,0.000000
1922,32.033016,0,1,-5.924895,8.944204,0.000000,-0.714237,0.523666,0.000000,0.000000,0.000000,0.000000,1.000000,0.000000,0.000000,0.000000
1923,32.049683,0,1,-5.936463,8.952726,0.000000,-0.684475,0.503419,0.000000,0.000000,0.000000,0.000000,1.000000,0.000000,0.000000,0.000000
1924,32.066349,0,1,-5.947608,8.960960,0.000000,-0.657833,0.485283,0.000000,0.000000,0.000000,0.000000,1.000000,0.000000,0.000000,0.000000
1925,32.083015,0,1,-5.958383,8.968944,0.000000,-0.634446,0.469389,0.000000,0.000000,0.000000,0.000000,1.000000,0.000000,0.000000,0.000000
1926,32.099682,0,1,-5.968846,8.976718,0.000000,-0.614436,0.455861,0.000000,0.000000,0.000000,0.000000,1.000000,0.000000,0.000000,0.000000
1927,32.116348,0,1,-5.979057,8.984325,0.000000,-0.597912,0.444811,0.000000,0.000000,0.000000,0.000000,1.000000,0.000000,0.000000,0.000000
1928,32.133015,0,1,-5.989076,8.991808,0.000000,-0.584963,0.436336,0.000000,0.000000,0.000000,0.000000,1.000000,0.000000,0.000000,0.000000
1929,32.149681,0,1,-5.998965,8.999213,0.000000,-0.575649,0.430510,0.000000,0.000000,0.000000,0.000000,1.000000,0.000000,0.000000,0.000000
1930,32.166348,0,1,-6.008784,9.006584,0.000000,-0.570003,0.427387,0.000000,0.000000,0.000000,0.000000,1.000000,0.000000,0.000000,0.000000
1931,32.183014,0,1,-6.018595,9.013968,0.000000,-0.568004,0.426978,0.000000,0.000000,0.000000,0.000000,1.000000,0.000000,0.000000,0.000000
1932,32.199680,0,1,-6.028459,9.021411,0.000000,-0.569578,0.429257,0.000000,0.000000,0.000000,0.000000,1.000000,0.000000,0.000000,0.000000
1933,32.216347,0,1,-6.038432,9.028954,0.000000,-0.574576,0.434138,0.000000,0.000000,0.000000,0.000000,1.000000,0.000000,0.000000,0.000000
1934,32.233013,0,1,-6.048565,9.036638,0.000000,-0.582750,0.441460,0.000000,0.000000,0.000000,0.000000,1.000000,0.000000,0.000000,0.000000
1935,32.249680,0,1,-6.058906,9.044501,0.000000,-0.593733,0.450969,0.000000,0.000000,0.000000,0.000000,1.000000,0.000000,0.000000,0.000000
1936,32.266346,0,1,-6.069489,9.052569,0.000000,-0.607010,0.462299,0.000000,0.000000,0.000000,0.000000,1.000000,0.000000,0.000000,0.000000
1937,32.283012,0,1,-6.080338,9.060863,0.000000,-0.621884,0.474936,0.000000,0.000000,0.000000,0.000000,1.000000,0.000000,0.000000,0.000000
1938,32.299679,0,1,-6.091459,9.069389,0.000000,-0.637442,0.488197,0.000000,0.000000,0.000000,0.000000,1.000000,0.000000,0.000000,0.000000
1939,32.316345,0,1,-6.102839,9.078137,0.000000,-0.652525,0.501201,0.000000,0.000000,0.000000,0.000000,1.000000,0.000000,0.000000,0.000000
1940,32.333012,0,1,-6.114436,9.087079,0.000000,-0.665709,0.512849,0.000000,0.000000,0.000000,0.000000,1.000000,0.000000,0.000000,0.000000
1941,32.349678,0,1,-6.126182,9.096161,0.000000,-0.675291,0.521808,0.000000,0.000000,0.000000,0.000000,1.000000,0.000000,0.000000,0.000000
1942,32.366344,0,1,-6.137969,9.105305,0.000000,-0.679310,0.526526,0.000000,0.000000,0.000000,0.000000,1.000000,0.000000,0.000000,0.000000
1943,32.383011,0,1,-6.149657,9.114399,0.000000,-0.675605,0.525270,0.000000,0.000000,0.000000,0.000000,1.000000,0.000000,0.000000,0.000000
1944,32.399677,0,1,-6.161066,9.123302,0.000000,-0.661917,0.516202,0.000000,0.000000,0.000000,0.000000,1.000000,0.000000,0.000000,0.000000
1945,32.416344,0,1,-6.171975,9.131841,0.000000,-0.636042,0.497505,0.000000,0.000000,0.000000,0.000000,1.000000,0.000000,0.000000,0.000000
1946,32.433010,0,1,-6.182138,9.139820,0.000000,-0.596013,0.467527,0.000000,0.000000,0.000000,0.000000,1.000000,0.000000,0.000000,0.000000
1947,32.449677,0,1,-6.191283,9.147017,0.000000,-0.540304,0.424957,0.000000,0.000000,0.000000,0.000000,1.000000,0.000000,0.000000,0.000000
1948,32.466343,0,1,-6.199124,9.153206,0.000000,-0.468000,0.368971,0.000000,0.000000,0.000000,0.000000,1.000000,0.000000,0.000000,0.000000
1949,32.483009,0,1,-6.205383,9.158156,0.000000,-0.378909,0.299346,0.000000,0.000000,0.000000,0.000000,1.000000,0.000000,0.000000,0.000000
1950,32.499676,0,1,-6.209792,9.161652,0.000000,-0.273573,0.216483,0.000000,0.000000,0.000000,0.000000,1.000000,0.000000,0.000000,0.000000
1951,32.516342,0,1,-6.212107,9.163492,0.000000,-0.153195,0.121366,0.000000,0.000000,0.000000,0.000000,1.000000,0.000000,0.000000,0.000000
1952,32.533009,0,1,-6.212117,9.163507,0.000000,-0.019474,0.015437,0.000000,0.000000,0.000000,0.000000,1.000000,0.000000,0.000000,0.000000
1953,32.549675,0,1,-6.209647,9.161555,0.000000,0.125582,-0.099551,0.000000,0.000000,0.000000,0.000000,1.000000,0.000000,0.000000,0.000000
1954,32.566341,0,1,-6.204557,9.157533,0.000000,0.279858,-0.221705,0.000000,0.000000,0.000000,0.000000,1.000000,0.000000,0.000000,0.000000
1955,32.583008,0,1,-6.196743,9.151361,0.000000,0.441291,-0.349127,0.000000,0.000000,0.000000,0.000000,1.000000,0.000000,0.000000,0.000000
1956,32.599674,0,1,-6.186126,9.142991,0.000000,0.607987,-0.480024,0.000000,0.000000,0.000000,0.000000,1.000000,0.000000,0.000000,0.000000
1957,32.616341,0,1,-6.172656,9.132403,0.000000,0.778286,-0.612775,0.000000,0.000000,0.000000,0.000000,1.000000,0.000000,0.000000,0.000000
1958,32.633007,0,1,-6.156307,9.119600,0.000000,0.950798,-0.745965,0.000000,0.000000,0.000000,0.000000,1.000000,0.000000,0.000000,0.000000
1959,32.649673,0,1,-6.137066,9.104602,0.000000,1.124394,-0.878396,0.000000,0.000000,0.000000,0.000000,1.000000,0.000000,0.000000,0.000000
1960,32.666340,0,1,-6.114934,9.087440,0.000000,1.298184,-1.009074,0.000000,0.000000,0.000000,0.000000,1.000000,0.000000,0.000000,0.000000
1961,32.683006,0,1,-6.089923,9.068162,0.000000,1.471485,-1.137184,0.000000,0.000000,0.000000,0.000000,1.000000,0.000000,0.000000,0.000000
1962,32.699673,0,1,-6.062050,9.046828,0.000000,1.643798,-1.262078,0.000000,0.000000,0.000000,0.000000,1.000000,0.000000,0.000000,0.000000
1963,32.716339,0,1,-6.031341,9.023500,0.000000,1.814759,-1.383242,0.000000,0.000000,0.000000,0.000000,1.000000,0.000000,0.000000,0.000000
1964,32.733006,0,1,-5.997822,8.998251,0.000000,1.984128,-1.500276,0.000000,0.000000,0.000000,0.000000,1.000000,0.000000,0.000000,0.000000
1965,32.749672,0,1,-5.961524,8.971154,0.000000,2.151750,-1.612874,0.000000,0.000000,0.000000,0.000000,1.000000,0.000000,0.000000,0.000000
1966,32.766338,0,1,-5.922476,8.942289,0.000000,2.317543,-1.720806,0.000000,0.000000,0.000000,0.000000,1.000000,0.000000,0.000000,0.000000
1967,32.783005,0,1,-5.880709,8.911737,0.000000,2.481479,-1.823905,0.000000,0.000000,0.000000,0.000000,1.000000,0.000000,0.000000,0.000000
1968,32.799671,0,1,-5.836253,8.879580,0.000000,2.643570,-1.922053,0.000000,0.000000,0.000000,0.000000,1.000000,0.000000,0.000000,0.000000
1969,32.816338,0,1,-5.789136,8.845903,0.000000,2.803864,-2.015174,0.000000,0.000000,0.000000,0.000000,1.000000,0.000000,0.000000,0.000000
1970,32.833004,0,1,-5.739388,8.810789,0.000000,2.962431,-2.103227,0.000000,0.000000,0.000000,0.000000,1.000000,0.000000,0.000000,0.000000
1971,32.849670,0,1,-5.687034,8.774323,0.000000,3.119363,-2.186198,0.000000,0.000000,0.000000,0.000000,1.000000,0.000000,0.000000,0.000000
1972,32.866337,0,1,-5.632098,8.736590,0.000000,3.274768,-2.264095,0.000000,0.000000,0.000000,0.000000,1.000000,0.000000,0.000000,0.000000
1973,32.883003,0,1,-5.574605,8.697674,0.000000,3.428768,-2.336948,0.000000,0.000000,0.000000,0.000000,1.000000,0.000000,0.000000,0.000000
1974,32.899670,0,1,-5.514572,8.657655,0.000000,3.581501,-2.404802,0.000000,0.000000,0.000000,0.000000,1.000000,0.000000,0.000000,0.000000
1975,32.916336,0,1,-5.452019,8.616618,0.000000,3.733113,-2.467714,0.000000,0.000000,0.000000,0.000000,1.000000,0.000000,0.000000,0.000000
1976,32.933002,0,1,-5.386960,8.574641,0.000000,3.883764,-2.525753,0.000000,0.000000,0.000000,0.000000,1.000000,0.000000,0.000000,0.000000
1977,32.949669,0,1,-5.319407,8.531805,0.000000,4.033627,-2.578998,0.000000,0.000000,0.000000,0.000000,1.000000,0.000000,0.000000,0.000000
1978,32.966335,0,1,-5.249367,8.488187,0.000000,4.182887,-2.627534,0.000000,0.000000,0.000000,0.000000,1.000000,0.000000,0.000000,0.000000
1979,32.983002,0,1,-5.176847,8.443863,0.000000,4.331741,-2.671451,0.000000,0.000000,0.000000,0.000000,1.000000,0.000000,0.000000,0.000000
1980,32.999668,0,1,-5.101848,8.398907,0.000000,4.480401,-2.710844,0.000000,0.000000,0.000000,0.000000,1.000000,0.000000,0.000000,0.000000
1981,33.016335,0,1,-5.024367,8.353394,0.000000,4.629094,-2.745806,0.000000,0.000000,0.000000,0.000000,1.000000,0.000000,0.000000,0.000000
1982,33.033001,0,1,-4.944401,8.307392,0.000000,4.778061,-2.776434,0.000000,0.000000,0.000000,0.000000,1.000000,0.000000,0.000000,0.000000
1983,33.049667,0,1,-4.861935,8.260976,0.000000,4.927557,-2.802820,0.000000,0.000000,0.000000,0.000000,1.000000,0.000000,0.000000,0.000000
1984,33.066334,0,1,-4.776958,8.214211,0.000000,5.077853,-2.825052,0.000000,0.000000,0.000000,0.000000,1.000000,0.000000,0.000000,0.000000
1985,33.083000,0,1,-4.689446,8.167165,0.000000,5.229237,-2.843210,0.000000,0.000000,0.000000,0.000000,1.000000,0.000000,0.000000,0.000000
1986,33.099667,0,1,-4.599375,8.119904,0.000000,5.382009,-2.857366,0.000000,0.000000,0.000000,0.000000,1.000000,0.000000,0.000000,0.000000
1987,33.116333,0,1,-4.506714,8.072493,0.000000,5.536482,-2.867577,0.000000,0.000000,0.000000,0.000000,1.000000,0.000000,0.000000,0.000000
1988,33.132999,0,1,-4.411427,8.024998,0.000000,5.692978,-2.873885,0.000000,0.000000,0.000000,0.000000,1.000000,0.000000,0.000000,0.000000
1989,33.149666,0,1,-4.313472,7.977481,0.000000,5.851829,-2.876313,0.000000,0.000000,0.000000,0.000000,1.000000,0.000000,0.000000,0.000000
1990,33.166332,0,1,-4.212801,7.930009,0.000000,6.013365,-2.874860,0.000000,0.000000,0.000000,0.000000,1.000000,0.000000,0.000000,0.000000
1991,33.182999,0,1,-4.109360,7.882647,0.000000,6.177911,-2.869497,0.000000,0.000000,0.000000,0.000000,1.000000,0.000000,0.000000,0.000000
1992,33.199665,0,1,-4.003092,7.835460,0.000000,6.345780,-2.860161,0.000000,0.000000,0.000000,0.000000,1.000000,0.000000,0.000000,0.000000
1993,33.216331,0,1,-3.893934,7.788516,0.000000,6.517251,-2.846750,0.000000,0.000000,0.000000,0.000000,1.000000,0.000000,0.000000,0.000000
1994,33.232998,0,1,-3.781819,7.741888,0.000000,6.692555,-2.829118,0.000000,0.000000,0.000000,0.000000,1.000000,0.000000,0.000000,0.000000
1995,33.249664,0,1,-3.666678,7.695649,0.000000,6.871858,-2.807065,0.000000,0.000000,0.000000,0.000000,1.000000,0.000000,0.000000,0.000000
1996,33.266331,0,1,-3.548441,7.649880,0.000000,7.055212,-2.780333,0.000000,0.000000,0.000000,0.000000,1.000000,0.000000,0.000000,0.000000
1997,33.282997,0,1,-3.427041,7.604666,0.000000,7.242529,-2.748595,0.000000,0.000000,0.000000,0.000000,1.000000,0.000000,0.000000,0.000000
1998,33.299664,0,1,-3.302416,7.560100,0.000000,7.433520,-2.711450,0.000000,0.000000,0.000000,0.000000,1.000000,0.000000,0.000000,0.000000
1999,33.316330,0,1,-3.174516,7.516281,0.000000,7.627632,-2.668419,0.000000,0.000000,0.000000,0.000000,1.000000,0.000000,0.000000,0.000000
2000,33.332996,0,1,-3.043308,7.473321,0.000000,7.823967,-2.618942,0.000000,0.000000,0.000000,0.000000,1.000000,0.000000,0.000000,0.000000
2001,33.349663,0,1,-2.908782,7.431343,0.000000,8.021201,-2.562382,0.000000,0.000000,0.000000,0.000000,1.000000,0.000000,0.000000,0.000000
2002,33.366329,0,1,-2.770963,7.390480,0.000000,8.217487,-2.498039,0.000000,0.000000,0.000000,0.000000,1.000000,0.000000,0.000000,0.000000
2003,33.382996,0,1,-2.629923,7.350881,0.000000,8.410379,-2.425184,0.000000,0.000000,0.000000,0.000000,1.000000,0.000000,0.000000,0.000000
2004,33.399662,0,1,-2.485786,7.312700,0.000000,8.596788,-2.343104,0.000000,0.000000,0.000000,0.000000,1.000000,0.000000,0.000000,0.000000
2005,33.416328,0,1,-2.338746,7.276109,0.000000,8.773001,-2.251175,0.000000,0.000000,0.000000,0.000000,1.000000,0.000000,0.000000,0.000000
2006,33.432995,0,1,-2.189068,7.241282,0.000000,8.934793,-2.148956,0.000000,0.000000,0.000000,0.000000,1.000000,0.000000,0.000000,0.000000
2007,33.449661,0,1,-2.037095,7.208393,0.000000,9.077694,-2.036301,0.000000,0.000000,0.000000,0.000000,1.000000,0.000000,0.000000,0.000000
2008,33.466328,0,1,-1.883243,7.177613,0.000000,9.197356,-1.913464,0.000000,0.000000,0.000000,0.000000,1.000000,0.000000,0.000000,0.000000
2009,33.482994,0,1,-1.727985,7.149093,0.000000,9.290042,-1.781177,0.000000,0.000000,0.000000,0.000000,1.000000,0.000000,0.000000,0.000000
2010,33.499660,0,1,-1.571833,7.122964,0.000000,9.353106,-1.640664,0.000000,0.000000,0.000000,0.000000,1.000000,0.000000,0.000000,0.000000
2011,33.516327,0,1,-1.415306,7.099323,0.000000,9.385376,-1.493590,0.000000,0.000000,0.000000,0.000000,1.000000,0.000000,0.000000,0.000000
2012,33.532993,0,1,-1.258908,7.078234,0.000000,9.387316,-1.341921,0.000000,0.000000,0.000000,0.000000,1.000000,0.000000,0.000000,0.000000
2013,33.549660,0,1,-1.103098,7.059725,0.000000,9.360907,-1.187745,0.000000,0.000000,0.000000,0.000000,1.000000,0.000000,0.000000,0.000000
2014,33.566326,0,1,-0.948276,7.043789,0.000000,9.309317,-1.033079,0.000000,0.000000,0.000000,0.000000,1.000000,0.000000,0.000000,0.000000
2015,33.582993,0,1,-0.794769,7.030392,0.000000,9.236445,-0.879722,0.000000,0.000000,0.000000,0.000000,1.000000,0.000000,0.000000,0.000000
2016,33.599659,0,1,-0.642837,7.019478,0.000000,9.146438,-0.729146,0.000000,0.000000,0.000000,0.000000,1.000000,0.000000,0.000000,0.000000
2017,33.616325,0,1,-0.492674,7.010976,0.000000,9.043302,-0.582472,0.000000,0.000000,0.000000,0.000000,1.000000,0.000000,0.000000,0.000000
2018,33.632992,0,1,-0.344417,7.004803,0.000000,8.930640,-0.440473,0.000000,0.000000,0.000000,0.000000,1.000000,0.000000,0.000000,0.000000
2019,33.649658,0,1,-0.198156,7.000871,0.000000,8.811506,-0.303629,0.000000,0.000000,0.000000,0.000000,1.000000,0.000000,0.000000,0.000000
2020,33.666325,0,1,-0.053942,6.999088,0.000000,8.688359,-0.172180,0.000000,0.000000,0.000000,0.000000,1.000000,0.000000,0.000000,0.000000
2021,33.682991,0,1,0.088198,6.999365,0.000000,8.563087,-0.046187,0.000000,0.000000,0.000000,0.000000,1.000000,0.000000,0.000000,0.000000
2022,33.699657,0,1,0.228258,7.001614,0.000000,8.437080,0.074408,0.000000,0.000000,0.000000,0.000000,1.000000,0.000000,0.000000,0.000000
2023,33.716324,0,1,0.366247,7.005747,0.000000,8.311296,0.189743,0.000000,0.000000,0.000000,0.000000,1.000000,0.000000,0.000000,0.000000
2024,33.732990,0,1,0.502180,7.011684,0.000000,8.186337,0.299995,0.000000,0.000000,0.000000,0.000000,1.000000,0.000000,0.000000,0.000000
2025,33.749657,0,1,0.636076,7.019343,0.000000,8.062534,0.405358,0.000000,0.000000,0.000000,0.000000,1.000000,0.000000,0.000000,0.000000
2026,33.766323,0,1,0.767955,7.028650,0.000000,7.939999,0.506023,0.000000,0.000000,0.000000,0.000000,1.000000,0.000000,0.000000,0.000000
2027,33.782990,0,1,0.897836,7.039530,0.000000,7.818677,0.602165,0.000000,0.000000,0.000000,0.000000,1.000000,0.000000,0.000000,0.000000
2028,33.799656,0,1,1.025733,7.051913,0.000000,7.698395,0.693933,0.000000,0.000000,0.000000,0.000000,1.000000,0.000000,0.000000,0.000000
2029,33.816322,0,1,1.151656,7.065727,0.000000,7.578886,0.781448,0.000000,0.000000,0.000000,0.000000,1.000000,0.000000,0.000000,0.000000
2030,33.832989,0,1,1.275610,7.080904,0.000000,7.459822,0.864799,0.000000,0.000000,0.000000,0.000000,1.000000,0.000000,0.000000,0.000000
2031,33.849655,0,1,1.397592,7.097379,0.000000,7.340828,0.944041,0.000000,0.000000,0.000000,0.000000,1.000000,0.000000,0.000000,0.000000
2032,33.866322,0,1,1.517593,7.115080,0.000000,7.221504,1.019196,0.000000,0.000000,0.000000,0.000000,1.000000,0.000000,0.000000,0.000000
2033,33.882988,0,1,1.635597,7.133940,0.000000,7.101433,1.090255,0.000000,0.000000,0.000000,0.000000,1.000000,0.000000,0.000000,0.000000
2034,33.899654,0,1,1.751581,7.153892,0.000000,6.980193,1.157177,0.000000,0.000000,0.000000,0.000000,1.000000,0.000000,0.000000,0.000000
2035,33.916321,0,1,1.865515,7.174863,0.000000,6.857360,1.219895,0.000000,0.000000,0.000000,0.000000,1.000000,0.000000,0.000000,0.000000
2036,33.932987,0,1,1.977363,7.196784,0.000000,6.732524,1.278316,0.000000,0.000000,0.000000,0.000000,1.000000,0.000000,0.000000,0.000000
2037,33.949654,0,1,2.087081,7.219578,0.000000,6.605283,1.332322,0.000000,0.000000,0.000000,0.000000,1.000000,0.000000,0.000000,0.000000
2038,33.966320,0,1,2.194621,7.243167,0.000000,6.475253,1.381778,0.000000,0.000000,0.000000,0.000000,1.000000,0.000000,0.000000,0.000000
2039,33.982986,0,1,2.299926,7.267475,0.000000,6.342071,1.426533,0.000000,0.000000,0.000000,0.000000,1.000000,0.000000,0.000000,0.000000
2040,33.999653,0,1,2.402937,7.292418,0.000000,6.205399,1.466419,0.000000,0.000000,0.000000,0.000000,1.000000,0.000000,0.000000,0.000000
2041,34.016319,0,1,2.503587,7.317910,0.000000,6.064923,1.501263,0.000000,0.000000,0.000000,0.000000,1.000000,0.000000,0.000000,0.000000
2042,34.032986,0,1,2.601805,7.343864,0.000000,5.920363,1.530883,0.000000,0.000000,0.000000,0.000000,1.000000,0.000000,0.000000,0.000000
2043,34.049652,0,1,2.697519,7.370188,0.000000,5.771470,1.555098,0.000000,0.000000,0.000000,0.000000,1.000000,0.000000,0.000000,0.000000
2044,34.066319,0,1,2.790650,7.396788,0.000000,5.618034,1.573733,0.000000,0.000000,0.000000,0.000000,1.000000,0.000000,0.000000,0.000000
2045,34.082985,0,1,2.881118,7.423565,0.000000,5.459886,1.586618,0.000000,0.000000,0.000000,0.000000,1.000000,0.000000,0.000000,0.000000
2046,34.099651,0,1,2.968842,7.450421,0.000000,5.296906,1.593601,0.000000,0.000000,0.000000,0.000000,1.000000,0.000000,0.000000,0.000000
2047,34.116318,0,1,3.053738,7.477256,0.000000,5.129027,1.594549,0.000000,0.000000,0.000000,0.000000,1.000000,0.000000,0.000000,0.000000
2048,34.132984,0,1,3.135725,7.503962,0.000000,4.956250,1.589362,0.000000,0.000000,0.000000,0.000000,1.000000,0.000000,0.000000,0.000000
2049,34.149651,0,1,3.214723,7.530439,0.000000,4.778651,1.577978,0.000000,0.000000,0.000000,0.000000,1.000000,0.000000,0.000000,0.000000
2050,34.166317,0,1,3.290654,7.556581,0.000000,4.596398,1.560384,0.000000,0.000000,0.000000,0.000000,1.000000,0.000000,0.000000,0.000000
2051,34.182983,0,1,3.363445,7.582286,0.000000,4.409769,1.536628,0.000000,0.000000,0.000000,0.000000,1.000000,0.000000,0.000000,0.000000
2052,34.199650,0,1,3.433033,7.607453,0.000000,4.219181,1.506839,0.000000,0.000000,0.000000,0.000000,1.000000,0.000000,0.000000,0.000000
2053,34.216316,0,1,3.499364,7.631987,0.000000,4.025218,1.471241,0.000000,0.000000,0.000000,0.000000,1.000000,0.000000,0.000000,0.000000
2054,34.232983,0,1,3.562399,7.655797,0.000000,3.828661,1.430173,0.000000,0.000000,0.000000,0.000000,1.000000,0.000000,0.000000,0.000000
2055,34.249649,0,1,3.622118,7.678804,0.000000,3.630541,1.384114,0.000000,0.000000,0.000000,0.000000,1.000000,0.000000,0.000000,0.000000
2056,34.266315,0,1,3.678524,7.700939,0.000000,3.432174,1.333707,0.000000,0.000000,0.000000,0.000000,1.000000,0.000000,0.000000,0.000000
2057,34.282982,0,1,3.731650,7.722147,0.000000,3.235205,1.279783,0.000000,0.000000,0.000000,0.000000,1.000000,0.000000,0.000000,0.000000
2058,34.299648,0,1,3.781564,7.742393,0.000000,3.041647,1.223382,0.000000,0.000000,0.000000,0.000000,1.000000,0.000000,0.000000,0.000000
2059,34.316315,0,1,3.828378,7.761665,0.000000,2.853885,1.165760,0.000000,0.000000,0.000000,0.000000,1.000000,0.000000,0.000000,0.000000
2060,34.332981,0,1,3.872251,7.779978,0.000000,2.674663,1.108384,0.000000,0.000000,0.000000,0.000000,1.000000,0.000000,0.000000,0.000000
2061,34.349648,0,1,3.913394,7.797371,0.000000,2.506998,1.052896,0.000000,0.000000,0.000000,0.000000,1.000000,0.000000,0.000000,0.000000
2062,34.366314,0,1,3.952071,7.813920,0.000000,2.354040,1.001049,0.000000,0.000000,0.000000,0.000000,1.000000,0.000000,0.000000,0.000000
2063,34.382980,0,1,3.988600,7.829725,0.000000,2.218851,0.954603,0.000000,0.000000,0.000000,0.000000,1.000000,0.000000,0.000000,0.000000
2064,34.399647,0,1,4.023339,7.844914,0.000000,2.104127,0.915187,0.000000,0.000000,0.000000,0.000000,1.000000,0.000000,0.000000,0.000000
2065,34.416313,0,1,4.056674,7.859639,0.000000,2.011897,0.884158,0.000000,0.000000,0.000000,0.000000,1.000000,0.000000,0.000000,0.000000
2066,34.432980,0,1,4.089007,7.874060,0.000000,1.943264,0.862459,0.000000,0.000000,0.000000,0.000000,1.000000,0.000000,0.000000,0.000000
2067,34.449646,0,1,4.120732,7.888344,0.000000,1.898236,0.850532,0.000000,0.000000,0.000000,0.000000,1.000000,0.000000,0.000000,0.000000
2068,34.466312,0,1,4.152215,7.902652,0.000000,1.875707,0.848286,0.000000,0.000000,0.000000,0.000000,1.000000,0.000000,0.000000,0.000000
2069,34.482979,0,1,4.183783,7.917131,0.000000,1.873596,0.855147,0.000000,0.000000,0.000000,0.000000,1.000000,0.000000,0.000000,0.000000
2070,34.499645,0,1,4.215708,7.931911,0.000000,1.889086,0.870158,0.000000,0.000000,0.000000,0.000000,1.000000,0.000000,0.000000,0.000000
2071,34.516312,0,1,4.248213,7.947098,0.000000,1.918942,0.892106,0.000000,0.000000,0.000000,0.000000,1.000000,0.000000,0.000000,0.000000
2072,34.532978,0,1,4.281456,7.962777,0.000000,1.959799,0.919666,0.000000,0.000000,0.000000,0.000000,1.000000,0.000000,0.000000,0.000000
2073,34.549644,0,1,4.315547,7.979012,0.000000,2.008420,0.951505,0.000000,0.000000,0.000000,0.000000,1.000000,0.000000,0.000000,0.000000
2074,34.566311,0,1,4.350550,7.995842,0.000000,2.061867,0.986376,0.000000,0.000000,0.000000,0.000000,1.000000,0.000000,0.000000,0.000000
2075,34.582977,0,1,4.386484,8.013294,0.000000,2.117588,1.023158,0.000000,0.000000,0.000000,0.000000,1.000000,0.000000,0.000000,0.000000
2076,34.599644,0,1,4.423342,8.031379,0.000000,2.173463,1.060885,0.000000,0.000000,0.000000,0.000000,1.000000,0.000000,0.000000,0.000000
2077,34.616310,0,1,4.461086,8.050094,0.000000,2.227786,1.098748,0.000000,0.000000,0.000000,0.000000,1.000000,0.000000,0.000000,0.000000
2078,34.632977,0,1,4.499661,8.069425,0.000000,2.279231,1.136084,0.000000,0.000000,0.000000,0.000000,1.000000,0.000000,0.000000,0.000000
2079,34.649643,0,1,4.538999,8.089353,0.000000,2.326810,1.172361,0.000000,0.000000,0.000000,0.000000,1.000000,0.000000,0.000000,0.000000
2080,34.666309,0,1,4.579019,8.109850,0.000000,2.369806,1.207157,0.000000,0.000000,0.000000,0.000000,1.000000,0.000000,0.000000,0.000000
2081,34.682976,0,1,4.619633,8.130885,0.000000,2.407736,1.240144,0.000000,0.000000,0.000000,0.000000,1.000000,0.000000,0.000000,0.000000
2082,34.699642,0,1,4.660754,8.152422,0.000000,2.440299,1.271072,0.000000,0.000000,0.000000,0.000000,1.000000,0.000000,0.000000,0.000000
2083,34.716309,0,1,4.702286,8.174424,0.000000,2.467340,1.299753,0.000000,0.000000,0.000000,0.000000,1.000000,0.000000,0.000000,0.000000
2084,34.732975,0,1,4.744140,8.196850,0.000000,2.488816,1.326047,0.000000,0.000000,0.000000,0.000000,1.000000,0.000000,0.000000,0.000000
2085,34.749641,0,1,4.786224,8.219658,0.000000,2.504775,1.349858,0.000000,0.000000,0.000000,0.000000,1.000000,0.000000,0.000000,0.000000
2086,34.766308,0,1,4.828449,8.242807,0.000000,2.515330,1.371123,0.000000,0.000000,0.000000,0.000000,1.000000,0.000000,0.000000,0.000000
2087,34.782974,0,1,4.870730,8.266253,0.000000,2.520645,1.389807,0.000000,0.000000,0.000000,0.000000,1.000000,0.000000,0.000000,0.000000
2088,34.799641,0,1,4.912983,8.289950,0.000000,2.520925,1.405896,0.000000,0.000000,0.000000,0.000000,1.000000,0.000000,0.000000,0.000000
2089,34.816307,0,1,4.955132,8.313860,0.000000,2.516398,1.419397,0.000000,0.000000,0.000000,0.000000,1.000000,0.000000,0.000000,0.000000
2090,34.832973,0,1,4.997101,8.337936,0.000000,2.507312,1.430331,0.000000,0.000000,0.000000,0.000000,1.000000,0.000000,0.000000,0.000000
2091,34.849640,0,1,5.038821,8.362141,0.000000,2.493930,1.438735,0.000000,0.000000,0.000000,0.000000,1.000000,0.000000,0.000000,0.000000
2092,34.866306,0,1,5.080227,8.386429,0.000000,2.476520,1.444657,0.000000,0.000000,0.000000,0.000000,1.000000,0.000000,0.000000,0.000000
2093,34.882973,0,1,5.121258,8.410763,0.000000,2.455360,1.448155,0.000000,0.000000,0.000000,0.000000,1.000000,0.000000,0.000000,0.000000
2094,34.899639,0,1,5.161859,8.435102,0.000000,2.430724,1.449298,0.000000,0.000000,0.000000,0.000000,1.000000,0.000000,0.000000,0.000000
2095,34.916306,0,1,5.201977,8.459413,0.000000,2.402887,1.448162,0.000000,0.000000,0.000000,0.000000,1.000000,0.000000,0.000000,0.000000
2096,34.932972,0,1,5.241567,8.483654,0.000000,2.372121,1.444833,0.000000,0.000000,0.000000,0.000000,1.000000,0.000000,0.000000,0.000000
2097,34.949638,0,1,5.280583,8.507794,0.000000,2.338697,1.439401,0.000000,0.000000,0.000000,0.000000,1.000000,0.000000,0.000000,0.000000
2098,34.966305,0,1,5.318990,8.531800,0.000000,2.302879,1.431965,0.000000,0.000000,0.000000,0.000000,1.000000,0.000000,0.000000,0.000000
2099,34.982971,0,1,5.356753,8.555641,0.000000,2.264923,1.422629,0.000000,0.000000,0.000000,0.000000,1.000000,0.000000,0.000000,0.000000
2100,34.999638,0,1,5.393843,8.579288,0.000000,2.225082,1.411500,0.000000,0.000000,0.000000,0.000000,1.000000,0.000000,0.000000,0.000000
2101,35.016304,0,1,5.430233,8.602712,0.000000,2.183601,1.398694,0.000000,0.000000,0.000000,0.000000,1.000000,0.000000,0.000000,0.000000
2102,35.032970,0,1,5.465901,8.625889,0.000000,2.140719,1.384328,0.000000,0.000000,0.000000,0.000000,1.000000,0.000000,0.000000,0.000000
2103,35.049637,0,1,5.500830,8.648795,0.000000,2.096667,1.368524,0.000000,0.000000,0.000000,0.000000,1.000000,0.000000,0.000000,0.000000
2104,35.066303,0,1,5.535003,8.671411,0.000000,2.051667,1.351406,0.000000,0.000000,0.000000,0.000000,1.000000,0.000000,0.000000,0.000000
2105,35.082970,0,1,5.568413,8.693714,0.000000,2.005938,1.333104,0.000000,0.000000,0.000000,0.000000,1.000000,0.000000,0.000000,0.000000
2106,35.099636,0,1,5.601050,8.715690,0.000000,1.959688,1.313746,0.000000,0.000000,0.000000,0.000000,1.000000,0.000000,0.000000,0.000000
2107,35.116302,0,1,5.632911,8.737325,0.000000,1.913120,1.293466,0.000000,0.000000,0.000000,0.000000,1.000000,0.000000,0.000000,0.000000
2108,35.132969,0,1,5.663994,8.758605,0.000000,1.866427,1.272398,0.000000,0.000000,0.000000,0.000000,1.000000,0.000000,0.000000,0.000000
2109,35.149635,0,1,5.694303,8.779520,0.000000,1.819797,1.250677,0.000000,0.000000,0.000000,0.000000,1.000000,0.000000,0.000000,0.000000
2110,35.166302,0,1,5.723840,8.800065,0.000000,1.773413,1.228438,0.000000,0.000000,0.000000,0.000000,1.000000,0.000000,0.000000,0.000000
2111,35.182968,0,1,5.752616,8.820230,0.000000,1.727446,1.205817,0.000000,0.000000,0.000000,0.000000,1.000000,0.000000,0.000000,0.000000
2112,35.199635,0,1,5.780641,8.840014,0.000000,1.682064,1.182951,0.000000,0.000000,0.000000,0.000000,1.000000,0.000000,0.000000,0.000000
2113,35.216301,0,1,5.807928,8.859417,0.000000,1.637426,1.159974,0.000000,0.000000,0.000000,0.000000,1.000000,0.000000,0.000000,0.000000
2114,35.232967,0,1,5.834493,8.878439,0.000000,1.593685,1.137020,0.000000,0.000000,0.000000,0.000000,1.000000,0.000000,0.000000,0.000000
2115,35.249634,0,1,5.860355,8.897083,0.000000,1.550985,1.114221,0.000000,0.000000,0.000000,0.000000,1.000000,0.000000,0.000000,0.000000
2116,35.266300,0,1,5.885534,8.915357,0.000000,1.509464,1.091705,0.000000,0.000000,0.000000,0.000000,1.000000,0.000000,0.000000,0.000000
2117,35.282967,0,1,5.910052,8.933266,0.000000,1.469249,1.069597,0.000000,0.000000,0.000000,0.000000,1.000000,0.000000,0.000000,0.000000
2118,35.299633,0,1,5.933935,8.950819,0.000000,1.430461,1.048020,0.000000,0.000000,0.000000,0.000000,1.000000,0.000000,0.000000,0.000000
2119,35.316299,0,1,5.957207,8.968032,0.000000,1.393208,1.027087,0.000000,0.000000,0.000000,0.000000,1.000000,0.000000,0.000000,0.000000
2120,35.332966,0,1,5.979899,8.984914,0.000000,1.357589,1.006906,0.000000,0.000000,0.000000,0.000000,1.000000,0.000000,0.000000,0.000000
2121,35.349632,0,1,6.002039,9.001481,0.000000,1.323687,0.987577,0.000000,0.000000,0.000000,0.000000,1.000000,0.000000,0.000000,0.000000
2122,35.366299,0,1,6.023657,9.017752,0.000000,1.291574,0.969189,0.000000,0.000000,0.000000,0.000000,1.000000,0.000000,0.000000,0.000000
2123,35.382965,0,1,6.044785,9.033740,0.000000,1.261299,0.951816,0.000000,0.000000,0.000000,0.000000,1.000000,0.000000,0.000000,0.000000
2124,35.399632,0,1,6.065454,9.049467,0.000000,1.232892,0.935516,0.000000,0.000000,0.000000,0.000000,1.000000,0.000000,0.000000,0.000000
2125,35.416298,0,1,6.085696,9.064953,0.000000,1.206360,0.920331,0.000000,0.000000,0.000000,0.000000,1.000000,0.000000,0.000000,0.000000
2126,35.432964,0,1,6.105542,9.080214,0.000000,1.181677,0.906274,0.000000,0.000000,0.000000,0.000000,1.000000,0.000000,0.000000,0.000000
2127,35.449631,0,1,6.125023,9.095271,0.000000,1.158782,0.893331,0.000000,0.000000,0.000000,0.000000,1.000000,0.000000,0.000000,0.000000
2128,35.466297,0,1,6.144166,9.110142,0.000000,1.137575,0.881456,0.000000,0.000000,0.000000,0.000000,1.000000,0.000000,0.000000,0.000000
2129,35.482964,0,1,6.162996,9.124841,0.000000,1.117900,0.870556,0.000000,0.000000,0.000000,0.000000,1.000000,0.000000,0.000000,0.000000
2130,35.499630,0,1,6.181533,9.139384,0.000000,1.099547,0.860491,0.000000,0.000000,0.000000,0.000000,1.000000,0.000000,0.000000,0.000000
2131,35.516296,0,1,6.199795,9.153778,0.000000,1.082238,0.851064,0.000000,0.000000,0.000000,0.000000,1.000000,0.000000,0.000000,0.000000
2132,35.532963,0,1,6.217793,9.168033,0.000000,1.065612,0.842007,0.000000,0.000000,0.000000,0.000000,1.000000,0.000000,0.000000,0.000000
2133,35.549629,0,1,6.235528,9.182143,0.000000,1.049232,0.832985,0.000000,0.000000,0.000000,0.000000,1.000000,0.000000,0.000000,0.000000
2134,35.566296,0,1,6.252991,9.196103,0.000000,1.032555,0.823566,0.000000,0.000000,0.000000,0.000000,1.000000,0.000000,0.000000,0.000000
2135,35.582962,0,1,6.270166,9.209893,0.000000,1.014940,0.813236,0.000000,0.000000,0.000000,0.000000,1.000000,0.000000,0.000000,0.000000
2136,35.599628,0,1,6.287019,9.223486,0.000000,0.995646,0.801384,0.000000,0.000000,0.000000,0.000000,1.000000,0.000000,0.000000,0.000000
2137,35.616295,0,1,6.303504,9.236841,0.000000,0.973831,0.787305,0.000000,0.000000,0.000000,0.000000,1.000000,0.000000,0.000000,0.000000
2138,35.632961,0,1,6.319559,9.249902,0.000000,0.948569,0.770216,0.000000,0.000000,0.000000,0.000000,1.000000,0.000000,0.000000,0.000000
2139,35.649628,0,1,6.335104,9.262602,0.000000,0.918871,0.749263,0.000000,0.000000,0.000000,0.000000,1.000000,0.000000,0.000000,0.000000
2140,35.666294,0,1,6.350041,9.274854,0.000000,0.883727,0.723564,0.000000,0.000000,0.000000,0.000000,1.000000,0.000000,0.000000,0.000000
2141,35.682961,0,1,6.364258,9.286561,0.000000,0.842142,0.692237,0.000000,0.000000,0.000000,0.000000,1.000000,0.000000,0.000000,0.000000
2142,35.699627,0,1,6.377626,9.297608,0.000000,0.793199,0.654458,0.000000,0.000000,0.000000,0.000000,1.000000,0.000000,0.000000,0.000000
2143,35.716293,0,1,6.390005,9.307876,0.000000,0.736117,0.609509,0.000000,0.000000,0.000000,0.000000,1.000000,0.000000,0.000000,0.000000
2144,35.732960,0,1,6.401245,9.317227,0.000000,0.670304,0.556835,0.000000,0.000000,0.000000,0.000000,1.000000,0.000000,0.000000,0.000000
2145,35.749626,0,1,6.411193,9.325529,0.000000,0.595405,0.496088,0.000000,0.000000,0.000000,0.000000,1.000000,0.000000,0.000000,0.000000
2146,35.766293,0,1,6.419696,9.332643,0.000000,0.511327,0.427158,0.000000,0.000000,0.000000,0.000000,1.000000,0.000000,0.000000,0.000000
2147,35.782959,0,1,6.426602,9.338435,0.000000,0.418244,0.350186,0.000000,0.000000,0.000000,0.000000,1.000000,0.000000,0.000000,0.000000
2148,35.799625,0,1,6.431774,9.342779,0.000000,0.316579,0.265550,0.000000,0.000000,0.000000,0.000000,1.000000,0.000000,0.000000,0.000000
2149,35.816292,0,1,6.435081,9.345563,0.000000,0.206962,0.173840,0.000000,0.000000,0.000000,0.000000,1.000000,0.000000,0.000000,0.000000
2150,35.832958,0,1,6.436409,9.346684,0.000000,0.090177,0.075812,0.000000,0.000000,0.000000,0.000000,1.000000,0.000000,0.000000,0.000000
2151,35.849625,0,1,6.435657,9.346055,0.000000,-0.032894,-0.027664,0.000000,0.000000,0.000000,0.000000,1.000000,0.000000,0.000000,0.000000
2152,35.866291,0,1,6.432743,9.343608,0.000000,-0.161332,-0.135652,0.000000,0.000000,0.000000,0.000000,1.000000,0.000000,0.000000,0.000000
2153,35.882957,0,1,6.427596,9.339289,0.000000,-0.294230,-0.247206,0.000000,0.000000,0.000000,0.000000,1.000000,0.000000,0.000000,0.000000
2154,35.899624,0,1,6.420161,9.333056,0.000000,-0.430731,-0.361398,0.000000,0.000000,0.000000,0.000000,1.000000,0.000000,0.000000,0.000000
2155,35.916290,0,1,6.410395,9.324889,0.000000,-0.570051,-0.477350,0.000000,0.000000,0.000000,0.000000,1.000000,0.000000,0.000000,0.000000
2156,35.932957,0,1,6.398267,9.314774,0.000000,-0.711503,-0.594261,0.000000,0.000000,0.000000,0.000000,1.000000,0.000000,0.000000,0.000000
2157,35.949623,0,1,6.383755,9.302710,0.000000,-0.854496,-0.711403,0.000000,0.000000,0.000000,0.000000,1.000000,0.000000,0.000000,0.000000
2158,35.966290,0,1,6.366843,9.288708,0.000000,-0.998537,-0.828138,0.000000,0.000000,0.000000,0.000000,1.000000,0.000000,0.000000,0.000000
2159,35.982956,0,1,6.347520,9.272789,0.000000,-1.143226,-0.943907,0.000000,0.000000,0.000000,0.000000,1.000000,0.000000,0.000000,0.000000
2160,35.999622,0,1,6.325784,9.254975,0.000000,-1.288245,-1.058229,0.000000,0.000000,0.000000,0.000000,1.000000,0.000000,0.000000,0.000000
2161,36.016289,0,1,6.301633,9.235303,0.000000,-1.433352,-1.170696,0.000000,0.000000,0.000000,0.000000,1.000000,0.000000,0.000000,0.000000
2162,36.032955,0,1,6.275071,9.213810,0.000000,-1.578369,-1.280965,0.000000,0.000000,0.000000,0.000000,1.000000,0.000000,0.000000,0.000000
2163,36.049622,0,1,6.246100,9.190536,0.000000,-1.723173,-1.388745,0.000000,0.000000,0.000000,0.000000,1.000000,0.000000,0.000000,0.000000
2164,36.066288,0,1,6.214725,9.165532,0.000000,-1.867688,-1.493799,0.000000,0.000000,0.000000,0.000000,1.000000,0.000000,0.000000,0.000000
2165,36.082954,0,1,6.180951,9.138844,0.000000,-2.011874,-1.595927,0.000000,0.000000,0.000000,0.000000,1.000000,0.000000,0.000000,0.000000
2166,36.099621,0,1,6.144782,9.110525,0.000000,-2.155725,-1.694970,0.000000,0.000000,0.000000,0.000000,1.000000,0.000000,0.000000,0.000000
2167,36.116287,0,1,6.106225,9.080629,0.000000,-2.299261,-1.790799,0.000000,0.000000,0.000000,0.000000,1.000000,0.000000,0.000000,0.000000
2168,36.132954,0,1,6.065283,9.049212,0.000000,-2.442528,-1.883309,0.000000,0.000000,0.000000,0.000000,1.000000,0.000000,0.000000,0.000000
2169,36.149620,0,1,6.021958,9.016328,0.000000,-2.585584,-1.972420,0.000000,0.000000,0.000000,0.000000,1.000000,0.000000,0.000000,0.000000
2170,36.166286,0,1,5.976253,8.982039,0.000000,-2.728508,-2.058071,0.000000,0.000000,0.000000,0.000000,1.000000,0.000000,0.000000,0.000000
2171,36.182953,0,1,5.928167,8.946402,0.000000,-2.871392,-2.140216,0.000000,0.000000,0.000000,0.000000,1.000000,0.000000,0.000000,0.000000
2172,36.199619,0,1,5.877697,8.909473,0.000000,-3.014340,-2.218823,0.000000,0.000000,0.000000,0.000000,1.000000,0.000000,0.000000,0.000000
2173,36.216286,0,1,5.824840,8.871315,0.000000,-3.157465,-2.293871,0.000000,0.000000,0.000000,0.000000,1.000000,0.000000,0.000000,0.000000
2174,36.232952,0,1,5.769589,8.831985,0.000000,-3.300893,-2.365348,0.000000,0.000000,0.000000,0.000000,1.000000,0.000000,0.000000,0.000000
2175,36.249619,0,1,5.711937,8.791543,0.000000,-3.444756,-2.433250,0.000000,0.000000,0.000000,0.000000,1.000000,0.000000,0.000000,0.000000
2176,36.266285,0,1,5.651872,8.750049,0.000000,-3.589196,-2.497578,0.000000,0.000000,0.000000,0.000000,1.000000,0.000000,0.000000,0.000000
2177,36.282951,0,1,5.589381,8.707561,0.000000,-3.734363,-2.558336,0.000000,0.000000,0.000000,0.000000,1.000000,0.000000,0.000000,0.000000
2178,36.299618,0,1,5.524449,8.664138,0.000000,-3.880415,-2.615529,0.000000,0.000000,0.000000,0.000000,1.000000,0.000000,0.000000,0.000000
2179,36.316284,0,1,5.457055,8.619840,0.000000,-4.027513,-2.669165,0.000000,0.000000,0.000000,0.000000,1.000000,0.000000,0.000000,0.000000
2180,36.332951,0,1,5.387179,8.574726,0.000000,-4.175827,-2.719246,0.000000,0.000000,0.000000,0.000000,1.000000,0.000000,0.000000,0.000000
2181,36.349617,0,1,5.314795,8.528854,0.000000,-4.325528,-2.765773,0.000000,0.000000,0.000000,0.000000,1.000000,0.000000,0.000000,0.000000
2182,36.366283,0,1,5.239878,8.482285,0.000000,-4.476791,-2.808738,0.000000,0.000000,0.000000,0.000000,1.000000,0.000000,0.000000,0.000000
2183,36.382950,0,1,5.162395,8.435075,0.000000,-4.629788,-2.848126,0.000000,0.000000,0.000000,0.000000,1.000000,0.000000,0.000000,0.000000
2184,36.399616,0,1,5.082314,8.387287,0.000000,-4.784690,-2.883908,0.000000,0.000000,0.000000,0.000000,1.000000,0.000000,0.000000,0.000000
2185,36.416283,0,1,4.999597,8.338981,0.000000,-4.941656,-2.916044,0.000000,0.000000,0.000000,0.000000,1.000000,0.000000,0.000000,0.000000
2186,36.432949,0,1,4.914208,8.290219,0.000000,-5.100832,-2.944469,0.000000,0.000000,0.000000,0.000000,1.000000,0.000000,0.000000,0.000000
2187,36.449615,0,1,4.826103,8.241064,0.000000,-5.262342,-2.969104,0.000000,0.000000,0.000000,0.000000,1.000000,0.000000,0.000000,0.000000
2188,36.466282,0,1,4.735244,8.191582,0.000000,-5.426281,-2.989837,0.000000,0.000000,0.000000,0.000000,1.000000,0.000000,0.000000,0.000000
2189,36.482948,0,1,4.641584,8.141840,0.000000,-5.592694,-3.006530,0.000000,0.000000,0.000000,0.000000,1.000000,0.000000,0.000000,0.000000
2190,36.499615,0,1,4.545085,8.091908,0.000000,-5.761574,-3.019005,0.000000,0.000000,0.000000,0.000000,1.000000,0.000000,0.000000,0.000000
2191,36.516281,0,1,4.445706,8.041864,0.000000,-5.932830,-3.027048,0.000000,0.000000,0.000000,0.000000,1.000000,0.000000,0.000000,0.000000
2192,36.532948,0,1,4.343407,7.991787,0.000000,-6.106275,-3.030397,0.000000,0.000000,0.000000,0.000000,1.000000,0.000000,0.000000,0.000000
2193,36.549614,0,1,4.238161,7.941759,0.000000,-6.281599,-3.028741,0.000000,0.000000,0.000000,0.000000,1.000000,0.000000,0.000000,0.000000
2194,36.566280,0,1,4.129943,7.891873,0.000000,-6.458331,-3.021718,0.000000,0.000000,0.000000,0.000000,1.000000,0.000000,0.000000,0.000000
2195,36.582947,0,1,4.018744,7.842229,0.000000,-6.635815,-3.008910,0.000000,0.000000,0.000000,0.000000,1.000000,0.000000,0.000000,0.000000
2196,36.599613,0,1,3.904569,7.792932,0.000000,-6.813171,-2.989853,0.000000,0.000000,0.000000,0.000000,1.000000,0.000000,0.000000,0.000000
2197,36.616280,0,1,3.787446,7.744098,0.000000,-6.989271,-2.964038,0.000000,0.000000,0.000000,0.000000,1.000000,0.000000,0.000000,0.000000
2198,36.632946,0,1,3.667424,7.695853,0.000000,-7.162710,-2.930928,0.000000,0.000000,0.000000,0.000000,1.000000,0.000000,0.000000,0.000000
2199,36.649612,0,1,3.544587,7.648328,0.000000,-7.331802,-2.889983,0.000000,0.000000,0.000000,0.000000,1.000000,0.000000,0.000000,0.000000
2200,36.666279,0,1,3.419048,7.601669,0.000000,-7.494593,-2.840694,0.000000,0.000000,0.000000,0.000000,1.000000,0.000000,0.000000,0.000000
2201,36.682945,0,1,3.290962,7.556020,0.000000,-7.648914,-2.782622,0.000000,0.000000,0.000000,0.000000,1.000000,0.000000,0.000000,0.000000
2202,36.699612,0,1,3.160521,7.511540,0.000000,-7.792463,-2.715455,0.000000,0.000000,0.000000,0.000000,1.000000,0.000000,0.000000,0.000000
2203,36.716278,0,1,3.027956,7.468381,0.000000,-7.922934,-2.639058,0.000000,0.000000,0.000000,0.000000,1.000000,0.000000,0.000000,0.000000
2204,36.732944,0,1,2.893535,7.426695,0.000000,-8.038176,-2.553527,0.000000,0.000000,0.000000,0.000000,1.000000,0.000000,0.000000,0.000000
2205,36.749611,0,1,2.757554,7.386626,0.000000,-8.136368,-2.459220,0.000000,0.000000,0.000000,0.000000,1.000000,0.000000,0.000000,0.000000
2206,36.766277,0,1,2.620325,7.348307,0.000000,-8.216183,-2.356776,0.000000,0.000000,0.000000,0.000000,1.000000,0.000000,0.000000,0.000000
2207,36.782944,0,1,2.482171,7.311852,0.000000,-8.276908,-2.247087,0.000000,0.000000,0.000000,0.000000,1.000000,0.000000,0.000000,0.000000
2208,36.799610,0,1,2.343413,7.277355,0.000000,-8.318495,-2.131256,0.000000,0.000000,0.000000,0.000000,1.000000,0.000000,0.000000,0.000000
2209,36.816277,0,1,2.204354,7.244893,0.000000,-8.341557,-2.010534,0.000000,0.000000,0.000000,0.000000,1.000000,0.000000,0.000000,0.000000
2210,36.832943,0,1,2.065277,7.214514,0.000000,-8.347262,-1.886224,0.000000,0.000000,0.000000,0.000000,1.000000,0.000000,0.000000,0.000000
2211,36.849609,0,1,1.926435,7.186249,0.000000,-8.337206,-1.759610,0.000000,0.000000,0.000000,0.000000,1.000000,0.000000,0.000000,0.000000
2212,36.866276,0,1,1.788048,7.160112,0.000000,-8.313234,-1.631884,0.000000,0.000000,0.000000,0.000000,1.000000,0.000000,0.000000,0.000000
2213,36.882942,0,1,1.650305,7.136094,0.000000,-8.277296,-1.504103,0.000000,0.000000,0.000000,0.000000,1.000000,0.000000,0.000000,0.000000
2214,36.899609,0,1,1.513362,7.114177,0.000000,-8.231307,-1.377159,0.000000,0.000000,0.000000,0.000000,1.000000,0.000000,0.000000,0.000000
2215,36.916275,0,1,1.377347,7.094332,0.000000,-8.177037,-1.251774,0.000000,0.000000,0.000000,0.000000,1.000000,0.000000,0.000000,0.000000
2216,36.932941,0,1,1.242362,7.076521,0.000000,-8.116064,-1.128509,0.000000,0.000000,0.000000,0.000000,1.000000,0.000000,0.000000,0.000000
2217,36.949608,0,1,1.108492,7.060697,0.000000,-8.049733,-1.007780,0.000000,0.000000,0.000000,0.000000,1.000000,0.000000,0.000000,0.000000
2218,36.966274,0,1,0.975800,7.046815,0.000000,-7.979140,-0.889882,0.000000,0.000000,0.000000,0.000000,1.000000,0.000000,0.000000,0.000000
2219,36.982941,0,1,0.844340,7.034823,0.000000,-7.905152,-0.775013,0.000000,0.000000,0.000000,0.000000,1.000000,0.000000,0.000000,0.000000
2220,36.999607,0,1,0.714155,7.024669,0.000000,-7.828423,-0.663295,0.000000,0.000000,0.000000,0.000000,1.000000,0.000000,0.000000,0.000000
2221,37.016273,0,1,0.585282,7.016299,0.000000,-7.749415,-0.554797,0.000000,0.000000,0.000000,0.000000,1.000000,0.000000,0.000000,0.000000
2222,37.032940,0,1,0.457753,7.009659,0.000000,-7.668432,-0.449553,0.000000,0.000000,0.000000,0.000000,1.000000,0.000000,0.000000,0.000000
2223,37.049606,0,1,0.331598,7.004696,0.000000,-7.585639,-0.347571,0.000000,0.000000,0.000000,0.000000,1.000000,0.000000,0.000000,0.000000
2224,37.066273,0,1,0.206848,7.001356,0.000000,-7.501091,-0.248852,0.000000,0.000000,0.000000,0.000000,1.000000,0.000000,0.000000,0.000000
2225,37.082939,0,1,0.083534,6.999583,0.000000,-7.414752,-0.153394,0.000000,0.000000,0.000000,0.000000,1.000000,0.000000,0.000000,0.000000
2226,37.099606,0,1,-0.038310,6.999327,0.000000,-7.326513,-0.061199,0.000000,0.000000,0.000000,0.000000,1.000000,0.000000,0.000000,0.000000
2227,37.116272,0,1,-0.158648,7.000531,0.000000,-7.236214,0.027720,0.000000,0.000000,0.000000,0.000000,1.000000,0.000000,0.000000,0.000000
2228,37.132938,0,1,-0.277441,7.003140,0.000000,-7.143651,0.113339,0.000000,0.000000,0.000000,0.000000,1.000000,0.000000,0.000000,0.000000
2229,37.149605,0,1,-0.394643,7.007099,0.000000,-7.048592,0.195618,0.000000,0.000000,0.000000,0.000000,1.000000,0.000000,0.000000,0.000000
2230,37.166271,0,1,-0.510208,7.012352,0.000000,-6.950789,0.274503,0.000000,0.000000,0.000000,0.000000,1.000000,0.000000,0.000000,0.000000
2231,37.182938,0,1,-0.624082,7.018838,0.000000,-6.849982,0.349924,0.000000,0.000000,0.000000,0.000000,1.000000,0.000000,0.000000,0.000000
2232,37.199604,0,1,-0.736209,7.026501,0.000000,-6.745912,0.421795,0.000000,0.000000,0.000000,0.000000,1.000000,0.000000,0.000000,0.000000
2233,37.216270,0,1,-0.846527,7.035277,0.000000,-6.638324,0.490018,0.000000,0.000000,0.000000,0.000000,1.000000,0.000000,0.000000,0.000000
2234,37.232937,0,1,-0.954972,7.045105,0.000000,-6.526978,0.554482,0.000000,0.000000,0.000000,0.000000,1.000000,0.000000,0.000000,0.000000
2235,37.249603,0,1,-1.061476,7.055916,0.000000,-6.411657,0.615070,0.000000,0.000000,0.000000,0.000000,1.000000,0.000000,0.000000,0.000000
2236,37.266270,0,1,-1.165968,7.067646,0.000000,-6.292167,0.671654,0.000000,0.000000,0.000000,0.000000,1.000000,0.000000,0.000000,0.000000
2237,37.282936,0,1,-1.268372,7.080224,0.000000,-6.168349,0.724108,0.000000,0.000000,0.000000,0.000000,1.000000,0.000000,0.000000,0.000000
2238,37.299603,0,1,-1.368615,7.093577,0.000000,-6.040088,0.772304,0.000000,0.000000,0.000000,0.000000,1.000000,0.000000,0.000000,0.000000
2239,37.316269,0,1,-1.466619,7.107633,0.000000,-5.907316,0.816121,0.000000,0.000000,0.000000,0.000000,1.000000,0.000000,0.000000,0.000000
2240,37.332935,0,1,-1.562310,7.122314,0.000000,-5.770026,0.855451,0.000000,0.000000,0.000000,0.000000,1.000000,0.000000,0.000000,0.000000
2241,37.349602,0,1,-1.655612,7.137545,0.000000,-5.628285,0.890201,0.000000,0.000000,0.000000,0.000000,1.000000,0.000000,0.000000,0.000000
2242,37.366268,0,1,-1.746453,7.153246,0.000000,-5.482239,0.920304,0.000000,0.000000,0.000000,0.000000,1.000000,0.000000,0.000000,0.000000
2243,37.382935,0,1,-1.834766,7.169341,0.000000,-5.332135,0.945725,0.000000,0.000000,0.000000,0.000000,1.000000,0.000000,0.000000,0.000000
2244,37.399601,0,1,-1.920493,7.185749,0.000000,-5.178332,0.966469,0.000000,0.000000,0.000000,0.000000,1.000000,0.000000,0.000000,0.000000
2245,37.416267,0,1,-2.003580,7.202394,0.000000,-5.021334,0.982595,0.000000,0.000000,0.000000,0.000000,1.000000,0.000000,0.000000,0.000000
2246,37.432934,0,1,-2.083989,7.219202,0.000000,-4.861791,0.994221,0.000000,0.000000,0.000000,0.000000,1.000000,0.000000,0.000000,0.000000
2247,37.449600,0,1,-2.161696,7.236101,0.000000,-4.700537,1.001541,0.000000,0.000000,0.000000,0.000000,1.000000,0.000000,0.000000,0.000000
2248,37.466267,0,1,-2.236695,7.253026,0.000000,-4.538607,1.004833,0.000000,0.000000,0.000000,0.000000,1.000000,0.000000,0.000000,0.000000
2249,37.482933,0,1,-2.309003,7.269918,0.000000,-4.377259,1.004475,0.000000,0.000000,0.000000,0.000000,1.000000,0.000000,0.000000,0.000000
2250,37.499599,0,1,-2.378662,7.286729,0.000000,-4.217982,1.000951,0.000000,0.000000,0.000000,0.000000,1.000000,0.000000,0.000000,0.000000
2251,37.516266,0,1,-2.445747,7.303416,0.000000,-4.062500,0.994857,0.000000,0.000000,0.000000,0.000000,1.000000,0.000000,0.000000,0.000000
2252,37.532932,0,1,-2.510363,7.319956,0.000000,-3.912752,0.986904,0.000000,0.000000,0.000000,0.000000,1.000000,0.000000,0.000000,0.000000
2253,37.549599,0,1,-2.572654,7.336335,0.000000,-3.770848,0.977908,0.000000,0.000000,0.000000,0.000000,1.000000,0.000000,0.000000,0.000000
2254,37.566265,0,1,-2.632801,7.352556,0.000000,-3.638993,0.968770,0.000000,0.000000,0.000000,0.000000,1.000000,0.000000,0.000000,0.000000
2255,37.582932,0,1,-2.691021,7.368641,0.000000,-3.519378,0.960443,0.000000,0.000000,0.000000,0.000000,1.000000,0.000000,0.000000,0.000000
2256,37.599598,0,1,-2.747566,7.384624,0.000000,-3.414038,0.953889,0.000000,0.000000,0.000000,0.000000,1.000000,0.000000,0.000000,0.000000
2257,37.616264,0,1,-2.802710,7.400558,0.000000,-3.324693,0.950021,0.000000,0.000000,0.000000,0.000000,1.000000,0.000000,0.000000,0.000000
2258,37.632931,0,1,-2.856751,7.416505,0.000000,-3.252594,0.949647,0.000000,0.000000,0.000000,0.000000,1.000000,0.000000,0.000000,0.000000
2259,37.649597,0,1,-2.909992,7.432540,0.000000,-3.198395,0.953412,0.000000,0.000000,0.000000,0.000000,1.000000,0.000000,0.000000,0.000000
2260,37.666264,0,1,-2.962727,7.448742,0.000000,-3.162077,0.961762,0.000000,0.000000,0.000000,0.000000,1.000000,0.000000,0.000000,0.000000
2261,37.682930,0,1,-3.015242,7.465194,0.000000,-3.142944,0.974917,0.000000,0.000000,0.000000,0.000000,1.000000,0.000000,0.000000,0.000000
2262,37.699596,0,1,-3.067791,7.481973,0.000000,-3.139685,0.992879,0.000000,0.000000,0.000000,0.000000,1.000000,0.000000,0.000000,0.000000
2263,37.716263,0,1,-3.120597,7.499157,0.000000,-3.150502,1.015450,0.000000,0.000000,0.000000,0.000000,1.000000,0.000000,0.000000,0.000000
2264,37.732929,0,1,-3.173846,7.516814,0.000000,-3.173266,1.042274,0.000000,0.000000,0.000000,0.000000,1.000000,0.000000,0.000000,0.000000
2265,37.749596,0,1,-3.227684,7.535005,0.000000,-3.205681,1.072882,0.000000,0.000000,0.000000,0.000000,1.000000,0.000000,0.000000,0.000000
2266,37.766262,0,1,-3.282221,7.553778,0.000000,-3.245436,1.106735,0.000000,0.000000,0.000000,0.000000,1.000000,0.000000,0.000000,0.000000
2267,37.782928,0,1,-3.337527,7.573177,0.000000,-3.290327,1.143270,0.000000,0.000000,0.000000,0.000000,1.000000,0.000000,0.000000,0.000000
2268,37.799595,0,1,-3.393644,7.593231,0.000000,-3.338341,1.181926,0.000000,0.000000,0.000000,0.000000,1.000000,0.000000,0.000000,0.000000
2269,37.816261,0,1,-3.450582,7.613966,0.000000,-3.387710,1.222171,0.000000,0.000000,0.000000,0.000000,1.000000,0.000000,0.000000,0.000000
2270,37.832928,0,1,-3.508331,7.635396,0.000000,-3.436918,1.263512,0.000000,0.000000,0.000000,0.000000,1.000000,0.000000,0.000000,0.000000
2271,37.849594,0,1,-3.566860,7.657530,0.000000,-3.484718,1.305506,0.000000,0.000000,0.000000,0.000000,1.000000,0.000000,0.000000,0.000000
2272,37.866261,0,1,-3.626125,7.680369,0.000000,-3.530103,1.347758,0.000000,0.000000,0.000000,0.000000,1.000000,0.000000,0.000000,0.000000
2273,37.882927,0,1,-3.686066,7.703910,0.000000,-3.572293,1.389924,0.000000,0.000000,0.000000,0.000000,1.000000,0.000000,0.000000,0.000000
2274,37.899593,0,1,-3.746619,7.728146,0.000000,-3.610698,1.431707,0.000000,0.000000,0.000000,0.000000,1.000000,0.000000,0.000000,0.000000
2275,37.916260,0,1,-3.807714,7.753064,0.000000,-3.644897,1.472849,0.000000,0.000000,0.000000,0.000000,1.000000,0.000000,0.000000,0.000000
2276,37.932926,0,1,-3.869272,7.778649,0.000000,-3.674608,1.513134,0.000000,0.000000,0.000000,0.000000,1.000000,0.000000,0.000000,0.000000
2277,37.949593,0,1,-3.931216,7.804883,0.000000,-3.699667,1.552377,0.000000,0.000000,0.000000,0.000000,1.000000,0.000000,0.000000,0.000000
2278,37.966259,0,1,-3.993469,7.831746,0.000000,-3.720006,1.590425,0.000000,0.000000,0.000000,0.000000,1.000000,0.000000,0.000000,0.000000
2279,37.982925,0,1,-4.055952,7.859213,0.000000,-3.735635,1.627151,0.000000,0.000000,0.000000,0.000000,1.000000,0.000000,0.000000,0.000000
2280,37.999592,0,1,-4.118588,7.887261,0.000000,-3.746625,1.662453,0.000000,0.000000,0.000000,0.000000,1.000000,0.000000,0.000000,0.000000
2281,38.016258,0,1,-4.181305,7.915866,0.000000,-3.753099,1.696249,0.000000,0.000000,0.000000,0.000000,1.000000,0.000000,0.000000,0.000000
2282,38.032925,0,1,-4.244030,7.944999,0.000000,-3.755217,1.728476,0.000000,0.000000,0.000000,0.000000,1.000000,0.000000,0.000000,0.000000
2283,38.049591,0,1,-4.306697,7.974636,0.000000,-3.753171,1.759091,0.000000,0.000000,0.000000,0.000000,1.000000,0.000000,0.000000,0.000000
2284,38.066257,0,1,-4.369242,8.004747,0.000000,-3.747176,1.788067,0.000000,0.000000,0.000000,0.000000,1.000000,0.000000,0.000000,0.000000
2285,38.082924,0,1,-4.431603,8.035305,0.000000,-3.737461,1.815388,0.000000,0.000000,0.000000,0.000000,1.000000,0.000000,0.000000,0.000000
2286,38.099590,0,1,-4.493725,8.066284,0.000000,-3.724270,1.841054,0.000000,0.000000,0.000000,0.000000,1.000000,0.000000,0.000000,0.000000
2287,38.116257,0,1,-4.555556,8.097655,0.000000,-3.707853,1.865077,0.000000,0.000000,0.000000,0.000000,1.000000,0.000000,0.000000,0.000000
2288,38.132923,0,1,-4.617049,8.129393,0.000000,-3.688466,1.887482,0.000000,0.000000,0.000000,0.000000,1.000000,0.000000,0.000000,0.000000
2289,38.149590,0,1,-4.678159,8.161469,0.000000,-3.666363,1.908300,0.000000,0.000000,0.000000,0.000000,1.000000,0.000000,0.000000,0.000000
2290,38.166256,0,1,-4.738847,8.193862,0.000000,-3.641801,1.927574,0.000000,0.000000,0.000000,0.000000,1.000000,0.000000,0.000000,0.000000
2291,38.182922,0,1,-4.799079,8.226543,0.000000,-3.615029,1.945356,0.000000,0.000000,0.000000,0.000000,1.000000,0.000000,0.000000,0.000000
2292,38.199589,0,1,-4.858824,8.259491,0.000000,-3.586296,1.961703,0.000000,0.000000,0.000000,0.000000,1.000000,0.000000,0.000000,0.000000
2293,38.216255,0,1,-4.918054,8.292684,0.000000,-3.555839,1.976680,0.000000,0.000000,0.000000,0.000000,1.000000,0.000000,0.000000,0.000000
2294,38.232922,0,1,-4.976746,8.326098,0.000000,-3.523889,1.990358,0.000000,0.000000,0.000000,0.000000,1.000000,0.000000,0.000000,0.000000
2295,38.249588,0,1,-5.034881,8.359717,0.000000,-3.490669,2.002810,0.000000,0.000000,0.000000,0.000000,1.000000,0.000000,0.000000,0.000000
2296,38.266254,0,1,-5.092442,8.393519,0.000000,-3.456388,2.014112,0.000000,0.000000,0.000000,0.000000,1.000000,0.000000,0.000000,0.000000
2297,38.282921,0,1,-5.148580,8.426996,0.000000,-3.371134,1.994695,0.000000,0.000000,0.000000,0.000000,1.000000,0.000000,0.000000,0.000000
2298,38.299587,0,1,-5.205783,8.461590,0.000000,-3.385152,2.032977,0.000000,0.000000,0.000000,0.000000,1.000000,0.000000,0.000000,0.000000
2299,38.316254,0,1,-5.261550,8.495861,0.000000,-3.348789,2.041724,0.000000,0.000000,0.000000,0.000000,1.000000,0.000000,0.000000,0.000000
2300,38.332920,0,1,-5.316710,8.530241,0.000000,-3.312109,2.049217,0.000000,0.000000,0.000000,0.000000,1.000000,0.000000,0.000000,0.000000
2301,38.349586,0,1,-5.371259,8.564731,0.000000,-3.275212,2.055944,0.000000,0.000000,0.000000,0.000000,1.000000,0.000000,0.000000,0.000000
2302,38.366253,0,1,-5.425197,8.599323,0.000000,-3.238216,2.061973,0.000000,0.000000,0.000000,0.000000,1.000000,0.000000,0.000000,0.000000
2303,38.382919,0,1,-5.478524,8.634007,0.000000,-3.201218,2.067362,0.000000,0.000000,0.000000,0.000000,1.000000,0.000000,0.000000,0.000000
2304,38.399586,0,1,-5.531243,8.668772,0.000000,-3.164292,2.072157,0.000000,0.000000,0.000000,0.000000,1.000000,0.000000,0.000000,0.000000
2305,38.416252,0,1,-5.583354,8.703608,0.000000,-3.127486,2.076391,0.000000,0.000000,0.000000,0.000000,1.000000,0.000000,0.000000,0.000000
2306,38.432919,0,1,-5.634863,8.738509,0.000000,-3.090820,2.080078,0.000000,0.000000,0.000000,0.000000,1.000000,0.000000,0.000000,0.000000
2307,38.449585,0,1,-5.685771,8.773465,0.000000,-3.054287,2.083218,0.000000,0.000000,0.000000,0.000000,1.000000,0.000000,0.000000,0.000000
2308,38.466251,0,1,-5.736080,8.808468,0.000000,-3.017840,2.085781,0.000000,0.000000,0.000000,0.000000,1.000000,0.000000,0.000000,0.000000
2309,38.482918,0,1,-5.785789,8.843505,0.000000,-2.981402,2.087712,0.000000,0.000000,0.000000,0.000000,1.000000,0.000000,0.000000,0.000000
2310,38.499584,0,1,-5.834899,8.878568,0.000000,-2.944852,2.088923,0.000000,0.000000,0.000000,0.000000,1.000000,0.000000,0.000000,0.000000
2311,38.516251,0,1,-5.883402,8.913637,0.000000,-2.908027,2.089292,0.000000,0.000000,0.000000,0.000000,1.000000,0.000000,0.000000,0.000000
2312,38.532917,0,1,-5.931290,8.948700,0.000000,-2.870719,2.088652,0.000000,0.000000,0.000000,0.000000,1.000000,0.000000,0.000000,0.000000
2313,38.549583,0,1,-5.978550,8.983734,0.000000,-2.832673,2.086793,0.000000,0.000000,0.000000,0.000000,1.000000,0.000000,0.000000,0.000000
2314,38.566250,0,1,-6.025165,9.018713,0.000000,-2.793583,2.083461,0.000000,0.000000,0.000000,0.000000,1.000000,0.000000,0.000000,0.000000
2315,38.582916,0,1,-6.071106,9.053607,0.000000,-2.753098,2.078345,0.000000,0.000000,0.000000,0.000000,1.000000,0.000000,0.000000,0.000000
2316,38.599583,0,1,-6.116345,9.088377,0.000000,-2.710820,2.071087,0.000000,0.000000,0.000000,0.000000,1.000000,0.000000,0.000000,0.000000
2317,38.616249,0,1,-6.160842,9.122982,0.000000,-2.666313,2.061282,0.000000,0.000000,0.000000,0.000000,1.000000,0.000000,0.000000,0.000000
2318,38.632915,0,1,-6.204550,9.157366,0.000000,-2.619111,2.048482,0.000000,0.000000,0.000000,0.000000,1.000000,0.000000,0.000000,0.000000
2319,38.649582,0,1,-6.247412,9.191471,0.000000,-2.568730,2.032201,0.000000,0.000000,0.000000,0.000000,1.000000,0.000000,0.000000,0.000000
2320,38.666248,0,1,-6.289366,9.225226,0.000000,-2.514685,2.011938,0.000000,0.000000,0.000000,0.000000,1.000000,0.000000,0.000000,0.000000
2321,38.682915,0,1,-6.330338,9.258556,0.000000,-2.456509,1.987182,0.000000,0.000000,0.000000,0.000000,1.000000,0.000000,0.000000,0.000000
2322,38.699581,0,1,-6.370255,9.291375,0.000000,-2.393778,1.957442,0.000000,0.000000,0.000000,0.000000,1.000000,0.000000,0.000000,0.000000
2323,38.716248,0,1,-6.409027,9.323586,0.000000,-2.326129,1.922267,0.000000,0.000000,0.000000,0.000000,1.000000,0.000000,0.000000,0.000000
2324,38.732914,0,1,-6.446568,9.355093,0.000000,-2.253285,1.881264,0.000000,0.000000,0.000000,0.000000,1.000000,0.000000,0.000000,0.000000
2325,38.749580,0,1,-6.482786,9.385790,0.000000,-2.175073,1.834130,0.000000,0.000000,0.000000,0.000000,1.000000,0.000000,0.000000,0.000000
2326,38.766247,0,1,-6.517593,9.415573,0.000000,-2.091438,1.780663,0.000000,0.000000,0.000000,0.000000,1.000000,0.000000,0.000000,0.000000
2327,38.782913,0,1,-6.550898,9.444331,0.000000,-2.002444,1.720778,0.000000,0.000000,0.000000,0.000000,1.000000,0.000000,0.000000,0.000000
2328,38.799580,0,1,-6.582617,9.471962,0.000000,-1.908278,1.654510,0.000000,0.000000,0.000000,0.000000,1.000000,0.000000,0.000000,0.000000
2329,38.816246,0,1,-6.612669,9.498358,0.000000,-1.809231,1.582016,0.000000,0.000000,0.000000,0.000000,1.000000,0.000000,0.000000,0.000000
2330,38.832912,0,1,-6.640984,9.523425,0.000000,-1.705691,1.503560,0.000000,0.000000,0.000000,0.000000,1.000000,0.000000,0.000000,0.000000
2331,38.849579,0,1,-6.667493,9.547070,0.000000,-1.598110,1.419504,0.000000,0.000000,0.000000,0.000000,1.000000,0.000000,0.000000,0.000000
2332,38.866245,0,1,-6.692142,9.569206,0.000000,-1.486990,1.330282,0.000000,0.000000,0.000000,0.000000,1.000000,0.000000,0.000000,0.000000
2333,38.882912,0,1,-6.714882,9.589761,0.000000,-1.372852,1.236385,0.000000,0.000000,0.000000,0.000000,1.000000,0.000000,0.000000,0.000000
2334,38.899578,0,1,-6.735674,9.608669,0.000000,-1.256213,1.138333,0.000000,0.000000,0.000000,0.000000,1.000000,0.000000,0.000000,0.000000
2335,38.916245,0,1,-6.754488,9.625870,0.000000,-1.137571,1.036662,0.000000,0.000000,0.000000,0.000000,1.000000,0.000000,0.000000,0.000000
2336,38.932911,0,1,-6.771300,9.641315,0.000000,-1.017389,0.931899,0.000000,0.000000,0.000000,0.000000,1.000000,0.000000,0.000000,0.000000
2337,38.949577,0,1,-6.786094,9.654965,0.000000,-0.896085,0.824558,0.000000,0.000000,0.000000,0.000000,1.000000,0.000000,0.000000,0.000000
2338,38.966244,0,1,-6.798859,9.666788,0.000000,-0.774022,0.715121,0.000000,0.000000,0.000000,0.000000,1.000000,0.000000,0.000000,0.000000
2339,38.982910,0,1,-6.809587,9.676755,0.000000,-0.651514,0.604039,0.000000,0.000000,0.000000,0.000000,1.000000,0.000000,0.000000,0.000000
2340,38.999577,0,1,-6.818275,9.684852,0.000000,-0.528816,0.491725,0.000000,0.000000,0.000000,0.000000,1.000000,0.000000,0.000000,0.000000
2341,39.016243,0,1,-6.824926,9.691062,0.000000,-0.406135,0.378549,0.000000,0.000000,0.000000,0.000000,1.000000,0.000000,0.000000,0.000000
2342,39.032909,0,1,-6.829544,9.695380,0.000000,-0.283628,0.264846,0.000000,0.000000,0.000000,0.000000,1.000000,0.000000,0.000000,0.000000
2343,39.049576,0,1,-6.832131,9.697803,0.000000,-0.161409,0.150911,0.000000,0.000000,0.000000,0.000000,1.000000,0.000000,0.000000,0.000000
2344,39.066242,0,1,-6.832695,9.698332,0.000000,-0.039551,0.037005,0.000000,0.000000,0.000000,0.000000,1.000000,0.000000,0.000000,0.000000
2345,39.082909,0,1,-6.831240,9.696973,0.000000,0.081904,-0.076644,0.000000,0.000000,0.000000,0.000000,1.000000,0.000000,0.000000,0.000000
2346,39.099575,0,1,-6.827776,9.693732,0.000000,0.202945,-0.189835,0.000000,0.000000,0.000000,0.000000,1.000000,0.000000,0.000000,0.000000
2347,39.116241,0,1,-6.822307,9.688623,0.000000,0.323587,-0.302395,0.000000,0.000000,0.000000,0.000000,1.000000,0.000000,0.000000,0.000000
2348,39.132908,0,1,-6.814839,9.681660,0.000000,0.443865,-0.414174,0.000000,0.000000,0.000000,0.000000,1.000000,0.000000,0.000000,0.000000
2349,39.149574,0,1,-6.805376,9.672854,0.000000,0.563832,-0.525040,0.000000,0.000000,0.000000,0.000000,1.000000,0.000000,0.000000,0.000000
2350,39.166241,0,1,-6.793921,9.662227,0.000000,0.683557,-0.634880,0.000000,0.000000,0.000000,0.000000,1.000000,0.000000,0.000000,0.000000
2351,39.182907,0,1,-6.780475,9.649795,0.000000,0.803121,-0.743596,0.000000,0.000000,0.000000,0.000000,1.000000,0.000000,0.000000,0.000000
2352,39.199574,0,1,-6.765039,9.635579,0.000000,0.922616,-0.851102,0.000000,0.000000,0.000000,0.000000,1.000000,0.000000,0.000000,0.000000
2353,39.216240,0,1,-6.747614,9.619601,0.000000,1.042142,-0.957323,0.000000,0.000000,0.000000,0.000000,1.000000,0.000000,0.000000,0.000000
2354,39.232906,0,1,-6.728194,9.601884,0.000000,1.161807,-1.062195,0.000000,0.000000,0.000000,0.000000,1.000000,0.000000,0.000000,0.000000
2355,39.249573,0,1,-6.706773,9.582450,0.000000,1.281724,-1.165660,0.000000,0.000000,0.000000,0.000000,1.000000,0.000000,0.000000,0.000000
2356,39.266239,0,1,-6.683346,9.561324,0.000000,1.402011,-1.267665,0.000000,0.000000,0.000000,0.000000,1.000000,0.000000,0.000000,0.000000
2357,39.282906,0,1,-6.657902,9.538532,0.000000,1.522792,-1.368166,0.000000,0.000000,0.000000,0.000000,1.000000,0.000000,0.000000,0.000000
2358,39.299572,0,1,-6.630432,9.514098,0.000000,1.644190,-1.467118,0.000000,0.000000,0.000000,0.000000,1.000000,0.000000,0.000000,0.000000
2359,39.316238,0,1,-6.600922,9.488051,0.000000,1.766335,-1.564483,0.000000,0.000000,0.000000,0.000000,1.000000,0.000000,0.000000,0.000000
2360,39.332905,0,1,-6.569355,9.460415,0.000000,1.889357,-1.660222,0.000000,0.000000,0.000000,0.000000,1.000000,0.000000,0.000000,0.000000
2361,39.349571,0,1,-6.535713,9.431219,0.000000,2.013387,-1.754295,0.000000,0.000000,0.000000,0.000000,1.000000,0.000000,0.000000,0.000000
2362,39.366238,0,1,-6.499978,9.400493,0.000000,2.138557,-1.846664,0.000000,0.000000,0.000000,0.000000,1.000000,0.000000,0.000000,0.000000
2363,39.382904,0,1,-6.462125,9.368262,0.000000,2.264998,-1.937289,0.000000,0.000000,0.000000,0.000000,1.000000,0.000000,0.000000,0.000000
2364,39.399570,0,1,-6.422131,9.334559,0.000000,2.392840,-2.026122,0.000000,0.000000,0.000000,0.000000,1.000000,0.000000,0.000000,0.000000
2365,39.416237,0,1,-6.379969,9.299415,0.000000,2.522211,-2.113116,0.000000,0.000000,0.000000,0.000000,1.000000,0.000000,0.000000,0.000000
2366,39.432903,0,1,-6.335611,9.262858,0.000000,2.653232,-2.198214,0.000000,0.000000,0.000000,0.000000,1.000000,0.000000,0.000000,0.000000
2367,39.449570,0,1,-6.289026,9.224924,0.000000,2.786019,-2.281351,0.000000,0.000000,0.000000,0.000000,1.000000,0.000000,0.000000,0.000000
2368,39.466236,0,1,-6.240180,9.185647,0.000000,2.920682,-2.362452,0.000000,0.000000,0.000000,0.000000,1.000000,0.000000,0.000000,0.000000
2369,39.482903,0,1,-6.189042,9.145062,0.000000,3.057315,-2.441431,0.000000,0.000000,0.000000,0.000000,1.000000,0.000000,0.000000,0.000000
2370,39.499569,0,1,-6.135575,9.103206,0.000000,3.195999,-2.518183,0.000000,0.000000,0.000000,0.000000,1.000000,0.000000,0.000000,0.000000
2371,39.516235,0,1,-6.079744,9.060118,0.000000,3.336794,-2.592590,0.000000,0.000000,0.000000,0.000000,1.000000,0.000000,0.000000,0.000000
2372,39.532902,0,1,-6.021511,9.015840,0.000000,3.479734,-2.664510,0.000000,0.000000,0.000000,0.000000,1.000000,0.000000,0.000000,0.000000
2373,39.549568,0,1,-5.960838,8.970417,0.000000,3.624824,-2.733777,0.000000,0.000000,0.000000,0.000000,1.000000,0.000000,0.000000,0.000000
2374,39.566235,0,1,-5.897693,8.923897,0.000000,3.772024,-2.800199,0.000000,0.000000,0.000000,0.000000,1.000000,0.000000,0.000000,0.000000
2375,39.582901,0,1,-5.832039,8.876332,0.000000,3.921249,-2.863550,0.000000,0.000000,0.000000,0.000000,1.000000,0.000000,0.000000,0.000000
2376,39.599567,0,1,-5.763845,8.827779,0.000000,4.072354,-2.923572,0.000000,0.000000,0.000000,0.000000,1.000000,0.000000,0.000000,0.000000
2377,39.616234,0,1,-5.693085,8.778298,0.000000,4.225123,-2.979968,0.000000,0.000000,0.000000,0.000000,1.000000,0.000000,0.000000,0.000000
2378,39.632900,0,1,-5.619735,8.727960,0.000000,4.379259,-3.032400,0.000000,0.000000,0.000000,0.000000,1.000000,0.000000,0.000000,0.000000
2379,39.649567,0,1,-5.543781,8.676837,0.000000,4.534369,-3.080491,0.000000,0.000000,0.000000,0.000000,1.000000,0.000000,0.000000,0.000000
2380,39.666233,0,1,-5.465216,8.625009,0.000000,4.689952,-3.123820,0.000000,0.000000,0.000000,0.000000,1.000000,0.000000,0.000000,0.000000
2381,39.682899,0,1,-5.384047,8.572567,0.000000,4.845395,-3.161929,0.000000,0.000000,0.000000,0.000000,1.000000,0.000000,0.000000,0.000000
2382,39.699566,0,1,-5.300290,8.519608,0.000000,4.999961,-3.194333,0.000000,0.000000,0.000000,0.000000,1.000000,0.000000,0.000000,0.000000
2383,39.716232,0,1,-5.213978,8.466239,0.000000,5.152793,-3.220523,0.000000,0.000000,0.000000,0.000000,1.000000,0.000000,0.000000,0.000000
2384,39.732899,0,1,-5.125163,8.412575,0.000000,5.302917,-3.239989,0.000000,0.000000,0.000000,0.000000,1.000000,0.000000,0.000000,0.000000
2385,39.749565,0,1,-5.033910,8.358738,0.000000,5.449259,-3.252236,0.000000,0.000000,0.000000,0.000000,1.000000,0.000000,0.000000,0.000000
2386,39.766232,0,1,-4.940309,8.304857,0.000000,5.590683,-3.256815,0.000000,0.000000,0.000000,0.000000,1.000000,0.000000,0.000000,0.000000
2387,39.782898,0,1,-4.844466,8.251072,0.000000,5.726021,-3.253346,0.000000,0.000000,0.000000,0.000000,1.000000,0.000000,0.000000,0.000000
2388,39.799564,0,1,-4.746511,8.197519,0.000000,5.854133,-3.241557,0.000000,0.000000,0.000000,0.000000,1.000000,0.000000,0.000000,0.000000
2389,39.816231,0,1,-4.646585,8.144342,0.000000,5.973956,-3.221301,0.000000,0.000000,0.000000,0.000000,1.000000,0.000000,0.000000,0.000000
2390,39.832897,0,1,-4.544846,8.091681,0.000000,6.084573,-3.192590,0.000000,0.000000,0.000000,0.000000,1.000000,0.000000,0.000000,0.000000
2391,39.849564,0,1,-4.441466,8.039676,0.000000,6.185259,-3.155596,0.000000,0.000000,0.000000,0.000000,1.000000,0.000000,0.000000,0.000000
2392,39.866230,0,1,-4.336620,7.988452,0.000000,6.275532,-3.110665,0.000000,0.000000,0.000000,0.000000,1.000000,0.000000,0.000000,0.000000
2393,39.882896,0,1,-4.230487,7.938134,0.000000,6.355165,-3.058291,0.000000,0.000000,0.000000,0.000000,1.000000,0.000000,0.000000,0.000000
2394,39.899563,0,1,-4.123243,7.888830,0.000000,6.424198,-2.999105,0.000000,0.000000,0.000000,0.000000,1.000000,0.000000,0.000000,0.000000
2395,39.916229,0,1,-4.015059,7.840637,0.000000,6.482911,-2.933829,0.000000,0.000000,0.000000,0.000000,1.000000,0.000000,0.000000,0.000000
2396,39.932896,0,1,-3.906096,7.793640,0.000000,6.531795,-2.863249,0.000000,0.000000,0.000000,0.000000,1.000000,0.000000,0.000000,0.000000
2397,39.949562,0,1,-3.796503,7.747910,0.000000,6.571498,-2.788170,0.000000,0.000000,0.000000,0.000000,1.000000,0.000000,0.000000,0.000000
2398,39.966228,0,1,-3.686417,7.703501,0.000000,6.602775,-2.709383,0.000000,0.000000,0.000000,0.000000,1.000000,0.000000,0.000000,0.000000
2399,39.982895,0,1,-3.575960,7.660461,0.000000,6.626431,-2.627633,0.000000,0.000000,0.000000,0.000000,1.000000,0.000000,0.000000,0.000000
2400,39.999561,0,1,-3.465242,7.618825,0.000000,6.643278,-2.543605,0.000000,0.000000,0.000000,0.000000,1.000000,0.000000,0.000000,0.000000
2401,40.016228,0,1,-3.354358,7.578614,0.000000,6.654095,-2.457906,0.000000,0.000000,0.000000,0.000000,1.000000,0.000000,0.000000,0.000000
2402,40.032894,0,1,-3.243393,7.539846,0.000000,6.659602,-2.371062,0.000000,0.000000,0.000000,0.000000,1.000000,0.000000,0.000000,0.000000
2403,40.049561,0,1,-3.132425,7.502533,0.000000,6.660436,-2.283516,0.000000,0.000000,0.000000,0.000000,1.000000,0.000000,0.000000,0.000000
2404,40.066227,0,1,-3.021517,7.466677,0.000000,6.657144,-2.195638,0.000000,0.000000,0.000000,0.000000,1.000000,0.000000,0.000000,0.000000
2405,40.082893,0,1,-2.910729,7.432278,0.000000,6.650176,-2.107724,0.000000,0.000000,0.000000,0.000000,1.000000,0.000000,0.000000,0.000000
2406,40.099560,0,1,-2.800116,7.399331,0.000000,6.639889,-2.020013,0.000000,0.000000,0.000000,0.000000,1.000000,0.000000,0.000000,0.000000
2407,40.116226,0,1,-2.689728,7.367831,0.000000,6.626548,-1.932688,0.000000,0.000000,0.000000,0.000000,1.000000,0.000000,0.000000,0.000000
2408,40.132893,0,1,-2.579612,7.337766,0.000000,6.610336,-1.845898,0.000000,0.000000,0.000000,0.000000,1.000000,0.000000,0.000000,0.000000
2409,40.149559,0,1,-2.469816,7.309128,0.000000,6.591362,-1.759755,0.000000,0.000000,0.000000,0.000000,1.000000,0.000000,0.000000,0.000000
2410,40.166225,0,1,-2.360384,7.281903,0.000000,6.569666,-1.674345,0.000000,0.000000,0.000000,0.000000,1.000000,0.000000,0.000000,0.000000
2411,40.182892,0,1,-2.251365,7.256079,0.000000,6.545233,-1.589742,0.000000,0.000000,0.000000,0.000000,1.000000,0.000000,0.000000,0.000000
2412,40.199558,0,1,-2.142804,7.231639,0.000000,6.517999,-1.506005,0.000000,0.000000,0.000000,0.000000,1.000000,0.000000,0.000000,0.000000
2413,40.216225,0,1,-2.034752,7.208571,0.000000,6.487857,-1.423187,0.000000,0.000000,0.000000,0.000000,1.000000,0.000000,0.000000,0.000000
2414,40.232891,0,1,-1.927263,7.186858,0.000000,6.454670,-1.341342,0.000000,0.000000,0.000000,0.000000,1.000000,0.000000,0.000000,0.000000
2415,40.249557,0,1,-1.820391,7.166481,0.000000,6.418275,-1.260525,0.000000,0.000000,0.000000,0.000000,1.000000,0.000000,0.000000,0.000000
2416,40.266224,0,1,-1.714194,7.147424,0.000000,6.378492,-1.180793,0.000000,0.000000,0.000000,0.000000,1.000000,0.000000,0.000000,0.000000
2417,40.282890,0,1,-1.608734,7.129666,0.000000,6.335128,-1.102213,0.000000,0.000000,0.000000,0.000000,1.000000,0.000000,0.000000,0.000000
2418,40.299557,0,1,-1.504076,7.113188,0.000000,6.287986,-1.024859,0.000000,0.000000,0.000000,0.000000,1.000000,0.000000,0.000000,0.000000
2419,40.316223,0,1,-1.400287,7.097966,0.000000,6.236873,-0.948812,0.000000,0.000000,0.000000,0.000000,1.000000,0.000000,0.000000,0.000000
2420,40.332890,0,1,-1.297440,7.083978,0.000000,6.181603,-0.874166,0.000000,0.000000,0.000000,0.000000,1.000000,0.000000,0.000000,0.000000
2421,40.349556,0,1,-1.195607,7.071196,0.000000,6.122006,-0.801020,0.000000,0.000000,0.000000,0.000000,1.000000,0.000000,0.000000,0.000000
2422,40.366222,0,1,-1.094864,7.059595,0.000000,6.057939,-0.729485,0.000000,0.000000,0.000000,0.000000,1.000000,0.000000,0.000000,0.000000
2423,40.382889,0,1,-0.995292,7.049144,0.000000,5.989284,-0.659677,0.000000,0.000000,0.000000,0.000000,1.000000,0.000000,0.000000,0.000000
2424,40.399555,0,1,-0.896966,7.039814,0.000000,5.915970,-0.591720,0.000000,0.000000,0.000000,0.000000,1.000000,0.000000,0.000000,0.000000
2425,40.416222,0,1,-0.799968,7.031567,0.000000,5.837972,-0.525740,0.000000,0.000000,0.000000,0.000000,1.000000,0.000000,0.000000,0.000000
2426,40.432888,0,1,-0.704373,7.024371,0.000000,5.755325,-0.461865,0.000000,0.000000,0.000000,0.000000,1.000000,0.000000,0.000000,0.000000
2427,40.449554,0,1,-0.610260,7.018184,0.000000,5.668143,-0.400224,0.000000,0.000000,0.000000,0.000000,1.000000,0.000000,0.000000,0.000000
2428,40.466221,0,1,-0.517698,7.012970,0.000000,5.576623,-0.340939,0.000000,0.000000,0.000000,0.000000,1.000000,0.000000,0.000000,0.000000
2429,40.482887,0,1,-0.426755,7.008684,0.000000,5.481062,-0.284122,0.000000,0.000000,0.000000,0.000000,1.000000,0.000000,0.000000,0.000000
2430,40.499554,0,1,-0.337489,7.005285,0.000000,5.381877,-0.229874,0.000000,0.000000,0.000000,0.000000,1.000000,0.000000,0.000000,0.000000
2431,40.516220,0,1,-0.249949,7.002726,0.000000,5.279618,-0.178276,0.000000,0.000000,0.000000,0.000000,1.000000,0.000000,0.000000,0.000000
2432,40.532887,0,1,-0.164172,7.000963,0.000000,5.174988,-0.129384,0.000000,0.000000,0.000000,0.000000,1.000000,0.000000,0.000000,0.000000
2433,40.549553,0,1,-0.080177,6.999949,0.000000,5.068856,-0.083224,0.000000,0.000000,0.000000,0.000000,1.000000,0.000000,0.000000,0.000000
2434,40.566219,0,1,0.002033,6.999640,0.000000,4.962270,-0.039786,0.000000,0.000000,0.000000,0.000000,1.000000,0.000000,0.000000,0.000000
2435,40.582886,0,1,0.082478,6.999991,0.000000,4.856469,0.000987,0.000000,0.000000,0.000000,0.000000,1.000000,0.000000,0.000000,0.000000
2436,40.599552,0,1,0.161202,7.000959,0.000000,4.752872,0.039200,0.000000,0.000000,0.000000,0.000000,1.000000,0.000000,0.000000,0.000000
2437,40.616219,0,1,0.238279,7.002508,0.000000,4.653068,0.075016,0.000000,0.000000,0.000000,0.000000,1.000000,0.000000,0.000000,0.000000
2438,40.632885,0,1,0.313810,7.004602,0.000000,4.558783,0.108653,0.000000,0.000000,0.000000,0.000000,1.000000,0.000000,0.000000,0.000000
2439,40.649551,0,1,0.387928,7.007210,0.000000,4.471824,0.140395,0.000000,0.000000,0.000000,0.000000,1.000000,0.000000,0.000000,0.000000
2440,40.666218,0,1,0.460796,7.010311,0.000000,4.394009,0.170579,0.000000,0.000000,0.000000,0.000000,1.000000,0.000000,0.000000,0.000000
2441,40.682884,0,1,0.532606,7.013886,0.000000,4.327070,0.199595,0.000000,0.000000,0.000000,0.000000,1.000000,0.000000,0.000000,0.000000
2442,40.699551,0,1,0.603574,7.017927,0.000000,4.272542,0.227874,0.000000,0.000000,0.000000,0.000000,1.000000,0.000000,0.000000,0.000000
2443,40.716217,0,1,0.673936,7.022431,0.000000,4.231659,0.255871,0.000000,0.000000,0.000000,0.000000,1.000000,0.000000,0.000000,0.000000
2444,40.732883,0,1,0.743937,7.027408,0.000000,4.205256,0.284044,0.000000,0.000000,0.000000,0.000000,1.000000,0.000000,0.000000,0.000000
2445,40.749550,0,1,0.813828,7.032868,0.000000,4.193691,0.312842,0.000000,0.000000,0.000000,0.000000,1.000000,0.000000,0.000000,0.000000
2446,40.766216,0,1,0.883852,7.038833,0.000000,4.196821,0.342675,0.000000,0.000000,0.000000,0.000000,1.000000,0.000000,0.000000,0.000000
2447,40.782883,0,1,0.954240,7.045328,0.000000,4.214009,0.373908,0.000000,0.000000,0.000000,0.000000,1.000000,0.000000,0.000000,0.000000
2448,40.799549,0,1,1.025202,7.052383,0.000000,4.244181,0.406841,0.000000,0.000000,0.000000,0.000000,1.000000,0.000000,0.000000,0.000000
2449,40.816216,0,1,1.096920,7.060034,0.000000,4.285911,0.441706,0.000000,0.000000,0.000000,0.000000,1.000000,0.000000,0.000000,0.000000
2450,40.832882,0,1,1.169551,7.068315,0.000000,4.337534,0.478667,0.000000,0.000000,0.000000,0.000000,1.000000,0.000000,0.000000,0.000000
2451,40.849548,0,1,1.243218,7.077262,0.000000,4.397254,0.517819,0.000000,0.000000,0.000000,0.000000,1.000000,0.000000,0.000000,0.000000
2452,40.866215,0,1,1.318014,7.086915,0.000000,4.463241,0.559199,0.000000,0.000000,0.000000,0.000000,1.000000,0.000000,0.000000,0.000000
2453,40.882881,0,1,1.394003,7.097310,0.000000,4.533724,0.602790,0.000000,0.000000,0.000000,0.000000,1.000000,0.000000,0.000000,0.000000
2454,40.899548,0,1,1.471224,7.108480,0.000000,4.607051,0.648535,0.000000,0.000000,0.000000,0.000000,1.000000,0.000000,0.000000,0.000000
2455,40.916214,0,1,1.549691,7.120463,0.000000,4.681730,0.696341,0.000000,0.000000,0.000000,0.000000,1.000000,0.000000,0.000000,0.000000
2456,40.932880,0,1,1.629396,7.133287,0.000000,4.756450,0.746090,0.000000,0.000000,0.000000,0.000000,1.000000,0.000000,0.000000,0.000000
2457,40.949547,0,1,1.710317,7.146984,0.000000,4.830090,0.797645,0.000000,0.000000,0.000000,0.000000,1.000000,0.000000,0.000000,0.000000
2458,40.966213,0,1,1.792413,7.161579,0.000000,4.901718,0.850855,0.000000,0.000000,0.000000,0.000000,1.000000,0.000000,0.000000,0.000000
2459,40.982880,0,1,1.875637,7.177097,0.000000,4.970575,0.905565,0.000000,0.000000,0.000000,0.000000,1.000000,0.000000,0.000000,0.000000
2460,40.999546,0,1,1.959927,7.193558,0.000000,5.036061,0.961612,0.000000,0.000000,0.000000,0.000000,1.000000,0.000000,0.000000,0.000000
2461,41.016212,0,1,2.045219,7.210982,0.000000,5.097719,1.018836,0.000000,0.000000,0.000000,0.000000,1.000000,0.000000,0.000000,0.000000
2462,41.032879,0,1,2.131443,7.229386,0.000000,5.155211,1.077078,0.000000,0.000000,0.000000,0.000000,1.000000,0.000000,0.000000,0.000000
2463,41.049545,0,1,2.218524,7.248781,0.000000,5.208315,1.136185,0.000000,0.000000,0.000000,0.000000,1.000000,0.000000,0.000000,0.000000
2464,41.066212,0,1,2.306386,7.269180,0.000000,5.256893,1.196008,0.000000,0.000000,0.000000,0.000000,1.000000,0.000000,0.000000,0.000000
2465,41.082878,0,1,2.394955,7.290592,0.000000,5.300885,1.256409,0.000000,0.000000,0.000000,0.000000,1.000000,0.000000,0.000000,0.000000
2466,41.099545,0,1,2.484154,7.313022,0.000000,5.340297,1.317255,0.000000,0.000000,0.000000,0.000000,1.000000,0.000000,0.000000,0.000000
2467,41.116211,0,1,2.573909,7.336476,0.000000,5.375184,1.378426,0.000000,0.000000,0.000000,0.000000,1.000000,0.000000,0.000000,0.000000
2468,41.132877,0,1,2.664146,7.360956,0.000000,5.405646,1.439810,0.000000,0.000000,0.000000,0.000000,1.000000,0.000000,0.000000,0.000000
2469,41.149544,0,1,2.754798,7.386466,0.000000,5.431817,1.501306,0.000000,0.000000,0.000000,0.000000,1.000000,0.000000,0.000000,0.000000
2470,41.166210,0,1,2.845795,7.413003,0.000000,5.453853,1.562824,0.000000,0.000000,0.000000,0.000000,1.000000,0.000000,0.000000,0.000000
2471,41.182877,0,1,2.937074,7.440567,0.000000,5.471933,1.624283,0.000000,0.000000,0.000000,0.000000,1.000000,0.000000,0.000000,0.000000
2472,41.199543,0,1,3.028573,7.469155,0.000000,5.486247,1.685614,0.000000,0.000000,0.000000,0.000000,1.000000,0.000000,0.000000,0.000000
2473,41.216209,0,1,3.120236,7.498765,0.000000,5.496992,1.746754,0.000000,0.000000,0.000000,0.000000,1.000000,0.000000,0.000000,0.000000
2474,41.232876,0,1,3.212007,7.529391,0.000000,5.504367,1.807652,0.000000,0.000000,0.000000,0.000000,1.000000,0.000000,0.000000,0.000000
2475,41.249542,0,1,3.303835,7.561029,0.000000,5.508570,1.868261,0.000000,0.000000,0.000000,0.000000,1.000000,0.000000,0.000000,0.000000
2476,41.266209,0,1,3.395673,7.593673,0.000000,5.509790,1.928541,0.000000,0.000000,0.000000,0.000000,1.000000,0.000000,0.000000,0.000000
2477,41.282875,0,1,3.487475,7.627320,0.000000,5.508204,1.988455,0.000000,0.000000,0.000000,0.000000,1.000000,0.000000,0.000000,0.000000
2478,41.299541,0,1,3.579199,7.661959,0.000000,5.503974,2.047970,0.000000,0.000000,0.000000,0.000000,1.000000,0.000000,0.000000,0.000000
2479,41.316208,0,1,3.670804,7.697584,0.000000,5.497241,2.107050,0.000000,0.000000,0.000000,0.000000,1.000000,0.000000,0.000000,0.000000
2480,41.332874,0,1,3.762253,7.734190,0.000000,5.488120,2.165654,0.000000,0.000000,0.000000,0.000000,1.000000,0.000000,0.000000,0.000000
2481,41.349541,0,1,3.853507,7.771765,0.000000,5.476700,2.223737,0.000000,0.000000,0.000000,0.000000,1.000000,0.000000,0.000000,0.000000
2482,41.366207,0,1,3.944530,7.810302,0.000000,5.463033,2.281241,0.000000,0.000000,0.000000,0.000000,1.000000,0.000000,0.000000,0.000000
2483,41.382874,0,1,4.035287,7.849789,0.000000,5.447134,2.338095,0.000000,0.000000,0.000000,0.000000,1.000000,0.000000,0.000000,0.000000
2484,41.399540,0,1,4.125740,7.890214,0.000000,5.428977,2.394205,0.000000,0.000000,0.000000,0.000000,1.000000,0.000000,0.000000,0.000000
2485,41.416206,0,1,4.215849,7.931562,0.000000,5.408487,2.449455,0.000000,0.000000,0.000000,0.000000,1.000000,0.000000,0.000000,0.000000
2486,41.432873,0,1,4.305576,7.973816,0.000000,5.385542,2.503698,0.000000,0.000000,0.000000,0.000000,1.000000,0.000000,0.000000,0.000000
2487,41.449539,0,1,4.394875,8.016956,0.000000,5.359965,2.556755,0.000000,0.000000,0.000000,0.000000,1.000000,0.000000,0.000000,0.000000
2488,41.466206,0,1,4.483696,8.060958,0.000000,5.331525,2.608402,0.000000,0.000000,0.000000,0.000000,1.000000,0.000000,0.000000,0.000000
2489,41.482872,0,1,4.571990,8.105793,0.000000,5.299939,2.658374,0.000000,0.000000,0.000000,0.000000,1.000000,0.000000,0.000000,0.000000
2490,41.499538,0,1,4.659694,8.151426,0.000000,5.264870,2.706361,0.000000,0.000000,0.000000,0.000000,1.000000,0.000000,0.000000,0.000000
2491,41.516205,0,1,4.746743,8.197818,0.000000,5.225935,2.751998,0.000000,0.000000,0.000000,0.000000,1.000000,0.000000,0.000000,0.000000
2492,41.532871,0,1,4.833063,8.244918,0.000000,5.182713,2.794876,0.000000,0.000000,0.000000,0.000000,1.000000,0.000000,0.000000,0.000000
2493,41.549538,0,1,4.918573,8.292673,0.000000,5.134760,2.834538,0.000000,0.000000,0.000000,0.000000,1.000000,0.000000,0.000000,0.000000
2494,41.566204,0,1,5.003186,8.341019,0.000000,5.081623,2.870495,0.000000,0.000000,0.000000,0.000000,1.000000,0.000000,0.000000,0.000000
2495,41.582870,0,1,5.086805,8.389880,0.000000,5.022860,2.902223,0.000000,0.000000,0.000000,0.000000,1.000000,0.000000,0.000000,0.000000
2496,41.599537,0,1,5.169327,8.439176,0.000000,4.958070,2.929197,0.000000,0.000000,0.000000,0.000000,1.000000,0.000000,0.000000,0.000000
2497,41.616203,0,1,5.250644,8.488816,0.000000,4.886913,2.950890,0.000000,0.000000,0.000000,0.000000,1.000000,0.000000,0.000000,0.000000
2498,41.632870,0,1,5.330645,8.538703,0.000000,4.809135,2.966809,0.000000,0.000000,0.000000,0.000000,1.000000,0.000000,0.000000,0.000000
2499,41.649536,0,1,5.409215,8.588726,0.000000,4.724595,2.976510,0.000000,0.000000,0.000000,0.000000,1.000000,0.000000,0.000000,0.000000
2500,41.666203,0,1,5.486244,8.638778,0.000000,4.633278,2.979620,0.000000,0.000000,0.000000,0.000000,1.000000,0.000000,0.000000,0.000000
2501,41.682869,0,1,5.561618,8.688740,0.000000,4.535310,2.975859,0.000000,0.000000,0.000000,0.000000,1.000000,0.000000,0.000000,0.000000
2502,41.699535,0,1,5.635234,8.738493,0.000000,4.430954,2.965047,0.000000,0.000000,0.000000,0.000000,1.000000,0.000000,0.000000,0.000000
2503,41.716202,0,1,5.706995,8.787920,0.000000,4.320604,2.947115,0.000000,0.000000,0.000000,0.000000,1.000000,0.000000,0.000000,0.000000
2504,41.732868,0,1,5.776809,8.836901,0.000000,4.204767,2.922108,0.000000,0.000000,0.000000,0.000000,1.000000,0.000000,0.000000,0.000000
2505,41.749535,0,1,5.844602,8.885323,0.000000,4.084044,2.890169,0.000000,0.000000,0.000000,0.000000,1.000000,0.000000,0.000000,0.000000
2506,41.766201,0,1,5.910303,8.933073,0.000000,3.959095,2.851541,0.000000,0.000000,0.000000,0.000000,1.000000,0.000000,0.000000,0.000000
2507,41.782867,0,1,5.973858,8.980049,0.000000,3.830619,2.806536,0.000000,0.000000,0.000000,0.000000,1.000000,0.000000,0.000000,0.000000
2508,41.799534,0,1,6.035224,9.026149,0.000000,3.699315,2.755526,0.000000,0.000000,0.000000,0.000000,1.000000,0.000000,0.000000,0.000000
2509,41.816200,0,1,6.094368,9.071286,0.000000,3.565866,2.698922,0.000000,0.000000,0.000000,0.000000,1.000000,0.000000,0.000000,0.000000
2510,41.832867,0,1,6.151269,9.115375,0.000000,3.430917,2.637158,0.000000,0.000000,0.000000,0.000000,1.000000,0.000000,0.000000,0.000000
2511,41.849533,0,1,6.205915,9.158337,0.000000,3.295055,2.570670,0.000000,0.000000,0.000000,0.000000,1.000000,0.000000,0.000000,0.000000
2512,41.866199,0,1,6.258299,9.200105,0.000000,3.158807,2.499889,0.000000,0.000000,0.000000,0.000000,1.000000,0.000000,0.000000,0.000000
2513,41.882866,0,1,6.308427,9.240614,0.000000,3.022631,2.425229,0.000000,0.000000,0.000000,0.000000,1.000000,0.000000,0.000000,0.000000
2514,41.899532,0,1,6.356308,9.279810,0.000000,2.886915,2.347079,0.000000,0.000000,0.000000,0.000000,1.000000,0.000000,0.000000,0.000000
2515,41.916199,0,1,6.401954,9.317641,0.000000,2.751978,2.265802,0.000000,0.000000,0.000000,0.000000,1.000000,0.000000,0.000000,0.000000
2516,41.932865,0,1,6.445383,9.354062,0.000000,2.618078,2.181728,0.000000,0.000000,0.000000,0.000000,1.000000,0.000000,0.000000,0.000000
2517,41.949532,0,1,6.486618,9.389034,0.000000,2.485411,2.095156,0.000000,0.000000,0.000000,0.000000,1.000000,0.000000,0.000000,0.000000
2518,41.966198,0,1,6.525682,9.422520,0.000000,2.354122,2.006354,0.000000,0.000000,0.000000,0.000000,1.000000,0.000000,0.000000,0.000000
2519,41.982864,0,1,6.562597,9.454488,0.000000,2.224307,1.915560,0.000000,0.000000,0.000000,0.000000,1.000000,0.000000,0.000000,0.000000
2520,41.999531,0,1,6.597391,9.484906,0.000000,2.096026,1.822988,0.000000,0.000000,0.000000,0.000000,1.000000,0.000000,0.000000,0.000000
2521,42.016197,0,1,6.630087,9.513753,0.000000,1.969302,1.728821,0.000000,0.000000,0.000000,0.000000,1.000000,0.000000,0.000000,0.000000
2522,42.032864,0,1,6.660712,9.541004,0.000000,1.844128,1.633226,0.000000,0.000000,0.000000,0.000000,1.000000,0.000000,0.000000,0.000000
2523,42.049530,0,1,6.689291,9.566637,0.000000,1.720474,1.536344,0.000000,0.000000,0.000000,0.000000,1.000000,0.000000,0.000000,0.000000
2524,42.066196,0,1,6.715846,9.590632,0.000000,1.598288,1.438301,0.000000,0.000000,0.000000,0.000000,1.000000,0.000000,0.000000,0.000000
2525,42.082863,0,1,6.740399,9.612974,0.000000,1.477503,1.339208,0.000000,0.000000,0.000000,0.000000,1.000000,0.000000,0.000000,0.000000
2526,42.099529,0,1,6.762971,9.633646,0.000000,1.358038,1.239161,0.000000,0.000000,0.000000,0.000000,1.000000,0.000000,0.000000,0.000000
2527,42.116196,0,1,6.783584,9.652635,0.000000,1.239799,1.138247,0.000000,0.000000,0.000000,0.000000,1.000000,0.000000,0.000000,0.000000
2528,42.132862,0,1,6.802254,9.669926,0.000000,1.122686,1.036540,0.000000,0.000000,0.000000,0.000000,1.000000,0.000000,0.000000,0.000000
2529,42.149529,0,1,6.818998,9.685509,0.000000,1.006591,0.934109,0.000000,0.000000,0.000000,0.000000,1.000000,0.000000,0.000000,0.000000
2530,42.166195,0,1,6.833829,9.699369,0.000000,0.891401,0.831016,0.000000,0.000000,0.000000,0.000000,1.000000,0.000000,0.000000,0.000000
2531,42.182861,0,1,6.846758,9.711502,0.000000,0.776998,0.727317,0.000000,0.000000,0.000000,0.000000,1.000000,0.000000,0.000000,0.000000
2532,42.199528,0,1,6.857799,9.721894,0.000000,0.663262,0.623064,0.000000,0.000000,0.000000,0.000000,1.000000,0.000000,0.000000,0.000000
2533,42.216194,0,1,6.866956,9.730538,0.000000,0.550074,0.518307,0.000000,0.000000,0.000000,0.000000,1.000000,0.000000,0.000000,0.000000
2534,42.232861,0,1,6.874237,9.737427,0.000000,0.437309,0.413095,0.000000,0.000000,0.000000,0.000000,1.000000,0.000000,0.000000,0.000000
2535,42.249527,0,1,6.879645,9.742554,0.000000,0.324845,0.307475,0.000000,0.000000,0.000000,0.000000,1.000000,0.000000,0.000000,0.000000
2536,42.266193,0,1,6.883183,9.745911,0.000000,0.212561,0.201496,0.000000,0.000000,0.000000,0.000000,1.000000,0.000000,0.000000,0.000000
2537,42.282860,0,1,6.884851,9.747495,0.000000,0.100336,0.095206,0.000000,0.000000,0.000000,0.000000,1.000000,0.000000,0.000000,0.000000
2538,42.299526,0,1,6.884646,9.747301,0.000000,-0.011947,-0.011341,0.000000,0.000000,0.000000,0.000000,1.000000,0.000000,0.000000,0.000000
2539,42.316193,0,1,6.884446,9.744355,0.000000,-0.011599,-0.176349,0.000000,0.000000,0.000000,0.000000,1.000000,0.000000,0.000000,0.000000
2540,42.332859,0,1,6.878632,9.741570,0.000000,-0.236744,-0.224632,0.000000,0.000000,0.000000,0.000000,1.000000,0.000000,0.000000,0.000000
2541,42.349525,0,1,6.872762,9.736032,0.000000,-0.350076,-0.331759,0.000000,0.000000,0.000000,0.000000,1.000000,0.000000,0.000000,0.000000
2542,42.366192,0,1,6.865014,9.728706,0.000000,-0.463698,-0.438725,0.000000,0.000000,0.000000,0.000000,1.000000,0.000000,0.000000,0.000000
2543,42.382858,0,1,6.855357,9.719597,0.000000,-0.577896,-0.545607,0.000000,0.000000,0.000000,0.000000,1.000000,0.000000,0.000000,0.000000
2544,42.399525,0,1,6.843780,9.708708,0.000000,-0.692758,-0.652313,0.000000,0.000000,0.000000,0.000000,1.000000,0.000000,0.000000,0.000000
2545,42.416191,0,1,6.830269,9.696042,0.000000,-0.808353,-0.758739,0.000000,0.000000,0.000000,0.000000,1.000000,0.000000,0.000000,0.000000
2546,42.432858,0,1,6.814810,9.681608,0.000000,-0.924738,-0.864765,0.000000,0.000000,0.000000,0.000000,1.000000,0.000000,0.000000,0.000000
2547,42.449524,0,1,6.797387,9.665416,0.000000,-1.041954,-0.970256,0.000000,0.000000,0.000000,0.000000,1.000000,0.000000,0.000000,0.000000
2548,42.466190,0,1,6.777988,9.647476,0.000000,-1.160022,-1.075060,0.000000,0.000000,0.000000,0.000000,1.000000,0.000000,0.000000,0.000000
2549,42.482857,0,1,6.756596,9.627801,0.000000,-1.278939,-1.179002,0.000000,0.000000,0.000000,0.000000,1.000000,0.000000,0.000000,0.000000
2550,42.499523,0,1,6.733197,9.606413,0.000000,-1.398682,-1.281887,0.000000,0.000000,0.000000,0.000000,1.000000,0.000000,0.000000,0.000000
2551,42.516190,0,1,6.707780,9.583334,0.000000,-1.519188,-1.383495,0.000000,0.000000,0.000000,0.000000,1.000000,0.000000,0.000000,0.000000
2552,42.532856,0,1,6.680332,9.558589,0.000000,-1.640368,-1.483581,0.000000,0.000000,0.000000,0.000000,1.000000,0.000000,0.000000,0.000000
2553,42.549522,0,1,6.650845,9.532207,0.000000,-1.762090,-1.581870,0.000000,0.000000,0.000000,0.000000,1.000000,0.000000,0.000000,0.000000
2554,42.566189,0,1,6.619311,9.504228,0.000000,-1.884182,-1.678060,0.000000,0.000000,0.000000,0.000000,1.000000,0.000000,0.000000,0.000000
2555,42.582855,0,1,6.585731,9.474690,0.000000,-2.006426,-1.771820,0.000000,0.000000,0.000000,0.000000,1.000000,0.000000,0.000000,0.000000
2556,42.599522,0,1,6.550106,9.443645,0.000000,-2.128556,-1.862793,0.000000,0.000000,0.000000,0.000000,1.000000,0.000000,0.000000,0.000000
2557,42.616188,0,1,6.512444,9.411143,0.000000,-2.250256,-1.950598,0.000000,0.000000,0.000000,0.000000,1.000000,0.000000,0.000000,0.000000
2558,42.632854,0,1,6.472759,9.377250,0.000000,-2.371163,-2.034834,0.000000,0.000000,0.000000,0.000000,1.000000,0.000000,0.000000,0.000000
2559,42.649521,0,1,6.431074,9.342031,0.000000,-2.490869,-2.115089,0.000000,0.000000,0.000000,0.000000,1.000000,0.000000,0.000000,0.000000
2560,42.666187,0,1,6.387419,9.305562,0.000000,-2.608928,-2.190948,0.000000,0.000000,0.000000,0.000000,1.000000,0.000000,0.000000,0.000000
2561,42.682854,0,1,6.341829,9.267925,0.000000,-2.724864,-2.262004,0.000000,0.000000,0.000000,0.000000,1.000000,0.000000,0.000000,0.000000
2562,42.699520,0,1,6.294353,9.229209,0.000000,-2.838186,-2.327873,0.000000,0.000000,0.000000,0.000000,1.000000,0.000000,0.000000,0.000000
2563,42.716187,0,1,6.245043,9.189508,0.000000,-2.948403,-2.388211,0.000000,0.000000,0.000000,0.000000,1.000000,0.000000,0.000000,0.000000
2564,42.732853,0,1,6.193962,9.148920,0.000000,-3.055040,-2.442722,0.000000,0.000000,0.000000,0.000000,1.000000,0.000000,0.000000,0.000000
0,0.000000,1,1,9.401557,20.710714,0.000000,71.667000,-0.163500,0.000000,0.000000,0.000000,0.000000,1.000000,0.000000,0.000000,0.000000
1,0.016667,1,1,10.596007,20.705265,0.000000,71.667000,-0.327000,0.000000,0.000000,0.000000,0.000000,1.000000,0.000000,0.000000,0.000000
2,0.033333,1,1,11.790458,20.697090,0.000000,71.667000,-0.490500,0.000000,0.000000,0.000000,0.000000,1.000000,0.000000,0.000000,0.000000
3,0.050000,1,1,11.789342,20.845409,0.000000,32.864185,5.171535,0.000000,0.000000,0.000000,0.000000,1.000000,0.000000,0.000000,0.000000
4,0.066667,1,1,11.392781,20.536814,0.000000,-1.936278,-9.579687,0.000000,0.000000,0.000000,0.000000,1.000000,0.000000,0.000000,0.000000
5,0.083333,1,1,11.063078,20.101995,0.000000,-13.549363,-20.523224,0.000000,0.000000,0.000000,0.000000,1.000000,0.000000,0.000000,0.000000
6,0.100000,1,1,10.749960,19.625834,0.000000,-17.157341,-26.158319,0.000000,0.000000,0.000000,0.000000,1.000000,0.000000,0.000000,0.000000
7,0.116667,1,1,10.430148,19.102741,0.000000,-18.537508,-29.791630,0.000000,0.000000,0.000000,0.000000,1.000000,0.000000,0.000000,0.000000
8,0.133333,1,1,10.109692,18.548691,0.000000,-19.002907,-32.201130,0.000000,0.000000,0.000000,0.000000,1.000000,0.000000,0.000000,0.000000
9,0.150000,1,1,9.790992,17.972221,0.000000,-19.080570,-33.878742,0.000000,0.000000,0.000000,0.000000,1.000000,0.000000,0.000000,0.000000
10,0.166667,1,1,9.475039,17.380062,0.000000,-18.994484,-35.054260,0.000000,0.000000,0.000000,0.000000,1.000000,0.000000,0.000000,0.000000
11,0.183333,1,1,9.161646,16.777777,0.000000,-18.863089,-35.844948,0.000000,0.000000,0.000000,0.000000,1.000000,0.000000,0.000000,0.000000
12,0.200000,1,1,8.849625,16.170343,0.000000,-18.765476,-36.307961,0.000000,0.000000,0.000000,0.000000,1.000000,0.000000,0.000000,0.000000
13,0.216667,1,1,8.537101,15.561944,0.000000,-18.765476,-36.471462,0.000000,0.000000,0.000000,0.000000,1.000000,0.000000,0.000000,0.000000
14,0.233333,1,1,8.224343,14.951362,0.000000,-18.765476,-36.634964,0.000000,0.000000,0.000000,0.000000,1.000000,0.000000,0.000000,0.000000
15,0.250000,1,1,7.911585,14.338054,0.000000,-18.765476,-36.798466,0.000000,0.000000,0.000000,0.000000,1.000000,0.000000,0.000000,0.000000
16,0.266667,1,1,7.598827,13.722021,0.000000,-18.765476,-36.961967,0.000000,0.000000,0.000000,0.000000,1.000000,0.000000,0.000000,0.000000
17,0.283333,1,1,7.286069,13.103263,0.000000,-18.765476,-37.125469,0.000000,0.000000,0.000000,0.000000,1.000000,0.000000,0.000000,0.000000
18,0.300000,1,1,6.973311,12.481780,0.000000,-18.765476,-37.288971,0.000000,0.000000,0.000000,0.000000,1.000000,0.000000,0.000000,0.000000
19,0.316667,1,1,6.660553,11.857573,0.000000,-18.765476,-37.452473,0.000000,0.000000,0.000000,0.000000,1.000000,0.000000,0.000000,0.000000
20,0.333333,1,1,6.347795,11.230639,0.000000,-18.765476,-37.615974,0.000000,0.000000,0.000000,0.000000,1.000000,0.000000,0.000000,0.000000
21,0.350000,1,1,6.035038,10.600982,0.000000,-18.765476,-37.779476,0.000000,0.000000,0.000000,0.000000,1.000000,0.000000,0.000000,0.000000
22,0.366667,1,1,5.722280,9.968598,0.000000,-18.765476,-37.942978,0.000000,0.000000,0.000000,0.000000,1.000000,0.000000,0.000000,0.000000
23,0.383333,1,1,5.409522,9.333490,0.000000,-18.765476,-38.106480,0.000000,0.000000,0.000000,0.000000,1.000000,0.000000,0.000000,0.000000
24,0.400000,1,1,5.096764,8.695658,0.000000,-18.765476,-38.269981,0.000000,0.000000,0.000000,0.000000,1.000000,0.000000,0.000000,0.000000
25,0.416667,1,1,4.784006,8.055099,0.000000,-18.765476,-38.433483,0.000000,0.000000,0.000000,0.000000,1.000000,0.000000,0.000000,0.000000
26,0.433333,1,1,4.471248,7.411817,0.000000,-18.765476,-38.596985,0.000000,0.000000,0.000000,0.000000,1.000000,0.000000,0.000000,0.000000
27,0.450000,1,1,4.158490,6.765809,0.000000,-18.765476,-38.760487,0.000000,0.000000,0.000000,0.000000,1.000000,0.000000,0.000000,0.000000
28,0.466667,1,1,3.845732,6.117075,0.000000,-18.765476,-38.923988,0.000000,0.000000,0.000000,0.000000,1.000000,0.000000,0.000000,0.000000
29,0.483334,1,1,3.532974,5.465617,0.000000,-18.765476,-39.087490,0.000000,0.000000,0.000000,0.000000,1.000000,0.000000,0.000000,0.000000
30,0.500000,1,1,3.164482,5.371071,0.000000,-21.460712,-11.899801,0.000000,0.000000,0.000000,0.000000,1.000000,0.000000,0.000000,0.000000
31,0.516667,1,1,2.770433,5.310429,0.000000,-22.887545,-6.552609,0.000000,0.000000,0.000000,0.000000,1.000000,0.000000,0.000000,0.000000
32,0.533333,1,1,2.339945,5.316282,0.000000,-24.862585,-1.986655,0.000000,0.000000,0.000000,0.000000,1.000000,0.000000,0.000000,0.000000
33,0.550000,1,1,1.878188,5.364098,0.000000,-26.789000,1.236834,0.000000,0.000000,0.000000,0.000000,1.000000,0.000000,0.000000,0.000000
34,0.566667,1,1,1.393334,5.436533,0.000000,-28.362701,3.301205,0.000000,0.000000,0.000000,0.000000,1.000000,0.000000,0.000000,0.000000
35,0.583333,1,1,0.891396,5.524309,0.000000,-29.568071,4.595243,0.000000,0.000000,0.000000,0.000000,1.000000,0.000000,0.000000,0.000000
36,0.600000,1,1,0.376680,5.621922,0.000000,-30.474651,5.410479,0.000000,0.000000,0.000000,0.000000,1.000000,0.000000,0.000000,0.000000
37,0.616667,1,1,-0.147773,5.725990,0.000000,-31.159857,5.932740,0.000000,0.000000,0.000000,0.000000,1.000000,0.000000,0.000000,0.000000
38,0.633333,1,1,-0.679919,5.834496,0.000000,-31.690491,6.278834,0.000000,0.000000,0.000000,0.000000,1.000000,0.000000,0.000000,0.000000
39,0.650000,1,1,-1.211343,5.939549,0.000000,-31.690491,6.115335,0.000000,0.000000,0.000000,0.000000,1.000000,0.000000,0.000000,0.000000
40,0.666667,1,1,-1.762738,6.061403,0.000000,-32.491089,6.728889,0.000000,0.000000,0.000000,0.000000,1.000000,0.000000,0.000000,0.000000
41,0.683333,1,1,-2.312913,6.179774,0.000000,-32.845600,6.930553,0.000000,0.000000,0.000000,0.000000,1.000000,0.000000,0.000000,0.000000
42,0.700000,1,1,-2.869350,6.302696,0.000000,-33.211346,7.177098,0.000000,0.000000,0.000000,0.000000,1.000000,0.000000,0.000000,0.000000
43,0.716667,1,1,-3.432632,6.431926,0.000000,-33.605404,7.509963,0.000000,0.000000,0.000000,0.000000,1.000000,0.000000,0.000000,0.000000
44,0.733333,1,1,-4.003393,6.570053,0.000000,-34.034824,7.975456,0.000000,0.000000,0.000000,0.000000,1.000000,0.000000,0.000000,0.000000
45,0.750000,1,1,-4.582041,6.720581,0.000000,-34.492771,8.625515,0.000000,0.000000,0.000000,0.000000,1.000000,0.000000,0.000000,0.000000
46,0.766667,1,1,-5.168426,6.888031,0.000000,-34.954567,9.518114,0.000000,0.000000,0.000000,0.000000,1.000000,0.000000,0.000000,0.000000
47,0.783333,1,1,-5.761420,7.078056,0.000000,-35.372868,10.717620,0.000000,0.000000,0.000000,0.000000,1.000000,0.000000,0.000000,0.000000
48,0.800000,1,1,-6.358365,7.297528,0.000000,-35.670597,12.294156,0.000000,0.000000,0.000000,0.000000,1.000000,0.000000,0.000000,0.000000
49,0.816667,1,1,-6.954309,7.554539,0.000000,-35.730488,14.320061,0.000000,0.000000,0.000000,0.000000,1.000000,0.000000,0.000000,0.000000
50,0.833333,1,1,-7.541007,7.858100,0.000000,-35.381733,16.856400,0.000000,0.000000,0.000000,0.000000,1.000000,0.000000,0.000000,0.000000
51,0.850000,1,1,-8.105888,8.216972,0.000000,-34.394100,19.914761,0.000000,0.000000,0.000000,0.000000,1.000000,0.000000,0.000000,0.000000
52,0.866666,1,1,-8.632072,8.636797,0.000000,-32.516476,23.375496,0.000000,0.000000,0.000000,0.000000,1.000000,0.000000,0.000000,0.000000
53,0.883333,1,1,-9.101698,9.115530,0.000000,-29.624331,26.889624,0.000000,0.000000,0.000000,0.000000,1.000000,0.000000,0.000000,0.000000
54,0.900000,1,1,-9.503466,9.640759,0.000000,-25.940002,29.922689,0.000000,0.000000,0.000000,0.000000,1.000000,0.000000,0.000000,0.000000
55,0.916666,1,1,-9.838131,10.194204,0.000000,-22.020254,32.062881,0.000000,0.000000,0.000000,0.000000,1.000000,0.000000,0.000000,0.000000
56,0.933333,1,1,-10.114943,10.759921,0.000000,-18.389656,33.267479,0.000000,0.000000,0.000000,0.000000,1.000000,0.000000,0.000000,0.000000
57,0.950000,1,1,-10.344692,11.327600,0.000000,-15.289729,33.745300,0.000000,0.000000,0.000000,0.000000,1.000000,0.000000,0.000000,0.000000
58,0.966666,1,1,-10.536639,11.891271,0.000000,-12.742627,33.740520,0.000000,0.000000,0.000000,0.000000,1.000000,0.000000,0.000000,0.000000
59,0.983333,1,1,-10.698223,12.447592,0.000000,-10.681623,33.441399,0.000000,0.000000,0.000000,0.000000,1.000000,0.000000,0.000000,0.000000
60,1.000000,1,1,-10.835377,12.994799,0.000000,-9.021406,32.974689,0.000000,0.000000,0.000000,0.000000,1.000000,0.000000,0.000000,0.000000
61,1.016666,1,1,-10.952803,13.532101,0.000000,-7.683021,32.421577,0.000000,0.000000,0.000000,0.000000,1.000000,0.000000,0.000000,0.000000
62,1.033333,1,1,-11.054204,14.059303,0.000000,-6.599734,31.832684,0.000000,0.000000,0.000000,0.000000,1.000000,0.000000,0.000000,0.000000
63,1.050000,1,1,-11.142474,14.576556,0.000000,-5.716484,31.238371,0.000000,0.000000,0.000000,0.000000,1.000000,0.000000,0.000000,0.000000
64,1.066666,1,1,-11.219825,15.084174,0.000000,-4.987938,30.655325,0.000000,0.000000,0.000000,0.000000,1.000000,0.000000,0.000000,0.000000
65,1.083333,1,1,-11.287900,15.582521,0.000000,-4.376398,30.090742,0.000000,0.000000,0.000000,0.000000,1.000000,0.000000,0.000000,0.000000
66,1.100000,1,1,-11.347862,16.071911,0.000000,-3.850042,29.545071,0.000000,0.000000,0.000000,0.000000,1.000000,0.000000,0.000000,0.000000
67,1.116666,1,1,-11.400453,16.552544,0.000000,-3.381413,29.013920,0.000000,0.000000,0.000000,0.000000,1.000000,0.000000,0.000000,0.000000
68,1.133333,1,1,-11.446022,17.024462,0.000000,-2.946021,28.489388,0.000000,0.000000,0.000000,0.000000,1.000000,0.000000,0.000000,0.000000
69,1.150000,1,1,-11.484551,17.487511,0.000000,-2.520953,27.961025,0.000000,0.000000,0.000000,0.000000,1.000000,0.000000,0.000000,0.000000
70,1.166666,1,1,-11.515643,17.941313,0.000000,-2.083438,27.416548,0.000000,0.000000,0.000000,0.000000,1.000000,0.000000,0.000000,0.000000
71,1.183333,1,1,-11.546384,18.392105,0.000000,-2.083438,27.253048,0.000000,0.000000,0.000000,0.000000,1.000000,0.000000,0.000000,0.000000
72,1.200000,1,1,-11.551565,18.818602,0.000000,-1.071683,26.230568,0.000000,0.000000,0.000000,0.000000,1.000000,0.000000,0.000000,0.000000
73,1.216666,1,1,-11.553067,19.239866,0.000000,-0.428656,25.547440,0.000000,0.000000,0.000000,0.000000,1.000000,0.000000,0.000000,0.000000
74,1.233333,1,1,-11.540854,19.648304,0.000000,0.336516,24.804480,0.000000,0.000000,0.000000,0.000000,1.000000,0.000000,0.000000,0.000000
75,1.250000,1,1,-11.511502,20.042503,0.000000,1.274250,23.988688,0.000000,0.000000,0.000000,0.000000,1.000000,0.000000,0.000000,0.000000
76,1.266666,1,1,-11.461181,20.421429,0.000000,2.422390,23.106895,0.000000,0.000000,0.000000,0.000000,1.000000,0.000000,0.000000,0.000000
77,1.283333,1,1,-11.385931,20.784651,0.000000,3.799376,22.185419,0.000000,0.000000,0.000000,0.000000,1.000000,0.000000,0.000000,0.000000
78,1.299999,1,1,-11.282530,21.132727,0.000000,5.382290,21.272482,0.000000,0.000000,0.000000,0.000000,1.000000,0.000000,0.000000,0.000000
79,1.316666,1,1,-11.149547,21.467323,0.000000,7.091638,20.428783,0.000000,0.000000,0.000000,0.000000,1.000000,0.000000,0.000000,0.000000
80,1.333333,1,1,-10.987945,21.790876,0.000000,8.805633,19.704947,0.000000,0.000000,0.000000,0.000000,1.000000,0.000000,0.000000,0.000000
81,1.349999,1,1,-10.800652,22.105898,0.000000,10.405168,19.121271,0.000000,0.000000,0.000000,0.000000,1.000000,0.000000,0.000000,0.000000
82,1.366666,1,1,-10.591485,22.414452,0.000000,11.814822,18.666653,0.000000,0.000000,0.000000,0.000000,1.000000,0.000000,0.000000,0.000000
83,1.383333,1,1,-10.364191,22.717985,0.000000,13.011228,18.313101,0.000000,0.000000,0.000000,0.000000,1.000000,0.000000,0.000000,0.000000
84,1.399999,1,1,-10.121997,23.017424,0.000000,14.006980,18.030483,0.000000,0.000000,0.000000,0.000000,1.000000,0.000000,0.000000,0.000000
85,1.416666,1,1,-9.867504,23.313322,0.000000,14.831156,17.793999,0.000000,0.000000,0.000000,0.000000,1.000000,0.000000,0.000000,0.000000
86,1.433333,1,1,-9.602746,23.605999,0.000000,15.516528,17.585745,0.000000,0.000000,0.000000,0.000000,1.000000,0.000000,0.000000,0.000000
87,1.449999,1,1,-9.329268,23.895617,0.000000,16.093565,17.393671,0.000000,0.000000,0.000000,0.000000,1.000000,0.000000,0.000000,0.000000
88,1.466666,1,1,-9.048220,24.182249,0.000000,16.588409,17.209921,0.000000,0.000000,0.000000,0.000000,1.000000,0.000000,0.000000,0.000000
89,1.483333,1,1,-8.767668,24.466187,0.000000,16.588409,17.046421,0.000000,0.000000,0.000000,0.000000,1.000000,0.000000,0.000000,0.000000
90,1.499999,1,1,-8.466584,24.746490,0.000000,17.412878,16.847975,0.000000,0.000000,0.000000,0.000000,1.000000,0.000000,0.000000,0.000000
91,1.516666,1,1,-8.166917,25.024029,0.000000,17.772657,16.664398,0.000000,0.000000,0.000000,0.000000,1.000000,0.000000,0.000000,0.000000
92,1.533333,1,1,-7.861502,25.298357,0.000000,18.121235,16.475283,0.000000,0.000000,0.000000,0.000000,1.000000,0.000000,0.000000,0.000000
93,1.549999,1,1,-7.550383,25.569324,0.000000,18.465017,16.278297,0.000000,0.000000,0.000000,0.000000,1.000000,0.000000,0.000000,0.000000
94,1.566666,1,1,-7.233417,25.836720,0.000000,18.812895,16.070465,0.000000,0.000000,0.000000,0.000000,1.000000,0.000000,0.000000,0.000000
95,1.583333,1,1,-6.910338,26.100267,0.000000,19.172558,15.848134,0.000000,0.000000,0.000000,0.000000,1.000000,0.000000,0.000000,0.000000
96,1.599999,1,1,-6.580786,26.359608,0.000000,19.550621,15.606759,0.000000,0.000000,0.000000,0.000000,1.000000,0.000000,0.000000,0.000000
97,1.616666,1,1,-6.244309,26.614275,0.000000,19.952686,15.340755,0.000000,0.000000,0.000000,0.000000,1.000000,0.000000,0.000000,0.000000
98,1.633332,1,1,-5.900392,26.863682,0.000000,20.383354,15.043339,0.000000,0.000000,0.000000,0.000000,1.000000,0.000000,0.000000,0.000000
99,1.649999,1,1,-5.548467,27.107096,0.000000,20.846189,14.706380,0.000000,0.000000,0.000000,0.000000,1.000000,0.000000,0.000000,0.000000
100,1.666666,1,1,-5.187938,27.343605,0.000000,21.343584,14.320260,0.000000,0.000000,0.000000,0.000000,1.000000,0.000000,0.000000,0.000000
101,1.683332,1,1,-4.818205,27.572104,0.000000,21.876524,13.873752,0.000000,0.000000,0.000000,0.000000,1.000000,0.000000,0.000000,0.000000
102,1.699999,1,1,-4.438697,27.791243,0.000000,22.444300,13.353909,0.000000,0.000000,0.000000,0.000000,1.000000,0.000000,0.000000,0.000000
103,1.716666,1,1,-4.048910,27.999426,0.000000,23.043995,12.746083,0.000000,0.000000,0.000000,0.000000,1.000000,0.000000,0.000000,0.000000
104,1.733332,1,1,-3.648466,28.194765,0.000000,23.669846,12.034063,0.000000,0.000000,0.000000,0.000000,1.000000,0.000000,0.000000,0.000000
105,1.749999,1,1,-3.237180,28.375086,0.000000,24.312262,11.200752,0.000000,0.000000,0.000000,0.000000,1.000000,0.000000,0.000000,0.000000
106,1.766666,1,1,-2.815155,28.537935,0.000000,24.956861,10.229344,0.000000,0.000000,0.000000,0.000000,1.000000,0.000000,0.000000,0.000000
107,1.783332,1,1,-2.382884,28.680662,0.000000,25.583311,9.105835,0.000000,0.000000,0.000000,0.000000,1.000000,0.000000,0.000000,0.000000
108,1.799999,1,1,-1.941364,28.800545,0.000000,26.164896,7.822824,0.000000,0.000000,0.000000,0.000000,1.000000,0.000000,0.000000,0.000000
109,1.816666,1,1,-1.492173,28.895050,0.000000,26.669485,6.384617,0.000000,0.000000,0.000000,0.000000,1.000000,0.000000,0.000000,0.000000
110,1.833332,1,1,-1.037471,28.962141,0.000000,27.062965,4.812274,0.000000,0.000000,0.000000,0.000000,1.000000,0.000000,0.000000,0.000000
111,1.849999,1,1,-0.579875,29.000626,0.000000,27.315453,3.145947,0.000000,0.000000,0.000000,0.000000,1.000000,0.000000,0.000000,0.000000
112,1.866666,1,1,-0.122202,29.010366,0.000000,27.408634,1.441453,0.000000,0.000000,0.000000,0.000000,1.000000,0.000000,0.000000,0.000000
113,1.883332,1,1,0.332856,28.992323,0.000000,27.340908,-0.239385,0.000000,0.000000,0.000000,0.000000,1.000000,0.000000,0.000000,0.000000
114,1.899999,1,1,0.783008,28.948318,0.000000,27.127327,-1.841092,0.000000,0.000000,0.000000,0.000000,1.000000,0.000000,0.000000,0.000000
115,1.916666,1,1,1.226510,28.880697,0.000000,26.794485,-3.323778,0.000000,0.000000,0.000000,0.000000,1.000000,0.000000,0.000000,0.000000
116,1.933332,1,1,1.662174,28.791998,0.000000,26.373369,-4.666045,0.000000,0.000000,0.000000,0.000000,1.000000,0.000000,0.000000,0.000000
117,1.949999,1,1,2.089289,28.684698,0.000000,25.893536,-5.862433,0.000000,0.000000,0.000000,0.000000,1.000000,0.000000,0.000000,0.000000
118,1.966666,1,1,2.507522,28.561083,0.000000,25.379858,-6.918490,0.000000,0.000000,0.000000,0.000000,1.000000,0.000000,0.000000,0.000000
119,1.983332,1,1,2.916800,28.423191,0.000000,24.851576,-7.846005,0.000000,0.000000,0.000000,0.000000,1.000000,0.000000,0.000000,0.000000
120,1.999999,1,1,3.317243,28.272783,0.000000,24.322721,-8.659394,0.000000,0.000000,0.000000,0.000000,1.000000,0.000000,0.000000,0.000000
121,2.016665,1,1,3.709090,28.111385,0.000000,23.802929,-9.373591,0.000000,0.000000,0.000000,0.000000,1.000000,0.000000,0.000000,0.000000
122,2.033332,1,1,4.092653,27.940281,0.000000,23.298491,-10.002755,0.000000,0.000000,0.000000,0.000000,1.000000,0.000000,0.000000,0.000000
123,2.049999,1,1,4.468285,27.760553,0.000000,22.813091,-10.559811,0.000000,0.000000,0.000000,0.000000,1.000000,0.000000,0.000000,0.000000
124,2.066665,1,1,4.836347,27.573109,0.000000,22.348469,-11.056233,0.000000,0.000000,0.000000,0.000000,1.000000,0.000000,0.000000,0.000000
125,2.083332,1,1,5.197191,27.378698,0.000000,21.904863,-11.502105,0.000000,0.000000,0.000000,0.000000,1.000000,0.000000,0.000000,0.000000
126,2.099999,1,1,5.551145,27.177944,0.000000,21.481310,-11.906217,0.000000,0.000000,0.000000,0.000000,1.000000,0.000000,0.000000,0.000000
127,2.116665,1,1,5.898491,26.971336,0.000000,21.075888,-12.276200,0.000000,0.000000,0.000000,0.000000,1.000000,0.000000,0.000000,0.000000
128,2.133332,1,1,6.239461,26.759274,0.000000,20.685787,-12.618716,0.000000,0.000000,0.000000,0.000000,1.000000,0.000000,0.000000,0.000000
129,2.149999,1,1,6.574219,26.542065,0.000000,20.307444,-12.939579,0.000000,0.000000,0.000000,0.000000,1.000000,0.000000,0.000000,0.000000
130,2.166665,1,1,6.902850,26.319942,0.000000,19.936552,-13.243917,0.000000,0.000000,0.000000,0.000000,1.000000,0.000000,0.000000,0.000000
131,2.183332,1,1,7.225348,26.093056,0.000000,19.568037,-13.536345,0.000000,0.000000,0.000000,0.000000,1.000000,0.000000,0.000000,0.000000
132,2.199999,1,1,7.541604,25.861494,0.000000,19.196012,-13.821129,0.000000,0.000000,0.000000,0.000000,1.000000,0.000000,0.000000,0.000000
133,2.216665,1,1,7.851386,25.625282,0.000000,18.813730,-14.102364,0.000000,0.000000,0.000000,0.000000,1.000000,0.000000,0.000000,0.000000
134,2.233332,1,1,8.154327,25.384365,0.000000,18.413467,-14.384212,0.000000,0.000000,0.000000,0.000000,1.000000,0.000000,0.000000,0.000000
135,2.249999,1,1,8.449907,25.138624,0.000000,17.986450,-14.671137,0.000000,0.000000,0.000000,0.000000,1.000000,0.000000,0.000000,0.000000
136,2.266665,1,1,8.737430,24.887844,0.000000,17.522791,-14.968211,0.000000,0.000000,0.000000,0.000000,1.000000,0.000000,0.000000,0.000000
137,2.283332,1,1,9.016009,24.631691,0.000000,17.011559,-15.281419,0.000000,0.000000,0.000000,0.000000,1.000000,0.000000,0.000000,0.000000
138,2.299999,1,1,9.284562,24.369724,0.000000,16.441107,-15.617946,0.000000,0.000000,0.000000,0.000000,1.000000,0.000000,0.000000,0.000000
139,2.316665,1,1,9.541818,24.101328,0.000000,15.799750,-15.986391,0.000000,0.000000,0.000000,0.000000,1.000000,0.000000,0.000000,0.000000
140,2.333332,1,1,9.786343,23.825727,0.000000,15.077291,-16.396610,0.000000,0.000000,0.000000,0.000000,1.000000,0.000000,0.000000,0.000000
141,2.349998,1,1,10.016635,23.541965,0.000000,14.267285,-16.859015,0.000000,0.000000,0.000000,0.000000,1.000000,0.000000,0.000000,0.000000
142,2.366665,1,1,10.231266,23.248941,0.000000,13.370265,-17.382908,0.000000,0.000000,0.000000,0.000000,1.000000,0.000000,0.000000,0.000000
143,2.383332,1,1,10.429070,22.945496,0.000000,12.396963,-17.973864,0.000000,0.000000,0.000000,0.000000,1.000000,0.000000,0.000000,0.000000
144,2.399998,1,1,10.609356,22.630554,0.000000,11.370011,-18.630630,0.000000,0.000000,0.000000,0.000000,1.000000,0.000000,0.000000,0.000000
145,2.416665,1,1,10.772061,22.303282,0.000000,10.321980,-19.343178,0.000000,0.000000,0.000000,0.000000,1.000000,0.000000,0.000000,0.000000
146,2.433332,1,1,10.917756,21.963211,0.000000,9.289395,-20.093397,0.000000,0.000000,0.000000,0.000000,1.000000,0.000000,0.000000,0.000000
147,2.449998,1,1,11.047515,21.610283,0.000000,8.304616,-20.858967,0.000000,0.000000,0.000000,0.000000,1.000000,0.000000,0.000000,0.000000
148,2.466665,1,1,11.162680,21.244781,0.000000,7.389540,-21.618563,0.000000,0.000000,0.000000,0.000000,1.000000,0.000000,0.000000,0.000000
149,2.483332,1,1,11.264644,20.867216,0.000000,6.553593,-22.355865,0.000000,0.000000,0.000000,0.000000,1.000000,0.000000,0.000000,0.000000
150,2.499998,1,1,11.354686,20.478203,0.000000,5.795495,-23.061125,0.000000,0.000000,0.000000,0.000000,1.000000,0.000000,0.000000,0.000000
151,2.516665,1,1,11.433873,20.078360,0.000000,5.106635,-23.730677,0.000000,0.000000,0.000000,0.000000,1.000000,0.000000,0.000000,0.000000
152,2.533332,1,1,11.503035,19.668257,0.000000,4.474357,-24.365412,0.000000,0.000000,0.000000,0.000000,1.000000,0.000000,0.000000,0.000000
153,2.549998,1,1,11.562741,19.248373,0.000000,3.884213,-24.969107,0.000000,0.000000,0.000000,0.000000,1.000000,0.000000,0.000000,0.000000
154,2.566665,1,1,11.613320,18.819090,0.000000,3.321230,-25.547031,0.000000,0.000000,0.000000,0.000000,1.000000,0.000000,0.000000,0.000000
155,2.583332,1,1,11.654836,18.380693,0.000000,2.770380,-26.104937,0.000000,0.000000,0.000000,0.000000,1.000000,0.000000,0.000000,0.000000
156,2.599998,1,1,11.687114,17.933372,0.000000,2.216619,-26.648275,0.000000,0.000000,0.000000,0.000000,1.000000,0.000000,0.000000,0.000000
157,2.616665,1,1,11.709724,17.477259,0.000000,1.644637,-27.181601,0.000000,0.000000,0.000000,0.000000,1.000000,0.000000,0.000000,0.000000
158,2.633332,1,1,11.721965,17.012440,0.000000,1.038555,-27.708017,0.000000,0.000000,0.000000,0.000000,1.000000,0.000000,0.000000,0.000000
159,2.649998,1,1,11.722845,16.539000,0.000000,0.381597,-28.228598,0.000000,0.000000,0.000000,0.000000,1.000000,0.000000,0.000000,0.000000
160,2.666665,1,1,11.711073,16.057081,0.000000,-0.344176,-28.741718,0.000000,0.000000,0.000000,0.000000,1.000000,0.000000,0.000000,0.000000
161,2.683331,1,1,11.685024,15.566932,0.000000,-1.157920,-29.242243,0.000000,0.000000,0.000000,0.000000,1.000000,0.000000,0.000000,0.000000
162,2.699998,1,1,11.642732,15.069002,0.000000,-2.079839,-29.720585,0.000000,0.000000,0.000000,0.000000,1.000000,0.000000,0.000000,0.000000
163,2.716665,1,1,11.581883,14.564036,0.000000,-3.130471,-30.161634,0.000000,0.000000,0.000000,0.000000,1.000000,0.000000,0.000000,0.000000
164,2.733331,1,1,11.499858,14.053196,0.000000,-4.329252,-30.543680,0.000000,0.000000,0.000000,0.000000,1.000000,0.000000,0.000000,0.000000
165,2.749998,1,1,11.393803,13.538184,0.000000,-5.691889,-30.837681,0.000000,0.000000,0.000000,0.000000,1.000000,0.000000,0.000000,0.000000
166,2.766665,1,1,11.260799,13.021363,0.000000,-7.226213,-31.007500,0.000000,0.000000,0.000000,0.000000,1.000000,0.000000,0.000000,0.000000
167,2.783331,1,1,11.098142,12.505812,0.000000,-8.926436,-31.012148,0.000000,0.000000,0.000000,0.000000,1.000000,0.000000,0.000000,0.000000
168,2.799998,1,1,10.903714,11.995275,0.000000,-10.766810,-30.811247,0.000000,0.000000,0.000000,0.000000,1.000000,0.000000,0.000000,0.000000
169,2.816665,1,1,10.676428,11.493927,0.000000,-12.697276,-30.374180,0.000000,0.000000,0.000000,0.000000,1.000000,0.000000,0.000000,0.000000
170,2.833331,1,1,10.416580,11.005937,0.000000,-14.645450,-29.690893,0.000000,0.000000,0.000000,0.000000,1.000000,0.000000,0.000000,0.000000
171,2.849998,1,1,10.125953,10.534943,0.000000,-16.527515,-28.779493,0.000000,0.000000,0.000000,0.000000,1.000000,0.000000,0.000000,0.000000
172,2.866665,1,1,9.807566,10.083617,0.000000,-18.265806,-27.685026,0.000000,0.000000,0.000000,0.000000,1.000000,0.000000,0.000000,0.000000
173,2.883331,1,1,9.465181,9.653481,0.000000,-19.804945,-26.468781,0.000000,0.000000,0.000000,0.000000,1.000000,0.000000,0.000000,0.000000
174,2.899998,1,1,9.102752,9.245003,0.000000,-21.119009,-25.193501,0.000000,0.000000,0.000000,0.000000,1.000000,0.000000,0.000000,0.000000
175,2.916665,1,1,8.723996,8.857863,0.000000,-22.208601,-23.911757,0.000000,0.000000,0.000000,0.000000,1.000000,0.000000,0.000000,0.000000
176,2.933331,1,1,8.332182,8.491260,0.000000,-23.092335,-22.660635,0.000000,0.000000,0.000000,0.000000,1.000000,0.000000,0.000000,0.000000
177,2.949998,1,1,7.930041,8.144153,0.000000,-23.797895,-21.461792,0.000000,0.000000,0.000000,0.000000,1.000000,0.000000,0.000000,0.000000
178,2.966665,1,1,7.519789,7.815464,0.000000,-24.355444,-20.324024,0.000000,0.000000,0.000000,0.000000,1.000000,0.000000,0.000000,0.000000
179,2.983331,1,1,7.103176,7.504209,0.000000,-24.793715,-19.246466,0.000000,0.000000,0.000000,0.000000,1.000000,0.000000,0.000000,0.000000
180,2.999998,1,1,6.681559,7.209581,0.000000,-25.138165,-18.221285,0.000000,0.000000,0.000000,0.000000,1.000000,0.000000,0.000000,0.000000
181,3.016665,1,1,6.255967,6.931031,0.000000,-25.410427,-17.235723,0.000000,0.000000,0.000000,0.000000,1.000000,0.000000,0.000000,0.000000
182,3.033331,1,1,5.827158,6.668302,0.000000,-25.628489,-16.273476,0.000000,0.000000,0.000000,0.000000,1.000000,0.000000,0.000000,0.000000
183,3.049998,1,1,5.395673,6.421474,0.000000,-25.807253,-15.315695,0.000000,0.000000,0.000000,0.000000,1.000000,0.000000,0.000000,0.000000
184,3.066664,1,1,4.961857,6.190981,0.000000,-25.959269,-14.341823,0.000000,0.000000,0.000000,0.000000,1.000000,0.000000,0.000000,0.000000
185,3.083331,1,1,4.525889,5.977618,0.000000,-26.095541,-13.330530,0.000000,0.000000,0.000000,0.000000,1.000000,0.000000,0.000000,0.000000
186,3.099998,1,1,4.087783,5.782518,0.000000,-26.226273,-12.261113,0.000000,0.000000,0.000000,0.000000,1.000000,0.000000,0.000000,0.000000
187,3.116664,1,1,3.647391,5.607090,0.000000,-26.361422,-11.115683,0.000000,0.000000,0.000000,0.000000,1.000000,0.000000,0.000000,0.000000
188,3.133331,1,1,3.204402,5.452894,0.000000,-26.510803,-9.882318,0.000000,0.000000,0.000000,0.000000,1.000000,0.000000,0.000000,0.000000
189,3.149998,1,1,2.758360,5.321446,0.000000,-26.683495,-8.558961,0.000000,0.000000,0.000000,0.000000,1.000000,0.000000,0.000000,0.000000
190,3.166664,1,1,2.308712,5.213970,0.000000,-26.886402,-7.156865,0.000000,0.000000,0.000000,0.000000,1.000000,0.000000,0.000000,0.000000
191,3.183331,1,1,1.854887,5.131151,0.000000,-27.122368,-5.701604,0.000000,0.000000,0.000000,0.000000,1.000000,0.000000,0.000000,0.000000
192,3.199998,1,1,1.396402,5.072983,0.000000,-27.388723,-4.229640,0.000000,0.000000,0.000000,0.000000,1.000000,0.000000,0.000000,0.000000
193,3.216664,1,1,0.932947,5.038774,0.000000,-27.677376,-2.780584,0.000000,0.000000,0.000000,0.000000,1.000000,0.000000,0.000000,0.000000
194,3.233331,1,1,0.464435,5.027318,0.000000,-27.976709,-1.388061,0.000000,0.000000,0.000000,0.000000,1.000000,0.000000,0.000000,0.000000
195,3.249998,1,1,-0.009017,5.037160,0.000000,-28.274412,-0.073210,0.000000,0.000000,0.000000,0.000000,1.000000,0.000000,0.000000,0.000000
196,3.266664,1,1,-0.487123,5.066842,0.000000,-28.559780,1.157142,0.000000,0.000000,0.000000,0.000000,1.000000,0.000000,0.000000,0.000000
197,3.283331,1,1,-0.969487,5.115100,0.000000,-28.824738,2.308446,0.000000,0.000000,0.000000,0.000000,1.000000,0.000000,0.000000,0.000000
198,3.299998,1,1,-1.455636,5.180968,0.000000,-29.063606,3.394725,0.000000,0.000000,0.000000,0.000000,1.000000,0.000000,0.000000,0.000000
199,3.316664,1,1,-1.945036,5.263835,0.000000,-29.272154,4.434953,0.000000,0.000000,0.000000,0.000000,1.000000,0.000000,0.000000,0.000000
200,3.333331,1,1,-2.437088,5.363457,0.000000,-29.446390,5.450313,0.000000,0.000000,0.000000,0.000000,1.000000,0.000000,0.000000,0.000000
201,3.349998,1,1,-2.931100,5.479956,0.000000,-29.581381,6.462356,0.000000,0.000000,0.000000,0.000000,1.000000,0.000000,0.000000,0.000000
202,3.366664,1,1,-3.426253,5.613782,0.000000,-29.670238,7.491765,0.000000,0.000000,0.000000,0.000000,1.000000,0.000000,0.000000,0.000000
203,3.383331,1,1,-3.921539,5.765692,0.000000,-29.703314,8.557387,0.000000,0.000000,0.000000,0.000000,1.000000,0.000000,0.000000,0.000000
204,3.399997,1,1,-4.415710,5.936684,0.000000,-29.667673,9.675267,0.000000,0.000000,0.000000,0.000000,1.000000,0.000000,0.000000,0.000000
205,3.416664,1,1,-4.907217,6.127923,0.000000,-29.546932,10.857401,0.000000,0.000000,0.000000,0.000000,1.000000,0.000000,0.000000,0.000000
206,3.433331,1,1,-5.394162,6.340637,0.000000,-29.321642,12.110190,0.000000,0.000000,0.000000,0.000000,1.000000,0.000000,0.000000,0.000000
207,3.449997,1,1,-5.874277,6.575975,0.000000,-28.970497,13.432538,0.000000,0.000000,0.000000,0.000000,1.000000,0.000000,0.000000,0.000000
208,3.466664,1,1,-6.344949,6.834836,0.000000,-28.472628,14.813876,0.000000,0.000000,0.000000,0.000000,1.000000,0.000000,0.000000,0.000000
209,3.483331,1,1,-6.803310,7.117672,0.000000,-27.810987,16.232758,0.000000,0.000000,0.000000,0.000000,1.000000,0.000000,0.000000,0.000000
210,3.499997,1,1,-7.246412,7.424314,0.000000,-26.976652,17.656878,0.000000,0.000000,0.000000,0.000000,1.000000,0.000000,0.000000,0.000000
211,3.516664,1,1,-7.671455,7.753845,0.000000,-25.972818,19.045530,0.000000,0.000000,0.000000,0.000000,1.000000,0.000000,0.000000,0.000000
212,3.533331,1,1,-8.076042,8.104591,0.000000,-24.817003,20.354750,0.000000,0.000000,0.000000,0.000000,1.000000,0.000000,0.000000,0.000000
213,3.549997,1,1,-8.458401,8.474233,0.000000,-23.539988,21.544153,0.000000,0.000000,0.000000,0.000000,1.000000,0.000000,0.000000,0.000000
214,3.566664,1,1,-8.817479,8.860023,0.000000,-22.181288,22.583378,0.000000,0.000000,0.000000,0.000000,1.000000,0.000000,0.000000,0.000000
215,3.583331,1,1,-9.152947,9.259048,0.000000,-20.782742,23.455793,0.000000,0.000000,0.000000,0.000000,1.000000,0.000000,0.000000,0.000000
216,3.599997,1,1,-9.465074,9.668458,0.000000,-19.382328,24.158714,0.000000,0.000000,0.000000,0.000000,1.000000,0.000000,0.000000,0.000000
217,3.616664,1,1,-9.754565,10.085641,0.000000,-18.010202,24.700655,0.000000,0.000000,0.000000,0.000000,1.000000,0.000000,0.000000,0.000000
218,3.633331,1,1,-10.022402,10.508303,0.000000,-16.687199,25.097439,0.000000,0.000000,0.000000,0.000000,1.000000,0.000000,0.000000,0.000000
219,3.649997,1,1,-10.269690,10.934499,0.000000,-15.425301,25.368376,0.000000,0.000000,0.000000,0.000000,1.000000,0.000000,0.000000,0.000000
220,3.666664,1,1,-10.497557,11.362619,0.000000,-14.229183,25.533390,0.000000,0.000000,0.000000,0.000000,1.000000,0.000000,0.000000,0.000000
221,3.683331,1,1,-10.707073,11.791359,0.000000,-13.098008,25.611195,0.000000,0.000000,0.000000,0.000000,1.000000,0.000000,0.000000,0.000000
222,3.699997,1,1,-10.899200,12.219672,0.000000,-12.027081,25.618336,0.000000,0.000000,0.000000,0.000000,1.000000,0.000000,0.000000,0.000000
223,3.716664,1,1,-11.074761,12.646720,0.000000,-11.009212,25.568846,0.000000,0.000000,0.000000,0.000000,1.000000,0.000000,0.000000,0.000000
224,3.733330,1,1,-11.234423,13.071843,0.000000,-10.035767,25.474293,0.000000,0.000000,0.000000,0.000000,1.000000,0.000000,0.000000,0.000000
225,3.749997,1,1,-11.378692,13.494515,0.000000,-9.097397,25.344023,0.000000,0.000000,0.000000,0.000000,1.000000,0.000000,0.000000,0.000000
226,3.766664,1,1,-11.507915,13.914324,0.000000,-8.184631,25.185499,0.000000,0.000000,0.000000,0.000000,1.000000,0.000000,0.000000,0.000000
227,3.783330,1,1,-11.622292,14.330941,0.000000,-7.288324,25.004671,0.000000,0.000000,0.000000,0.000000,1.000000,0.000000,0.000000,0.000000
228,3.799997,1,1,-11.721885,14.744113,0.000000,-6.400050,24.806328,0.000000,0.000000,0.000000,0.000000,1.000000,0.000000,0.000000,0.000000
229,3.816664,1,1,-11.806645,15.153643,0.000000,-5.512515,24.594433,0.000000,0.000000,0.000000,0.000000,1.000000,0.000000,0.000000,0.000000
230,3.833330,1,1,-11.876443,15.559385,0.000000,-4.619968,24.372391,0.000000,0.000000,0.000000,0.000000,1.000000,0.000000,0.000000,0.000000
231,3.849997,1,1,-11.931096,15.961248,0.000000,-3.718627,24.143250,0.000000,0.000000,0.000000,0.000000,1.000000,0.000000,0.000000,0.000000
232,3.866664,1,1,-11.970422,16.359182,0.000000,-2.807077,23.909815,0.000000,0.000000,0.000000,0.000000,1.000000,0.000000,0.000000,0.000000
233,3.883330,1,1,-11.994281,16.753178,0.000000,-1.886517,23.674673,0.000000,0.000000,0.000000,0.000000,1.000000,0.000000,0.000000,0.000000
234,3.899997,1,1,-12.002618,17.143259,0.000000,-0.960803,23.440126,0.000000,0.000000,0.000000,0.000000,1.000000,0.000000,0.000000,0.000000
235,3.916664,1,1,-11.995501,17.529491,0.000000,-0.036098,23.208055,0.000000,0.000000,0.000000,0.000000,1.000000,0.000000,0.000000,0.000000
236,3.933330,1,1,-11.973140,17.911942,0.000000,0.879769,22.979774,0.000000,0.000000,0.000000,0.000000,1.000000,0.000000,0.000000,0.000000
237,3.949997,1,1,-11.935895,18.290695,0.000000,1.778369,22.755936,0.000000,0.000000,0.000000,0.000000,1.000000,0.000000,0.000000,0.000000
238,3.966664,1,1,-11.884257,18.665825,0.000000,2.651663,22.536497,0.000000,0.000000,0.000000,0.000000,1.000000,0.000000,0.000000,0.000000
239,3.983330,1,1,-11.818813,19.037384,0.000000,3.493015,22.320797,0.000000,0.000000,0.000000,0.000000,1.000000,0.000000,0.000000,0.000000
240,3.999997,1,1,-11.740216,19.405413,0.000000,4.297817,22.107700,0.000000,0.000000,0.000000,0.000000,1.000000,0.000000,0.000000,0.000000
241,4.016664,1,1,-11.649137,19.769915,0.000000,5.063653,21.895781,0.000000,0.000000,0.000000,0.000000,1.000000,0.000000,0.000000,0.000000
242,4.033330,1,1,-11.546236,20.130873,0.000000,5.790256,21.683455,0.000000,0.000000,0.000000,0.000000,1.000000,0.000000,0.000000,0.000000
243,4.049997,1,1,-11.432128,20.488235,0.000000,6.479125,21.469112,0.000000,0.000000,0.000000,0.000000,1.000000,0.000000,0.000000,0.000000
244,4.066664,1,1,-11.307376,20.841927,0.000000,7.133074,21.251177,0.000000,0.000000,0.000000,0.000000,1.000000,0.000000,0.000000,0.000000
245,4.083331,1,1,-11.172473,21.191851,0.000000,7.755765,21.028114,0.000000,0.000000,0.000000,0.000000,1.000000,0.000000,0.000000,0.000000
246,4.099998,1,1,-11.027836,21.537876,0.000000,8.351326,20.798426,0.000000,0.000000,0.000000,0.000000,1.000000,0.000000,0.000000,0.000000
247,4.116665,1,1,-10.873814,21.879862,0.000000,8.924016,20.560606,0.000000,0.000000,0.000000,0.000000,1.000000,0.000000,0.000000,0.000000
248,4.133332,1,1,-10.710683,22.217623,0.000000,9.478000,20.313122,0.000000,0.000000,0.000000,0.000000,1.000000,0.000000,0.000000,0.000000
249,4.149999,1,1,-10.538660,22.550961,0.000000,10.017164,20.054365,0.000000,0.000000,0.000000,0.000000,1.000000,0.000000,0.000000,0.000000
250,4.166666,1,1,-10.357904,22.879639,0.000000,10.545027,19.782637,0.000000,0.000000,0.000000,0.000000,1.000000,0.000000,0.000000,0.000000
251,4.183332,1,1,-10.168530,23.203396,0.000000,11.064631,19.496109,0.000000,0.000000,0.000000,0.000000,1.000000,0.000000,0.000000,0.000000
252,4.199999,1,1,-9.970612,23.521927,0.000000,11.578511,19.192846,0.000000,0.000000,0.000000,0.000000,1.000000,0.000000,0.000000,0.000000
253,4.216666,1,1,-9.764197,23.834904,0.000000,12.088631,18.870817,0.000000,0.000000,0.000000,0.000000,1.000000,0.000000,0.000000,0.000000
254,4.233333,1,1,-9.549315,24.141949,0.000000,12.596374,18.527906,0.000000,0.000000,0.000000,0.000000,1.000000,0.000000,0.000000,0.000000
255,4.250000,1,1,-9.325991,24.442665,0.000000,13.102486,18.161987,0.000000,0.000000,0.000000,0.000000,1.000000,0.000000,0.000000,0.000000
256,4.266667,1,1,-9.094249,24.736607,0.000000,13.607101,17.770954,0.000000,0.000000,0.000000,0.000000,1.000000,0.000000,0.000000,0.000000
257,4.283334,1,1,-8.854133,25.023304,0.000000,14.109666,17.352842,0.000000,0.000000,0.000000,0.000000,1.000000,0.000000,0.000000,0.000000
258,4.300001,1,1,-8.605708,25.302259,0.000000,14.608985,16.905912,0.000000,0.000000,0.000000,0.000000,1.000000,0.000000,0.000000,0.000000
259,4.316668,1,1,-8.349079,25.572954,0.000000,15.103206,16.428774,0.000000,0.000000,0.000000,0.000000,1.000000,0.000000,0.000000,0.000000
260,4.333334,1,1,-8.084401,25.834860,0.000000,15.589866,15.920513,0.000000,0.000000,0.000000,0.000000,1.000000,0.000000,0.000000,0.000000
261,4.350001,1,1,-7.811880,26.087444,0.000000,16.065939,15.380846,0.000000,0.000000,0.000000,0.000000,1.000000,0.000000,0.000000,0.000000
262,4.366668,1,1,-7.531782,26.330198,0.000000,16.527979,14.810212,0.000000,0.000000,0.000000,0.000000,1.000000,0.000000,0.000000,0.000000
263,4.383335,1,1,-7.244445,26.562634,0.000000,16.972246,14.209871,0.000000,0.000000,0.000000,0.000000,1.000000,0.000000,0.000000,0.000000
264,4.400002,1,1,-6.950267,26.784313,0.000000,17.394882,13.581983,0.000000,0.000000,0.000000,0.000000,1.000000,0.000000,0.000000,0.000000
265,4.416669,1,1,-6.649710,26.994854,0.000000,17.792152,12.929533,0.000000,0.000000,0.000000,0.000000,1.000000,0.000000,0.000000,0.000000
266,4.433336,1,1,-6.343288,27.193945,0.000000,18.160627,12.256313,0.000000,0.000000,0.000000,0.000000,1.000000,0.000000,0.000000,0.000000
267,4.450003,1,1,-6.031561,27.381355,0.000000,18.497410,11.566737,0.000000,0.000000,0.000000,0.000000,1.000000,0.000000,0.000000,0.000000
268,4.466670,1,1,-5.715117,27.556938,0.000000,18.800289,10.865648,0.000000,0.000000,0.000000,0.000000,1.000000,0.000000,0.000000,0.000000
269,4.483336,1,1,-5.394562,27.720634,0.000000,19.067873,10.158061,0.000000,0.000000,0.000000,0.000000,1.000000,0.000000,0.000000,0.000000
270,4.500003,1,1,-5.070501,27.872467,0.000000,19.299599,9.448938,0.000000,0.000000,0.000000,0.000000,1.000000,0.000000,0.000000,0.000000
271,4.516670,1,1,-4.743529,28.012533,0.000000,19.495718,8.742960,0.000000,0.000000,0.000000,0.000000,1.000000,0.000000,0.000000,0.000000
272,4.533337,1,1,-4.414217,28.140997,0.000000,19.657228,8.044324,0.000000,0.000000,0.000000,0.000000,1.000000,0.000000,0.000000,0.000000
273,4.550004,1,1,-4.083098,28.258080,0.000000,19.785730,7.356642,0.000000,0.000000,0.000000,0.000000,1.000000,0.000000,0.000000,0.000000
274,4.566671,1,1,-3.750671,28.364042,0.000000,19.883284,6.682836,0.000000,0.000000,0.000000,0.000000,1.000000,0.000000,0.000000,0.000000
275,4.583338,1,1,-3.417393,28.459177,0.000000,19.952267,6.025163,0.000000,0.000000,0.000000,0.000000,1.000000,0.000000,0.000000,0.000000
276,4.600005,1,1,-3.083674,28.543795,0.000000,19.995211,5.385228,0.000000,0.000000,0.000000,0.000000,1.000000,0.000000,0.000000,0.000000
277,4.616672,1,1,-2.749880,28.618223,0.000000,20.014723,4.764025,0.000000,0.000000,0.000000,0.000000,1.000000,0.000000,0.000000,0.000000
278,4.633338,1,1,-2.416337,28.682785,0.000000,20.013336,4.162018,0.000000,0.000000,0.000000,0.000000,1.000000,0.000000,0.000000,0.000000
279,4.650005,1,1,-2.083328,28.737808,0.000000,19.993479,3.579230,0.000000,0.000000,0.000000,0.000000,1.000000,0.000000,0.000000,0.000000
280,4.666672,1,1,-1.751103,28.783600,0.000000,19.957409,3.015315,0.000000,0.000000,0.000000,0.000000,1.000000,0.000000,0.000000,0.000000
281,4.683339,1,1,-1.419878,28.820467,0.000000,19.907177,2.469633,0.000000,0.000000,0.000000,0.000000,1.000000,0.000000,0.000000,0.000000
282,4.700006,1,1,-1.089840,28.848684,0.000000,19.844614,1.941314,0.000000,0.000000,0.000000,0.000000,1.000000,0.000000,0.000000,0.000000
283,4.716673,1,1,-0.761153,28.868523,0.000000,19.771330,1.429323,0.000000,0.000000,0.000000,0.000000,1.000000,0.000000,0.000000,0.000000
284,4.733340,1,1,-0.433957,28.880217,0.000000,19.688704,0.932494,0.000000,0.000000,0.000000,0.000000,1.000000,0.000000,0.000000,0.000000
285,4.750007,1,1,-0.108378,28.883995,0.000000,19.597902,0.449569,0.000000,0.000000,0.000000,0.000000,1.000000,0.000000,0.000000,0.000000
286,4.766674,1,1,0.215474,28.880053,0.000000,19.499882,-0.020763,0.000000,0.000000,0.000000,0.000000,1.000000,0.000000,0.000000,0.000000
287,4.783340,1,1,0.537500,28.868563,0.000000,19.395420,-0.479860,0.000000,0.000000,0.000000,0.000000,1.000000,0.000000,0.000000,0.000000
288,4.800007,1,1,0.857610,28.849678,0.000000,19.285105,-0.929097,0.000000,0.000000,0.000000,0.000000,1.000000,0.000000,0.000000,0.000000
289,4.816674,1,1,1.175717,28.823530,0.000000,19.169363,-1.369875,0.000000,0.000000,0.000000,0.000000,1.000000,0.000000,0.000000,0.000000
290,4.833341,1,1,1.491740,28.790218,0.000000,19.048466,-1.803584,0.000000,0.000000,0.000000,0.000000,1.000000,0.000000,0.000000,0.000000
291,4.850008,1,1,1.805597,28.749826,0.000000,18.922548,-2.231626,0.000000,0.000000,0.000000,0.000000,1.000000,0.000000,0.000000,0.000000
292,4.866675,1,1,2.117207,28.702415,0.000000,18.791626,-2.655401,0.000000,0.000000,0.000000,0.000000,1.000000,0.000000,0.000000,0.000000
293,4.883342,1,1,2.426483,28.648016,0.000000,18.655600,-3.076299,0.000000,0.000000,0.000000,0.000000,1.000000,0.000000,0.000000,0.000000
294,4.900009,1,1,2.733338,28.586643,0.000000,18.514271,-3.495710,0.000000,0.000000,0.000000,0.000000,1.000000,0.000000,0.000000,0.000000
295,4.916676,1,1,3.037678,28.518284,0.000000,18.367363,-3.915012,0.000000,0.000000,0.000000,0.000000,1.000000,0.000000,0.000000,0.000000
296,4.933342,1,1,3.339402,28.442905,0.000000,18.214529,-4.335575,0.000000,0.000000,0.000000,0.000000,1.000000,0.000000,0.000000,0.000000
297,4.950009,1,1,3.638404,28.360453,0.000000,18.055378,-4.758739,0.000000,0.000000,0.000000,0.000000,1.000000,0.000000,0.000000,0.000000
298,4.966676,1,1,3.934567,28.270849,0.000000,17.889484,-5.185809,0.000000,0.000000,0.000000,0.000000,1.000000,0.000000,0.000000,0.000000
299,4.983343,1,1,4.227771,28.173996,0.000000,17.716421,-5.618046,0.000000,0.000000,0.000000,0.000000,1.000000,0.000000,0.000000,0.000000
300,5.000010,1,1,4.517889,28.069778,0.000000,17.535784,-6.056630,0.000000,0.000000,0.000000,0.000000,1.000000,0.000000,0.000000,0.000000
301,5.016677,1,1,4.804786,27.958067,0.000000,17.347219,-6.502646,0.000000,0.000000,0.000000,0.000000,1.000000,0.000000,0.000000,0.000000
302,5.033344,1,1,5.088326,27.838713,0.000000,17.150454,-6.957027,0.000000,0.000000,0.000000,0.000000,1.000000,0.000000,0.000000,0.000000
303,5.050011,1,1,5.368370,27.711555,0.000000,16.945330,-7.420538,0.000000,0.000000,0.000000,0.000000,1.000000,0.000000,0.000000,0.000000
304,5.066678,1,1,5.644783,27.576435,0.000000,16.731825,-7.893718,0.000000,0.000000,0.000000,0.000000,1.000000,0.000000,0.000000,0.000000
305,5.083344,1,1,5.917428,27.433184,0.000000,16.510082,-8.376840,0.000000,0.000000,0.000000,0.000000,1.000000,0.000000,0.000000,0.000000
306,5.100011,1,1,6.186183,27.281639,0.000000,16.280411,-8.869885,0.000000,0.000000,0.000000,0.000000,1.000000,0.000000,0.000000,0.000000
307,5.116678,1,1,6.450928,27.121647,0.000000,16.043299,-9.372527,0.000000,0.000000,0.000000,0.000000,1.000000,0.000000,0.000000,0.000000
308,5.133345,1,1,6.711558,26.953066,0.000000,15.799389,-9.884110,0.000000,0.000000,0.000000,0.000000,1.000000,0.000000,0.000000,0.000000
309,5.150012,1,1,6.967983,26.775778,0.000000,15.549439,-10.403694,0.000000,0.000000,0.000000,0.000000,1.000000,0.000000,0.000000,0.000000
310,5.166679,1,1,7.220124,26.589676,0.000000,15.294279,-10.930095,0.000000,0.000000,0.000000,0.000000,1.000000,0.000000,0.000000,0.000000
311,5.183346,1,1,7.467916,26.394691,0.000000,15.034733,-11.461959,0.000000,0.000000,0.000000,0.000000,1.000000,0.000000,0.000000,0.000000
312,5.200013,1,1,7.711308,26.190767,0.000000,14.771563,-11.997842,0.000000,0.000000,0.000000,0.000000,1.000000,0.000000,0.000000,0.000000
313,5.216680,1,1,7.950259,25.977877,0.000000,14.505393,-12.536311,0.000000,0.000000,0.000000,0.000000,1.000000,0.000000,0.000000,0.000000
314,5.233346,1,1,8.184727,25.756014,0.000000,14.236652,-13.076036,0.000000,0.000000,0.000000,0.000000,1.000000,0.000000,0.000000,0.000000
315,5.250013,1,1,8.414675,25.525188,0.000000,13.965511,-13.615870,0.000000,0.000000,0.000000,0.000000,1.000000,0.000000,0.000000,0.000000
316,5.266680,1,1,8.640060,25.285421,0.000000,13.691870,-14.154891,0.000000,0.000000,0.000000,0.000000,1.000000,0.000000,0.000000,0.000000
317,5.283347,1,1,8.860833,25.036741,0.000000,13.415309,-14.692461,0.000000,0.000000,0.000000,0.000000,1.000000,0.000000,0.000000,0.000000
318,5.300014,1,1,9.076924,24.779186,0.000000,13.135102,-15.228215,0.000000,0.000000,0.000000,0.000000,1.000000,0.000000,0.000000,0.000000
319,5.316681,1,1,9.288244,24.512787,0.000000,12.850203,-15.762058,0.000000,0.000000,0.000000,0.000000,1.000000,0.000000,0.000000,0.000000
320,5.333348,1,1,9.494682,24.237572,0.000000,12.559244,-16.294136,0.000000,0.000000,0.000000,0.000000,1.000000,0.000000,0.000000,0.000000
321,5.350015,1,1,9.696094,23.953562,0.000000,12.260550,-16.824785,0.000000,0.000000,0.000000,0.000000,1.000000,0.000000,0.000000,0.000000
322,5.366682,1,1,9.892299,23.660767,0.000000,11.952132,-17.354486,0.000000,0.000000,0.000000,0.000000,1.000000,0.000000,0.000000,0.000000
323,5.383348,1,1,10.083078,23.359188,0.000000,11.631695,-17.883787,0.000000,0.000000,0.000000,0.000000,1.000000,0.000000,0.000000,0.000000
324,5.400015,1,1,10.268166,23.048820,0.000000,11.296629,-18.413246,0.000000,0.000000,0.000000,0.000000,1.000000,0.000000,0.000000,0.000000
325,5.416682,1,1,10.447241,22.729645,0.000000,10.944011,-18.943350,0.000000,0.000000,0.000000,0.000000,1.000000,0.000000,0.000000,0.000000
326,5.433349,1,1,10.619932,22.401646,0.000000,10.570605,-19.474434,0.000000,0.000000,0.000000,0.000000,1.000000,0.000000,0.000000,0.000000
327,5.450016,1,1,10.785801,22.064800,0.000000,10.172876,-20.006584,0.000000,0.000000,0.000000,0.000000,1.000000,0.000000,0.000000,0.000000
328,5.466683,1,1,10.944348,21.719099,0.000000,9.746989,-20.539553,0.000000,0.000000,0.000000,0.000000,1.000000,0.000000,0.000000,0.000000
329,5.483350,1,1,11.095004,21.364540,0.000000,9.288860,-21.072639,0.000000,0.000000,0.000000,0.000000,1.000000,0.000000,0.000000,0.000000
330,5.500017,1,1,11.237125,21.001156,0.000000,8.794211,-21.604589,0.000000,0.000000,0.000000,0.000000,1.000000,0.000000,0.000000,0.000000
331,5.516684,1,1,11.369995,20.629015,0.000000,8.258661,-22.133463,0.000000,0.000000,0.000000,0.000000,1.000000,0.000000,0.000000,0.000000
332,5.533350,1,1,11.492825,20.248234,0.000000,7.677890,-22.656536,0.000000,0.000000,0.000000,0.000000,1.000000,0.000000,0.000000,0.000000
333,5.550017,1,1,11.604761,19.859001,0.000000,7.047804,-23.170193,0.000000,0.000000,0.000000,0.000000,1.000000,0.000000,0.000000,0.000000
334,5.566684,1,1,11.704895,19.461582,0.000000,6.364813,-23.669857,0.000000,0.000000,0.000000,0.000000,1.000000,0.000000,0.000000,0.000000
335,5.583351,1,1,11.792281,19.056351,0.000000,5.626134,-24.149981,0.000000,0.000000,0.000000,0.000000,1.000000,0.000000,0.000000,0.000000
336,5.600018,1,1,11.865952,18.643793,0.000000,4.830171,-24.604097,0.000000,0.000000,0.000000,0.000000,1.000000,0.000000,0.000000,0.000000
337,5.616685,1,1,11.924958,18.224522,0.000000,3.976910,-25.024986,0.000000,0.000000,0.000000,0.000000,1.000000,0.000000,0.000000,0.000000
338,5.633352,1,1,11.968395,17.799274,0.000000,3.068275,-25.404970,0.000000,0.000000,0.000000,0.000000,1.000000,0.000000,0.000000,0.000000
339,5.650019,1,1,11.995447,17.368925,0.000000,2.108371,-25.736340,0.000000,0.000000,0.000000,0.000000,1.000000,0.000000,0.000000,0.000000
340,5.666686,1,1,12.005425,16.934460,0.000000,1.103643,-26.011850,0.000000,0.000000,0.000000,0.000000,1.000000,0.000000,0.000000,0.000000
341,5.683352,1,1,11.997797,16.496958,0.000000,0.062720,-26.225323,0.000000,0.000000,0.000000,0.000000,1.000000,0.000000,0.000000,0.000000
342,5.700019,1,1,11.972225,16.057560,0.000000,-1.003986,-26.372164,0.000000,0.000000,0.000000,0.000000,1.000000,0.000000,0.000000,0.000000
343,5.716686,1,1,11.928565,15.617440,0.000000,-2.084942,-26.449764,0.000000,0.000000,0.000000,0.000000,1.000000,0.000000,0.000000,0.000000
344,5.733353,1,1,11.866876,15.177753,0.000000,-3.168255,-26.457706,0.000000,0.000000,0.000000,0.000000,1.000000,0.000000,0.000000,0.000000
345,5.750020,1,1,11.787400,14.739614,0.000000,-4.242600,-26.397678,0.000000,0.000000,0.000000,0.000000,1.000000,0.000000,0.000000,0.000000
346,5.766687,1,1,11.690537,14.304061,0.000000,-5.297924,-26.273190,0.000000,0.000000,0.000000,0.000000,1.000000,0.000000,0.000000,0.000000
347,5.783354,1,1,11.576803,13.872044,0.000000,-6.326053,-26.089092,0.000000,0.000000,0.000000,0.000000,1.000000,0.000000,0.000000,0.000000
348,5.800021,1,1,11.446798,13.444413,0.000000,-7.321032,-25.851000,0.000000,0.000000,0.000000,0.000000,1.000000,0.000000,0.000000,0.000000
349,5.816688,1,1,11.301162,13.021917,0.000000,-8.279167,-25.564764,0.000000,0.000000,0.000000,0.000000,1.000000,0.000000,0.000000,0.000000
350,5.833354,1,1,11.140543,12.605219,0.000000,-9.198953,-25.235949,0.000000,0.000000,0.000000,0.000000,1.000000,0.000000,0.000000,0.000000
351,5.850021,1,1,10.965569,12.194904,0.000000,-10.080770,-24.869488,0.000000,0.000000,0.000000,0.000000,1.000000,0.000000,0.000000,0.000000
352,5.866688,1,1,10.776819,11.791497,0.000000,-10.926583,-24.469427,0.000000,0.000000,0.000000,0.000000,1.000000,0.000000,0.000000,0.000000
353,5.883355,1,1,10.574812,11.395481,0.000000,-11.739597,-24.038790,0.000000,0.000000,0.000000,0.000000,1.000000,0.000000,0.000000,0.000000
354,5.900022,1,1,10.359992,11.007315,0.000000,-12.523888,-23.579557,0.000000,0.000000,0.000000,0.000000,1.000000,0.000000,0.000000,0.000000
355,5.916689,1,1,10.132718,10.627449,0.000000,-13.284120,-23.092752,0.000000,0.000000,0.000000,0.000000,1.000000,0.000000,0.000000,0.000000
356,5.933356,1,1,9.893267,10.256339,0.000000,-14.025248,-22.578545,0.000000,0.000000,0.000000,0.000000,1.000000,0.000000,0.000000,0.000000
357,5.950023,1,1,9.641833,9.894452,0.000000,-14.752275,-22.036474,0.000000,0.000000,0.000000,0.000000,1.000000,0.000000,0.000000,0.000000
358,5.966690,1,1,9.378534,9.542273,0.000000,-15.469986,-21.465702,0.000000,0.000000,0.000000,0.000000,1.000000,0.000000,0.000000,0.000000
359,5.983356,1,1,9.103414,9.200301,0.000000,-16.182741,-20.865303,0.000000,0.000000,0.000000,0.000000,1.000000,0.000000,0.000000,0.000000
360,6.000023,1,1,8.816465,8.869050,0.000000,-16.894211,-20.234579,0.000000,0.000000,0.000000,0.000000,1.000000,0.000000,0.000000,0.000000
361,6.016690,1,1,8.517643,8.549029,0.000000,-17.607168,-19.573389,0.000000,0.000000,0.000000,0.000000,1.000000,0.000000,0.000000,0.000000
362,6.033357,1,1,8.206881,8.240729,0.000000,-18.323256,-18.882410,0.000000,0.000000,0.000000,0.000000,1.000000,0.000000,0.000000,0.000000
363,6.050024,1,1,7.884113,7.944606,0.000000,-19.042856,-18.163298,0.000000,0.000000,0.000000,0.000000,1.000000,0.000000,0.000000,0.000000
364,6.066691,1,1,7.549308,7.661066,0.000000,-19.765020,-17.418697,0.000000,0.000000,0.000000,0.000000,1.000000,0.000000,0.000000,0.000000
365,6.083358,1,1,7.202473,7.390449,0.000000,-20.487564,-16.652094,0.000000,0.000000,0.000000,0.000000,1.000000,0.000000,0.000000,0.000000
366,6.100025,1,1,6.843678,7.133026,0.000000,-21.207277,-15.867443,0.000000,0.000000,0.000000,0.000000,1.000000,0.000000,0.000000,0.000000
367,6.116692,1,1,6.473065,6.889002,0.000000,-21.920284,-15.068676,0.000000,0.000000,0.000000,0.000000,1.000000,0.000000,0.000000,0.000000
368,6.133358,1,1,6.090846,6.658533,0.000000,-22.622435,-14.259181,0.000000,0.000000,0.000000,0.000000,1.000000,0.000000,0.000000,0.000000
369,6.150025,1,1,5.697294,6.441739,0.000000,-23.309692,-13.441300,0.000000,0.000000,0.000000,0.000000,1.000000,0.000000,0.000000,0.000000
370,6.166692,1,1,5.292745,6.238740,0.000000,-23.978426,-12.615997,0.000000,0.000000,0.000000,0.000000,1.000000,0.000000,0.000000,0.000000
371,6.183359,1,1,4.877580,6.049676,0.000000,-24.625536,-11.782666,0.000000,0.000000,0.000000,0.000000,1.000000,0.000000,0.000000,0.000000
372,6.200026,1,1,4.452218,5.874735,0.000000,-25.248449,-10.939156,0.000000,0.000000,0.000000,0.000000,1.000000,0.000000,0.000000,0.000000
373,6.216693,1,1,4.017112,5.714175,0.000000,-25.844946,-10.081910,0.000000,0.000000,0.000000,0.000000,1.000000,0.000000,0.000000,0.000000
374,6.233360,1,1,3.572752,5.568340,0.000000,-26.412901,-9.206246,0.000000,0.000000,0.000000,0.000000,1.000000,0.000000,0.000000,0.000000
375,6.250027,1,1,3.119666,5.437675,0.000000,-26.949984,-8.306692,0.000000,0.000000,0.000000,0.000000,1.000000,0.000000,0.000000,0.000000
376,6.266694,1,1,2.658435,5.322720,0.000000,-27.453329,-7.377391,0.000000,0.000000,0.000000,0.000000,1.000000,0.000000,0.000000,0.000000
377,6.283360,1,1,2.189708,5.224117,0.000000,-27.919271,-6.412552,0.000000,0.000000,0.000000,0.000000,1.000000,0.000000,0.000000,0.000000
378,6.300027,1,1,1.714220,5.142585,0.000000,-28.343117,-5.406935,0.000000,0.000000,0.000000,0.000000,1.000000,0.000000,0.000000,0.000000
379,6.316694,1,1,1.232814,5.078907,0.000000,-28.719061,-4.356404,0.000000,0.000000,0.000000,0.000000,1.000000,0.000000,0.000000,0.000000
380,6.333361,1,1,0.746453,5.033893,0.000000,-29.040236,-3.258498,0.000000,0.000000,0.000000,0.000000,1.000000,0.000000,0.000000,0.000000
381,6.350028,1,1,0.256236,5.008339,0.000000,-29.298922,-2.112982,0.000000,0.000000,0.000000,0.000000,1.000000,0.000000,0.000000,0.000000
382,6.366695,1,1,-0.236597,5.002980,0.000000,-29.486965,-0.922348,0.000000,0.000000,0.000000,0.000000,1.000000,0.000000,0.000000,0.000000
383,6.383362,1,1,-0.730674,5.018431,0.000000,-29.596394,0.307838,0.000000,0.000000,0.000000,0.000000,1.000000,0.000000,0.000000,0.000000
384,6.400029,1,1,-1.224515,5.055142,0.000000,-29.620150,1.568858,0.000000,0.000000,0.000000,0.000000,1.000000,0.000000,0.000000,0.000000
385,6.416696,1,1,-1.716560,5.113344,0.000000,-29.552902,2.849093,0.000000,0.000000,0.000000,0.000000,1.000000,0.000000,0.000000,0.000000
386,6.433362,1,1,-2.205223,5.193018,0.000000,-29.391741,4.134666,0.000000,0.000000,0.000000,0.000000,1.000000,0.000000,0.000000,0.000000
387,6.450029,1,1,-2.688939,5.293885,0.000000,-29.136679,5.410412,0.000000,0.000000,0.000000,0.000000,1.000000,0.000000,0.000000,0.000000
388,6.466696,1,1,-3.166217,5.415410,0.000000,-28.790787,6.661072,0.000000,0.000000,0.000000,0.000000,1.000000,0.000000,0.000000,0.000000
389,6.483363,1,1,-3.635686,5.556830,0.000000,-28.359968,7.872497,0.000000,0.000000,0.000000,0.000000,1.000000,0.000000,0.000000,0.000000
390,6.500030,1,1,-4.096129,5.717200,0.000000,-27.852377,9.032671,0.000000,0.000000,0.000000,0.000000,1.000000,0.000000,0.000000,0.000000
391,6.516697,1,1,-4.546499,5.895441,0.000000,-27.277628,10.132421,0.000000,0.000000,0.000000,0.000000,1.000000,0.000000,0.000000,0.000000
392,6.533364,1,1,-4.985924,6.090403,0.000000,-26.645948,11.165713,0.000000,0.000000,0.000000,0.000000,1.000000,0.000000,0.000000,0.000000
393,6.550031,1,1,-5.413700,6.300906,0.000000,-25.967379,12.129579,0.000000,0.000000,0.000000,0.000000,1.000000,0.000000,0.000000,0.000000
394,6.566698,1,1,-5.829265,6.525790,0.000000,-25.251165,13.023794,0.000000,0.000000,0.000000,0.000000,1.000000,0.000000,0.000000,0.000000
395,6.583364,1,1,-6.232187,6.763945,0.000000,-24.505365,13.850349,0.000000,0.000000,0.000000,0.000000,1.000000,0.000000,0.000000,0.000000
396,6.600031,1,1,-6.622131,7.014331,0.000000,-23.736633,14.612893,0.000000,0.000000,0.000000,0.000000,1.000000,0.000000,0.000000,0.000000
397,6.616698,1,1,-6.998839,7.275999,0.000000,-22.950205,15.316177,0.000000,0.000000,0.000000,0.000000,1.000000,0.000000,0.000000,0.000000
398,6.633365,1,1,-7.362108,7.548094,0.000000,-22.149998,15.965565,0.000000,0.000000,0.000000,0.000000,1.000000,0.000000,0.000000,0.000000
399,6.650032,1,1,-7.711771,7.829854,0.000000,-21.338800,16.566635,0.000000,0.000000,0.000000,0.000000,1.000000,0.000000,0.000000,0.000000
400,6.666699,1,1,-8.047689,8.120607,0.000000,-20.518517,17.124847,0.000000,0.000000,0.000000,0.000000,1.000000,0.000000,0.000000,0.000000
401,6.683366,1,1,-8.369739,8.419764,0.000000,-19.690434,17.645321,0.000000,0.000000,0.000000,0.000000,1.000000,0.000000,0.000000,0.000000
402,6.700033,1,1,-8.677806,8.726807,0.000000,-18.855469,18.132650,0.000000,0.000000,0.000000,0.000000,1.000000,0.000000,0.000000,0.000000
403,6.716700,1,1,-8.971795,9.041281,0.000000,-18.014429,18.590784,0.000000,0.000000,0.000000,0.000000,1.000000,0.000000,0.000000,0.000000
404,6.733366,1,1,-9.251622,9.362778,0.000000,-17.168198,19.022970,0.000000,0.000000,0.000000,0.000000,1.000000,0.000000,0.000000,0.000000
405,6.750033,1,1,-9.517227,9.690927,0.000000,-16.317900,19.431705,0.000000,0.000000,0.000000,0.000000,1.000000,0.000000,0.000000,0.000000
406,6.766700,1,1,-9.768573,10.025378,0.000000,-15.464972,19.818750,0.000000,0.000000,0.000000,0.000000,1.000000,0.000000,0.000000,0.000000
407,6.783367,1,1,-10.005655,10.365797,0.000000,-14.611213,20.185184,0.000000,0.000000,0.000000,0.000000,1.000000,0.000000,0.000000,0.000000
408,6.800034,1,1,-10.228514,10.711850,0.000000,-13.758710,20.531477,0.000000,0.000000,0.000000,0.000000,1.000000,0.000000,0.000000,0.000000
409,6.816701,1,1,-10.437220,11.063202,0.000000,-12.909732,20.857607,0.000000,0.000000,0.000000,0.000000,1.000000,0.000000,0.000000,0.000000
410,6.833368,1,1,-10.631889,11.419504,0.000000,-12.066583,21.163185,0.000000,0.000000,0.000000,0.000000,1.000000,0.000000,0.000000,0.000000
411,6.850035,1,1,-10.812670,11.780402,0.000000,-11.231424,21.447605,0.000000,0.000000,0.000000,0.000000,1.000000,0.000000,0.000000,0.000000
412,6.866702,1,1,-10.979741,12.145523,0.000000,-10.406118,21.710150,0.000000,0.000000,0.000000,0.000000,1.000000,0.000000,0.000000,0.000000
413,6.883368,1,1,-11.133300,12.514484,0.000000,-9.592090,21.950129,0.000000,0.000000,0.000000,0.000000,1.000000,0.000000,0.000000,0.000000
414,6.900035,1,1,-11.273557,12.886893,0.000000,-8.790257,22.166933,0.000000,0.000000,0.000000,0.000000,1.000000,0.000000,0.000000,0.000000
415,6.916702,1,1,-11.400723,13.262353,0.000000,-8.000998,22.360083,0.000000,0.000000,0.000000,0.000000,1.000000,0.000000,0.000000,0.000000
416,6.933369,1,1,-11.515004,13.640459,0.000000,-7.224182,22.529230,0.000000,0.000000,0.000000,0.000000,1.000000,0.000000,0.000000,0.000000
417,6.950036,1,1,-11.616594,14.020802,0.000000,-6.459220,22.674139,0.000000,0.000000,0.000000,0.000000,1.000000,0.000000,0.000000,0.000000
418,6.966703,1,1,-11.705667,14.402977,0.000000,-5.705174,22.794655,0.000000,0.000000,0.000000,0.000000,1.000000,0.000000,0.000000,0.000000
419,6.983370,1,1,-11.782372,14.786567,0.000000,-4.960853,22.890642,0.000000,0.000000,0.000000,0.000000,1.000000,0.000000,0.000000,0.000000
420,7.000037,1,1,-11.846843,15.171160,0.000000,-4.224944,22.961960,0.000000,0.000000,0.000000,0.000000,1.000000,0.000000,0.000000,0.000000
421,7.016704,1,1,-11.899182,15.556337,0.000000,-3.496109,23.008413,0.000000,0.000000,0.000000,0.000000,1.000000,0.000000,0.000000,0.000000
422,7.033370,1,1,-11.939479,15.941677,0.000000,-2.773092,23.029724,0.000000,0.000000,0.000000,0.000000,1.000000,0.000000,0.000000,0.000000
423,7.050037,1,1,-11.967803,16.326746,0.000000,-2.054808,23.025515,0.000000,0.000000,0.000000,0.000000,1.000000,0.000000,0.000000,0.000000
424,7.066704,1,1,-11.984212,16.711103,0.000000,-1.340434,22.995317,0.000000,0.000000,0.000000,0.000000,1.000000,0.000000,0.000000,0.000000
425,7.083371,1,1,-11.988759,17.094301,0.000000,-0.629461,22.938589,0.000000,0.000000,0.000000,0.000000,1.000000,0.000000,0.000000,0.000000
426,7.100038,1,1,-11.981496,17.475882,0.000000,0.078255,22.854744,0.000000,0.000000,0.000000,0.000000,1.000000,0.000000,0.000000,0.000000
427,7.116705,1,1,-11.962485,17.855371,0.000000,0.782465,22.743200,0.000000,0.000000,0.000000,0.000000,1.000000,0.000000,0.000000,0.000000
428,7.133372,1,1,-11.931806,18.232296,0.000000,1.482493,22.603428,0.000000,0.000000,0.000000,0.000000,1.000000,0.000000,0.000000,0.000000
429,7.150039,1,1,-11.889547,18.606169,0.000000,2.177273,22.435005,0.000000,0.000000,0.000000,0.000000,1.000000,0.000000,0.000000,0.000000
430,7.166706,1,1,-11.835842,18.976503,0.000000,2.865341,22.237700,0.000000,0.000000,0.000000,0.000000,1.000000,0.000000,0.000000,0.000000
431,7.183372,1,1,-11.770843,19.342815,0.000000,3.544891,22.011511,0.000000,0.000000,0.000000,0.000000,1.000000,0.000000,0.000000,0.000000
432,7.200039,1,1,-11.694746,19.704626,0.000000,4.213855,21.756727,0.000000,0.000000,0.000000,0.000000,1.000000,0.000000,0.000000,0.000000
433,7.216706,1,1,-11.607788,20.061472,0.000000,4.869954,21.473969,0.000000,0.000000,0.000000,0.000000,1.000000,0.000000,0.000000,0.000000
434,7.233373,1,1,-11.510244,20.412905,0.000000,5.510819,21.164202,0.000000,0.000000,0.000000,0.000000,1.000000,0.000000,0.000000,0.000000
435,7.250040,1,1,-11.402431,20.758511,0.000000,6.134059,20.828751,0.000000,0.000000,0.000000,0.000000,1.000000,0.000000,0.000000,0.000000
436,7.266707,1,1,-11.284699,21.097895,0.000000,6.737411,20.469259,0.000000,0.000000,0.000000,0.000000,1.000000,0.000000,0.000000,0.000000
437,7.283374,1,1,-11.157438,21.430708,0.000000,7.318754,20.087681,0.000000,0.000000,0.000000,0.000000,1.000000,0.000000,0.000000,0.000000
438,7.300041,1,1,-11.021062,21.756632,0.000000,7.876268,19.686195,0.000000,0.000000,0.000000,0.000000,1.000000,0.000000,0.000000,0.000000
439,7.316708,1,1,-10.876008,22.075396,0.000000,8.408428,19.267176,0.000000,0.000000,0.000000,0.000000,1.000000,0.000000,0.000000,0.000000
440,7.333375,1,1,-10.722732,22.386763,0.000000,8.914090,18.833086,0.000000,0.000000,0.000000,0.000000,1.000000,0.000000,0.000000,0.000000
441,7.350041,1,1,-10.561697,22.690544,0.000000,9.392474,18.386440,0.000000,0.000000,0.000000,0.000000,1.000000,0.000000,0.000000,0.000000
442,7.366708,1,1,-10.393372,22.986593,0.000000,9.843189,17.929710,0.000000,0.000000,0.000000,0.000000,1.000000,0.000000,0.000000,0.000000
443,7.383375,1,1,-10.218220,23.274803,0.000000,10.266209,17.465269,0.000000,0.000000,0.000000,0.000000,1.000000,0.000000,0.000000,0.000000
444,7.400042,1,1,-10.036699,23.555099,0.000000,10.661839,16.995346,0.000000,0.000000,0.000000,0.000000,1.000000,0.000000,0.000000,0.000000
445,7.416709,1,1,-9.849249,23.827440,0.000000,11.030658,16.521996,0.000000,0.000000,0.000000,0.000000,1.000000,0.000000,0.000000,0.000000
446,7.433376,1,1,-9.656303,24.091818,0.000000,11.373494,16.047066,0.000000,0.000000,0.000000,0.000000,1.000000,0.000000,0.000000,0.000000
447,7.450043,1,1,-9.458271,24.348246,0.000000,11.691357,15.572195,0.000000,0.000000,0.000000,0.000000,1.000000,0.000000,0.000000,0.000000
448,7.466710,1,1,-9.255541,24.596760,0.000000,11.985401,15.098791,0.000000,0.000000,0.000000,0.000000,1.000000,0.000000,0.000000,0.000000
449,7.483377,1,1,-9.048479,24.837418,0.000000,12.256882,14.628051,0.000000,0.000000,0.000000,0.000000,1.000000,0.000000,0.000000,0.000000
450,7.500043,1,1,-8.837431,25.070288,0.000000,12.507115,14.160955,0.000000,0.000000,0.000000,0.000000,1.000000,0.000000,0.000000,0.000000
451,7.516710,1,1,-8.622718,25.295452,0.000000,12.737439,13.698303,0.000000,0.000000,0.000000,0.000000,1.000000,0.000000,0.000000,0.000000
452,7.533377,1,1,-8.404640,25.512997,0.000000,12.949195,13.240716,0.000000,0.000000,0.000000,0.000000,1.000000,0.000000,0.000000,0.000000
453,7.550044,1,1,-8.183476,25.723024,0.000000,13.143689,12.788667,0.000000,0.000000,0.000000,0.000000,1.000000,0.000000,0.000000,0.000000
454,7.566711,1,1,-7.959481,25.925632,0.000000,13.322201,12.342482,0.000000,0.000000,0.000000,0.000000,1.000000,0.000000,0.000000,0.000000
455,7.583378,1,1,-7.732892,26.120928,0.000000,13.485947,11.902376,0.000000,0.000000,0.000000,0.000000,1.000000,0.000000,0.000000,0.000000
456,7.600045,1,1,-7.503923,26.309013,0.000000,13.636087,11.468459,0.000000,0.000000,0.000000,0.000000,1.000000,0.000000,0.000000,0.000000
457,7.616712,1,1,-7.272779,26.489992,0.000000,13.773708,11.040760,0.000000,0.000000,0.000000,0.000000,1.000000,0.000000,0.000000,0.000000
458,7.633379,1,1,-7.039642,26.663969,0.000000,13.899829,10.619241,0.000000,0.000000,0.000000,0.000000,1.000000,0.000000,0.000000,0.000000
459,7.650045,1,1,-6.804679,26.831045,0.000000,14.015396,10.203804,0.000000,0.000000,0.000000,0.000000,1.000000,0.000000,0.000000,0.000000
460,7.666712,1,1,-6.568047,26.991318,0.000000,14.121284,9.794303,0.000000,0.000000,0.000000,0.000000,1.000000,0.000000,0.000000,0.000000
461,7.683379,1,1,-6.329884,27.144884,0.000000,14.218299,9.390564,0.000000,0.000000,0.000000,0.000000,1.000000,0.000000,0.000000,0.000000
462,7.700046,1,1,-6.090322,27.291834,0.000000,14.307186,8.992380,0.000000,0.000000,0.000000,0.000000,1.000000,0.000000,0.000000,0.000000
463,7.716713,1,1,-5.849478,27.432255,0.000000,14.388620,8.599528,0.000000,0.000000,0.000000,0.000000,1.000000,0.000000,0.000000,0.000000
464,7.733380,1,1,-5.607462,27.566233,0.000000,14.463222,8.211769,0.000000,0.000000,0.000000,0.000000,1.000000,0.000000,0.000000,0.000000
465,7.750047,1,1,-5.364374,27.693842,0.000000,14.531550,7.828856,0.000000,0.000000,0.000000,0.000000,1.000000,0.000000,0.000000,0.000000
466,7.766714,1,1,-5.120304,27.815159,0.000000,14.594122,7.450542,0.000000,0.000000,0.000000,0.000000,1.000000,0.000000,0.000000,0.000000
467,7.783381,1,1,-4.875339,27.930256,0.000000,14.651398,7.076570,0.000000,0.000000,0.000000,0.000000,1.000000,0.000000,0.000000,0.000000
468,7.800047,1,1,-4.629555,28.039202,0.000000,14.703796,6.706693,0.000000,0.000000,0.000000,0.000000,1.000000,0.000000,0.000000,0.000000
469,7.816714,1,1,-4.383024,28.142057,0.000000,14.751700,6.340661,0.000000,0.000000,0.000000,0.000000,1.000000,0.000000,0.000000,0.000000
470,7.833381,1,1,-4.135813,28.238880,0.000000,14.795451,5.978234,0.000000,0.000000,0.000000,0.000000,1.000000,0.000000,0.000000,0.000000
471,7.850048,1,1,-3.887984,28.329725,0.000000,14.835356,5.619175,0.000000,0.000000,0.000000,0.000000,1.000000,0.000000,0.000000,0.000000
472,7.866715,1,1,-3.639592,28.414644,0.000000,14.871692,5.263256,0.000000,0.000000,0.000000,0.000000,1.000000,0.000000,0.000000,0.000000
473,7.883382,1,1,-3.390692,28.493685,0.000000,14.904707,4.910254,0.000000,0.000000,0.000000,0.000000,1.000000,0.000000,0.000000,0.000000
474,7.900049,1,1,-3.141333,28.566893,0.000000,14.934628,4.559953,0.000000,0.000000,0.000000,0.000000,1.000000,0.000000,0.000000,0.000000
475,7.916716,1,1,-2.891562,28.634306,0.000000,14.961650,4.212148,0.000000,0.000000,0.000000,0.000000,1.000000,0.000000,0.000000,0.000000
476,7.933383,1,1,-2.641424,28.695965,0.000000,14.985950,3.866639,0.000000,0.000000,0.000000,0.000000,1.000000,0.000000,0.000000,0.000000
477,7.950049,1,1,-2.390959,28.751902,0.000000,15.007688,3.523233,0.000000,0.000000,0.000000,0.000000,1.000000,0.000000,0.000000,0.000000
478,7.966716,1,1,-2.140207,28.802151,0.000000,15.026998,3.181743,0.000000,0.000000,0.000000,0.000000,1.000000,0.000000,0.000000,0.000000
479,7.983383,1,1,-1.889205,28.846739,0.000000,15.044004,2.841989,0.000000,0.000000,0.000000,0.000000,1.000000,0.000000,0.000000,0.000000
480,8.000050,1,1,-1.637988,28.885691,0.000000,15.058810,2.503795,0.000000,0.000000,0.000000,0.000000,1.000000,0.000000,0.000000,0.000000
481,8.016716,1,1,-1.386593,28.919031,0.000000,15.071507,2.166990,0.000000,0.000000,0.000000,0.000000,1.000000,0.000000,0.000000,0.000000
482,8.033382,1,1,-1.135051,28.946781,0.000000,15.082172,1.831409,0.000000,0.000000,0.000000,0.000000,1.000000,0.000000,0.000000,0.000000
483,8.050049,1,1,-0.883395,28.968956,0.000000,15.090869,1.496886,0.000000,0.000000,0.000000,0.000000,1.000000,0.000000,0.000000,0.000000
484,8.066715,1,1,-0.631657,28.985573,0.000000,15.097649,1.163262,0.000000,0.000000,0.000000,0.000000,1.000000,0.000000,0.000000,0.000000
485,8.083382,1,1,-0.379868,28.996641,0.000000,15.102551,0.830376,0.000000,0.000000,0.000000,0.000000,1.000000,0.000000,0.000000,0.000000
486,8.100048,1,1,-0.128057,29.002174,0.000000,15.105602,0.498070,0.000000,0.000000,0.000000,0.000000,1.000000,0.000000,0.000000,0.000000
487,8.116714,1,1,0.123743,29.002178,0.000000,15.106820,0.166185,0.000000,0.000000,0.000000,0.000000,1.000000,0.000000,0.000000,0.000000
488,8.133381,1,1,0.375503,28.996656,0.000000,15.106209,-0.165436,0.000000,0.000000,0.000000,0.000000,1.000000,0.000000,0.000000,0.000000
489,8.150047,1,1,0.627192,28.985613,0.000000,15.103764,-0.496953,0.000000,0.000000,0.000000,0.000000,1.000000,0.000000,0.000000,0.000000
490,8.166714,1,1,0.878779,28.969046,0.000000,15.099467,-0.828527,0.000000,0.000000,0.000000,0.000000,1.000000,0.000000,0.000000,0.000000
491,8.183380,1,1,1.130233,28.946951,0.000000,15.093292,-1.160322,0.000000,0.000000,0.000000,0.000000,1.000000,0.000000,0.000000,0.000000
492,8.200047,1,1,1.381520,28.919321,0.000000,15.085198,-1.492502,0.000000,0.000000,0.000000,0.000000,1.000000,0.000000,0.000000,0.000000
493,8.216713,1,1,1.632608,28.886150,0.000000,15.075133,-1.825236,0.000000,0.000000,0.000000,0.000000,1.000000,0.000000,0.000000,0.000000
494,8.233379,1,1,1.883463,28.847422,0.000000,15.063035,-2.158697,0.000000,0.000000,0.000000,0.000000,1.000000,0.000000,0.000000,0.000000
495,8.250046,1,1,2.134048,28.803123,0.000000,15.048827,-2.493060,0.000000,0.000000,0.000000,0.000000,1.000000,0.000000,0.000000,0.000000
496,8.266712,1,1,2.384326,28.753239,0.000000,15.032417,-2.828504,0.000000,0.000000,0.000000,0.000000,1.000000,0.000000,0.000000,0.000000
497,8.283379,1,1,2.634258,28.697742,0.000000,15.013702,-3.165214,0.000000,0.000000,0.000000,0.000000,1.000000,0.000000,0.000000,0.000000
498,8.300045,1,1,2.883802,28.636612,0.000000,14.992562,-3.503379,0.000000,0.000000,0.000000,0.000000,1.000000,0.000000,0.000000,0.000000
499,8.316711,1,1,3.132914,28.569817,0.000000,14.968861,-3.843190,0.000000,0.000000,0.000000,0.000000,1.000000,0.000000,0.000000,0.000000
500,8.333378,1,1,3.381549,28.497328,0.000000,14.942444,-4.184846,0.000000,0.000000,0.000000,0.000000,1.000000,0.000000,0.000000,0.000000
501,8.350044,1,1,3.629654,28.419109,0.000000,14.913139,-4.528548,0.000000,0.000000,0.000000,0.000000,1.000000,0.000000,0.000000,0.000000
502,8.366711,1,1,3.877179,28.335125,0.000000,14.880756,-4.874501,0.000000,0.000000,0.000000,0.000000,1.000000,0.000000,0.000000,0.000000
503,8.383377,1,1,4.124067,28.245331,0.000000,14.845080,-5.222916,0.000000,0.000000,0.000000,0.000000,1.000000,0.000000,0.000000,0.000000
504,8.400043,1,1,4.370256,28.149681,0.000000,14.805873,-5.574005,0.000000,0.000000,0.000000,0.000000,1.000000,0.000000,0.000000,0.000000
505,8.416710,1,1,4.615681,28.048126,0.000000,14.762870,-5.927983,0.000000,0.000000,0.000000,0.000000,1.000000,0.000000,0.000000,0.000000
506,8.433376,1,1,4.860273,27.940617,0.000000,14.715785,-6.285069,0.000000,0.000000,0.000000,0.000000,1.000000,0.000000,0.000000,0.000000
507,8.450043,1,1,5.103954,27.827093,0.000000,14.664294,-6.645479,0.000000,0.000000,0.000000,0.000000,1.000000,0.000000,0.000000,0.000000
508,8.466709,1,1,5.346642,27.707497,0.000000,14.608050,-7.009431,0.000000,0.000000,0.000000,0.000000,1.000000,0.000000,0.000000,0.000000
509,8.483376,1,1,5.588247,27.581762,0.000000,14.546664,-7.377139,0.000000,0.000000,0.000000,0.000000,1.000000,0.000000,0.000000,0.000000
510,8.500042,1,1,5.828677,27.449820,0.000000,14.479718,-7.748813,0.000000,0.000000,0.000000,0.000000,1.000000,0.000000,0.000000,0.000000
511,8.516708,1,1,6.067825,27.311604,0.000000,14.406753,-8.124658,0.000000,0.000000,0.000000,0.000000,1.000000,0.000000,0.000000,0.000000
512,8.533375,1,1,6.305578,27.167038,0.000000,14.327266,-8.504863,0.000000,0.000000,0.000000,0.000000,1.000000,0.000000,0.000000,0.000000
513,8.550041,1,1,6.541816,27.016047,0.000000,14.240711,-8.889605,0.000000,0.000000,0.000000,0.000000,1.000000,0.000000,0.000000,0.000000
514,8.566708,1,1,6.776403,26.858553,0.000000,14.146501,-9.279046,0.000000,0.000000,0.000000,0.000000,1.000000,0.000000,0.000000,0.000000
515,8.583374,1,1,7.009198,26.694471,0.000000,14.044002,-9.673322,0.000000,0.000000,0.000000,0.000000,1.000000,0.000000,0.000000,0.000000
516,8.600040,1,1,7.240046,26.523724,0.000000,13.932524,-10.072536,0.000000,0.000000,0.000000,0.000000,1.000000,0.000000,0.000000,0.000000
517,8.616707,1,1,7.468780,26.346222,0.000000,13.811335,-10.476764,0.000000,0.000000,0.000000,0.000000,1.000000,0.000000,0.000000,0.000000
518,8.633373,1,1,7.695217,26.161884,0.000000,13.679649,-10.886034,0.000000,0.000000,0.000000,0.000000,1.000000,0.000000,0.000000,0.000000
519,8.650040,1,1,7.919163,25.970631,0.000000,13.536633,-11.300319,0.000000,0.000000,0.000000,0.000000,1.000000,0.000000,0.000000,0.000000
520,8.666706,1,1,8.140408,25.772377,0.000000,13.381412,-11.719535,0.000000,0.000000,0.000000,0.000000,1.000000,0.000000,0.000000,0.000000
521,8.683372,1,1,8.358726,25.567049,0.000000,13.213061,-12.143527,0.000000,0.000000,0.000000,0.000000,1.000000,0.000000,0.000000,0.000000
522,8.700039,1,1,8.573874,25.354570,0.000000,13.030625,-12.572060,0.000000,0.000000,0.000000,0.000000,1.000000,0.000000,0.000000,0.000000
523,8.716705,1,1,8.785595,25.134872,0.000000,12.833117,-13.004807,0.000000,0.000000,0.000000,0.000000,1.000000,0.000000,0.000000,0.000000
524,8.733372,1,1,8.993612,24.907904,0.000000,12.619526,-13.441337,0.000000,0.000000,0.000000,0.000000,1.000000,0.000000,0.000000,0.000000
525,8.750038,1,1,9.197635,24.673611,0.000000,12.388848,-13.881103,0.000000,0.000000,0.000000,0.000000,1.000000,0.000000,0.000000,0.000000
526,8.766705,1,1,9.397353,24.431961,0.000000,12.140073,-14.323440,0.000000,0.000000,0.000000,0.000000,1.000000,0.000000,0.000000,0.000000
527,8.783371,1,1,9.592443,24.182926,0.000000,11.872228,-14.767543,0.000000,0.000000,0.000000,0.000000,1.000000,0.000000,0.000000,0.000000
528,8.800037,1,1,9.782567,23.926504,0.000000,11.584380,-15.212481,0.000000,0.000000,0.000000,0.000000,1.000000,0.000000,0.000000,0.000000
529,8.816704,1,1,9.967372,23.662706,0.000000,11.275668,-15.657175,0.000000,0.000000,0.000000,0.000000,1.000000,0.000000,0.000000,0.000000
530,8.833370,1,1,10.146493,23.391573,0.000000,10.945333,-16.100401,0.000000,0.000000,0.000000,0.000000,1.000000,0.000000,0.000000,0.000000
531,8.850037,1,1,10.319553,23.113157,0.000000,10.592738,-16.540796,0.000000,0.000000,0.000000,0.000000,1.000000,0.000000,0.000000,0.000000
532,8.866703,1,1,10.486176,22.827545,0.000000,10.217388,-16.976875,0.000000,0.000000,0.000000,0.000000,1.000000,0.000000,0.000000,0.000000
533,8.883369,1,1,10.645974,22.534851,0.000000,9.818970,-17.407045,0.000000,0.000000,0.000000,0.000000,1.000000,0.000000,0.000000,0.000000
534,8.900036,1,1,10.798563,22.235212,0.000000,9.397363,-17.829609,0.000000,0.000000,0.000000,0.000000,1.000000,0.000000,0.000000,0.000000
535,8.916702,1,1,10.943563,21.928802,0.000000,8.952656,-18.242821,0.000000,0.000000,0.000000,0.000000,1.000000,0.000000,0.000000,0.000000
536,8.933369,1,1,11.080596,21.615818,0.000000,8.485165,-18.644892,0.000000,0.000000,0.000000,0.000000,1.000000,0.000000,0.000000,0.000000
537,8.950035,1,1,11.209303,21.296486,0.000000,7.995419,-19.034039,0.000000,0.000000,0.000000,0.000000,1.000000,0.000000,0.000000,0.000000
538,8.966702,1,1,11.329332,20.971071,0.000000,7.484168,-19.408533,0.000000,0.000000,0.000000,0.000000,1.000000,0.000000,0.000000,0.000000
539,8.983368,1,1,11.440353,20.639847,0.000000,6.952386,-19.766699,0.000000,0.000000,0.000000,0.000000,1.000000,0.000000,0.000000,0.000000
540,9.000034,1,1,11.542054,20.303129,0.000000,6.401178,-20.106998,0.000000,0.000000,0.000000,0.000000,1.000000,0.000000,0.000000,0.000000
541,9.016701,1,1,11.634144,19.961248,0.000000,5.831834,-20.428019,0.000000,0.000000,0.000000,0.000000,1.000000,0.000000,0.000000,0.000000
542,9.033367,1,1,11.716358,19.614555,0.000000,5.245725,-20.728527,0.000000,0.000000,0.000000,0.000000,1.000000,0.000000,0.000000,0.000000
543,9.050034,1,1,11.788455,19.263412,0.000000,4.644287,-21.007475,0.000000,0.000000,0.000000,0.000000,1.000000,0.000000,0.000000,0.000000
544,9.066700,1,1,11.850216,18.908199,0.000000,4.028951,-21.264004,0.000000,0.000000,0.000000,0.000000,1.000000,0.000000,0.000000,0.000000
545,9.083366,1,1,11.901446,18.549301,0.000000,3.401123,-21.497458,0.000000,0.000000,0.000000,0.000000,1.000000,0.000000,0.000000,0.000000
546,9.100033,1,1,11.941972,18.187111,0.000000,2.762114,-21.707355,0.000000,0.000000,0.000000,0.000000,1.000000,0.000000,0.000000,0.000000
547,9.116699,1,1,11.971639,17.822027,0.000000,2.113124,-21.893396,0.000000,0.000000,0.000000,0.000000,1.000000,0.000000,0.000000,0.000000
548,9.133366,1,1,11.990305,17.454447,0.000000,1.455208,-22.055412,0.000000,0.000000,0.000000,0.000000,1.000000,0.000000,0.000000,0.000000
549,9.150032,1,1,11.997844,17.084768,0.000000,0.789237,-22.193361,0.000000,0.000000,0.000000,0.000000,1.000000,0.000000,0.000000,0.000000
550,9.166698,1,1,11.994142,16.713392,0.000000,0.115906,-22.307297,0.000000,0.000000,0.000000,0.000000,1.000000,0.000000,0.000000,0.000000
551,9.183365,1,1,11.979085,16.340710,0.000000,-0.564276,-22.397333,0.000000,0.000000,0.000000,0.000000,1.000000,0.000000,0.000000,0.000000
552,9.200031,1,1,11.952570,15.967117,0.000000,-1.250991,-22.463623,0.000000,0.000000,0.000000,0.000000,1.000000,0.000000,0.000000,0.000000
553,9.216698,1,1,11.914492,15.592998,0.000000,-1.944078,-22.506334,0.000000,0.000000,0.000000,0.000000,1.000000,0.000000,0.000000,0.000000
554,9.233364,1,1,11.864744,15.218742,0.000000,-2.643538,-22.525627,0.000000,0.000000,0.000000,0.000000,1.000000,0.000000,0.000000,0.000000
555,9.250031,1,1,11.803216,14.844734,0.000000,-3.349463,-22.521637,0.000000,0.000000,0.000000,0.000000,1.000000,0.000000,0.000000,0.000000
556,9.266697,1,1,11.729796,14.471354,0.000000,-4.062035,-22.494476,0.000000,0.000000,0.000000,0.000000,1.000000,0.000000,0.000000,0.000000
557,9.283363,1,1,11.644368,14.098988,0.000000,-4.781466,-22.444212,0.000000,0.000000,0.000000,0.000000,1.000000,0.000000,0.000000,0.000000
558,9.300030,1,1,11.546813,13.728013,0.000000,-5.507949,-22.370886,0.000000,0.000000,0.000000,0.000000,1.000000,0.000000,0.000000,0.000000
559,9.316696,1,1,11.437008,13.358816,0.000000,-6.241632,-22.274504,0.000000,0.000000,0.000000,0.000000,1.000000,0.000000,0.000000,0.000000
560,9.333363,1,1,11.314832,12.991778,0.000000,-6.982551,-22.155050,0.000000,0.000000,0.000000,0.000000,1.000000,0.000000,0.000000,0.000000
561,9.350029,1,1,11.180166,12.627285,0.000000,-7.730609,-22.012489,0.000000,0.000000,0.000000,0.000000,1.000000,0.000000,0.000000,0.000000
562,9.366695,1,1,11.032898,12.265718,0.000000,-8.485532,-21.846775,0.000000,0.000000,0.000000,0.000000,1.000000,0.000000,0.000000,0.000000
563,9.383362,1,1,10.872923,11.907468,0.000000,-9.246848,-21.657846,0.000000,0.000000,0.000000,0.000000,1.000000,0.000000,0.000000,0.000000
564,9.400028,1,1,10.700150,11.552918,0.000000,-10.013890,-21.445635,0.000000,0.000000,0.000000,0.000000,1.000000,0.000000,0.000000,0.000000
565,9.416695,1,1,10.514503,11.202460,0.000000,-10.785789,-21.210039,0.000000,0.000000,0.000000,0.000000,1.000000,0.000000,0.000000,0.000000
566,9.433361,1,1,10.315928,10.856484,0.000000,-11.561483,-20.950920,0.000000,0.000000,0.000000,0.000000,1.000000,0.000000,0.000000,0.000000
567,9.450027,1,1,10.104387,10.515387,0.000000,-12.339762,-20.668072,0.000000,0.000000,0.000000,0.000000,1.000000,0.000000,0.000000,0.000000
568,9.466694,1,1,9.879872,10.179573,0.000000,-13.119287,-20.361187,0.000000,0.000000,0.000000,0.000000,1.000000,0.000000,0.000000,0.000000
569,9.483360,1,1,9.642392,9.849451,0.000000,-13.898638,-20.029839,0.000000,0.000000,0.000000,0.000000,1.000000,0.000000,0.000000,0.000000
570,9.500027,1,1,9.391983,9.525440,0.000000,-14.676337,-19.673431,0.000000,0.000000,0.000000,0.000000,1.000000,0.000000,0.000000,0.000000
571,9.516693,1,1,9.128712,9.207980,0.000000,-15.450886,-19.291187,0.000000,0.000000,0.000000,0.000000,1.000000,0.000000,0.000000,0.000000
572,9.533360,1,1,8.852662,8.897525,0.000000,-16.220764,-18.882126,0.000000,0.000000,0.000000,0.000000,1.000000,0.000000,0.000000,0.000000
573,9.550026,1,1,8.563949,8.594547,0.000000,-16.984425,-18.445045,0.000000,0.000000,0.000000,0.000000,1.000000,0.000000,0.000000,0.000000
574,9.566692,1,1,8.262709,8.299550,0.000000,-17.740294,-17.978539,0.000000,0.000000,0.000000,0.000000,1.000000,0.000000,0.000000,0.000000
575,9.583359,1,1,7.949111,8.013061,0.000000,-18.486696,-17.481016,0.000000,0.000000,0.000000,0.000000,1.000000,0.000000,0.000000,0.000000
576,9.600025,1,1,7.623358,7.735641,0.000000,-19.221840,-16.950750,0.000000,0.000000,0.000000,0.000000,1.000000,0.000000,0.000000,0.000000
577,9.616692,1,1,7.285680,7.467877,0.000000,-19.943720,-16.385933,0.000000,0.000000,0.000000,0.000000,1.000000,0.000000,0.000000,0.000000
578,9.633358,1,1,6.936351,7.210390,0.000000,-20.650103,-15.784754,0.000000,0.000000,0.000000,0.000000,1.000000,0.000000,0.000000,0.000000
579,9.650024,1,1,6.575688,6.963828,0.000000,-21.338432,-15.145514,0.000000,0.000000,0.000000,0.000000,1.000000,0.000000,0.000000,0.000000
580,9.666691,1,1,6.204061,6.728859,0.000000,-22.005816,-14.466743,0.000000,0.000000,0.000000,0.000000,1.000000,0.000000,0.000000,0.000000
581,9.683357,1,1,5.821896,6.506171,0.000000,-22.648989,-13.747331,0.000000,0.000000,0.000000,0.000000,1.000000,0.000000,0.000000,0.000000
582,9.700024,1,1,5.429680,6.296455,0.000000,-23.264339,-12.986657,0.000000,0.000000,0.000000,0.000000,1.000000,0.000000,0.000000,0.000000
583,9.716690,1,1,5.027972,6.100399,0.000000,-23.847942,-12.184740,0.000000,0.000000,0.000000,0.000000,1.000000,0.000000,0.000000,0.000000
584,9.733356,1,1,4.617399,5.918674,0.000000,-24.395647,-11.342349,0.000000,0.000000,0.000000,0.000000,1.000000,0.000000,0.000000,0.000000
585,9.750023,1,1,4.198660,5.751913,0.000000,-24.903210,-10.461102,0.000000,0.000000,0.000000,0.000000,1.000000,0.000000,0.000000,0.000000
586,9.766689,1,1,3.772525,5.600704,0.000000,-25.366430,-9.543509,0.000000,0.000000,0.000000,0.000000,1.000000,0.000000,0.000000,0.000000
587,9.783356,1,1,3.339828,5.465570,0.000000,-25.781340,-8.592970,0.000000,0.000000,0.000000,0.000000,1.000000,0.000000,0.000000,0.000000
588,9.800022,1,1,2.901458,5.346961,0.000000,-26.144386,-7.613714,0.000000,0.000000,0.000000,0.000000,1.000000,0.000000,0.000000,0.000000
589,9.816689,1,1,2.458349,5.245233,0.000000,-26.452608,-6.610671,0.000000,0.000000,0.000000,0.000000,1.000000,0.000000,0.000000,0.000000
590,9.833355,1,1,2.011469,5.160653,0.000000,-26.703760,-5.589284,0.000000,0.000000,0.000000,0.000000,1.000000,0.000000,0.000000,0.000000
591,9.850021,1,1,1.561802,5.093389,0.000000,-26.896441,-4.555310,0.000000,0.000000,0.000000,0.000000,1.000000,0.000000,0.000000,0.000000
592,9.866688,1,1,1.110333,5.043509,0.000000,-27.030121,-3.514560,0.000000,0.000000,0.000000,0.000000,1.000000,0.000000,0.000000,0.000000
593,9.883354,1,1,0.658038,5.010993,0.000000,-27.105137,-2.472675,0.000000,0.000000,0.000000,0.000000,1.000000,0.000000,0.000000,0.000000
594,9.900021,1,1,0.205867,4.995732,0.000000,-27.122618,-1.434913,0.000000,0.000000,0.000000,0.000000,1.000000,0.000000,0.000000,0.000000
595,9.916687,1,1,-0.245267,4.997547,0.000000,-27.084379,-0.405979,0.000000,0.000000,0.000000,0.000000,1.000000,0.000000,0.000000,0.000000
596,9.933353,1,1,-0.694491,5.016192,0.000000,-26.992794,0.610091,0.000000,0.000000,0.000000,0.000000,1.000000,0.000000,0.000000,0.000000
597,9.950020,1,1,-1.140984,5.051376,0.000000,-26.850628,1.609991,0.000000,0.000000,0.000000,0.000000,1.000000,0.000000,0.000000,0.000000
598,9.966686,1,1,-1.583975,5.102770,0.000000,-26.660892,2.591151,0.000000,0.000000,0.000000,0.000000,1.000000,0.000000,0.000000,0.000000
599,9.983353,1,1,-2.022745,5.170018,0.000000,-26.426720,3.551695,0.000000,0.000000,0.000000,0.000000,1.000000,0.000000,0.000000,0.000000
600,10.000019,1,1,-2.456631,5.252748,0.000000,-26.151236,4.490373,0.000000,0.000000,0.000000,0.000000,1.000000,0.000000,0.000000,0.000000
601,10.016685,1,1,-2.885014,5.350578,0.000000,-25.837482,5.406448,0.000000,0.000000,0.000000,0.000000,1.000000,0.000000,0.000000,0.000000
602,10.033352,1,1,-3.307327,5.463128,0.000000,-25.488354,6.299594,0.000000,0.000000,0.000000,0.000000,1.000000,0.000000,0.000000,0.000000
603,10.050018,1,1,-3.723042,5.590015,0.000000,-25.106569,7.169778,0.000000,0.000000,0.000000,0.000000,1.000000,0.000000,0.000000,0.000000
604,10.066685,1,1,-4.131677,5.730864,0.000000,-24.694656,8.017140,0.000000,0.000000,0.000000,0.000000,1.000000,0.000000,0.000000,0.000000
605,10.083351,1,1,-4.532784,5.885299,0.000000,-24.254950,8.841902,0.000000,0.000000,0.000000,0.000000,1.000000,0.000000,0.000000,0.000000
606,10.100018,1,1,-4.925948,6.052952,0.000000,-23.789606,9.644275,0.000000,0.000000,0.000000,0.000000,1.000000,0.000000,0.000000,0.000000
607,10.116684,1,1,-5.310791,6.233454,0.000000,-23.300638,10.424405,0.000000,0.000000,0.000000,0.000000,1.000000,0.000000,0.000000,0.000000
608,10.133350,1,1,-5.686961,6.426436,0.000000,-22.789907,11.182323,0.000000,0.000000,0.000000,0.000000,1.000000,0.000000,0.000000,0.000000
609,10.150017,1,1,-6.054135,6.631527,0.000000,-22.259163,11.917920,0.000000,0.000000,0.000000,0.000000,1.000000,0.000000,0.000000,0.000000
610,10.166683,1,1,-6.412020,6.848351,0.000000,-21.710039,12.630942,0.000000,0.000000,0.000000,0.000000,1.000000,0.000000,0.000000,0.000000
611,10.183350,1,1,-6.760342,7.076521,0.000000,-21.144060,13.321016,0.000000,0.000000,0.000000,0.000000,1.000000,0.000000,0.000000,0.000000
612,10.200016,1,1,-7.098852,7.315646,0.000000,-20.562641,13.987652,0.000000,0.000000,0.000000,0.000000,1.000000,0.000000,0.000000,0.000000
613,10.216682,1,1,-7.427325,7.565321,0.000000,-19.967075,14.630287,0.000000,0.000000,0.000000,0.000000,1.000000,0.000000,0.000000,0.000000
614,10.233349,1,1,-7.745551,7.825132,0.000000,-19.358530,15.248330,0.000000,0.000000,0.000000,0.000000,1.000000,0.000000,0.000000,0.000000
615,10.250015,1,1,-8.053335,8.094656,0.000000,-18.738039,15.841171,0.000000,0.000000,0.000000,0.000000,1.000000,0.000000,0.000000,0.000000
616,10.266682,1,1,-8.350499,8.373458,0.000000,-18.106493,16.408230,0.000000,0.000000,0.000000,0.000000,1.000000,0.000000,0.000000,0.000000
617,10.283348,1,1,-8.636877,8.661095,0.000000,-17.464643,16.948954,0.000000,0.000000,0.000000,0.000000,1.000000,0.000000,0.000000,0.000000
618,10.300014,1,1,-8.912310,8.957117,0.000000,-16.813105,17.462841,0.000000,0.000000,0.000000,0.000000,1.000000,0.000000,0.000000,0.000000
619,10.316681,1,1,-9.176645,9.261066,0.000000,-16.152376,17.949434,0.000000,0.000000,0.000000,0.000000,1.000000,0.000000,0.000000,0.000000
620,10.333347,1,1,-9.429740,9.572475,0.000000,-15.482863,18.408316,0.000000,0.000000,0.000000,0.000000,1.000000,0.000000,0.000000,0.000000
621,10.350014,1,1,-9.671452,9.890873,0.000000,-14.804904,18.839087,0.000000,0.000000,0.000000,0.000000,1.000000,0.000000,0.000000,0.000000
622,10.366680,1,1,-9.901649,10.215778,0.000000,-14.118807,19.241367,0.000000,0.000000,0.000000,0.000000,1.000000,0.000000,0.000000,0.000000
623,10.383347,1,1,-10.120199,10.546712,0.000000,-13.424895,19.614780,0.000000,0.000000,0.000000,0.000000,1.000000,0.000000,0.000000,0.000000
624,10.400013,1,1,-10.326982,10.883178,0.000000,-12.723519,19.958937,0.000000,0.000000,0.000000,0.000000,1.000000,0.000000,0.000000,0.000000
625,10.416679,1,1,-10.521882,11.224679,0.000000,-12.015129,20.273426,0.000000,0.000000,0.000000,0.000000,1.000000,0.000000,0.000000,0.000000
626,10.433346,1,1,-10.704793,11.570707,0.000000,-11.300282,20.557833,0.000000,0.000000,0.000000,0.000000,1.000000,0.000000,0.000000,0.000000
627,10.450012,1,1,-10.875626,11.920753,0.000000,-10.579697,20.811735,0.000000,0.000000,0.000000,0.000000,1.000000,0.000000,0.000000,0.000000
628,10.466679,1,1,-11.034302,12.274294,0.000000,-9.854244,21.034729,0.000000,0.000000,0.000000,0.000000,1.000000,0.000000,0.000000,0.000000
629,10.483345,1,1,-11.180767,12.630802,0.000000,-9.124990,21.226433,0.000000,0.000000,0.000000,0.000000,1.000000,0.000000,0.000000,0.000000
630,10.500011,1,1,-11.314987,12.989750,0.000000,-8.393193,21.386536,0.000000,0.000000,0.000000,0.000000,1.000000,0.000000,0.000000,0.000000
631,10.516678,1,1,-11.436954,13.350601,0.000000,-7.660282,21.514811,0.000000,0.000000,0.000000,0.000000,1.000000,0.000000,0.000000,0.000000
632,10.533344,1,1,-11.546689,13.712819,0.000000,-6.927861,21.611149,0.000000,0.000000,0.000000,0.000000,1.000000,0.000000,0.000000,0.000000
633,10.550011,1,1,-11.644240,14.075872,0.000000,-6.197687,21.675594,0.000000,0.000000,0.000000,0.000000,1.000000,0.000000,0.000000,0.000000
634,10.566677,1,1,-11.729692,14.439230,0.000000,-5.471614,21.708359,0.000000,0.000000,0.000000,0.000000,1.000000,0.000000,0.000000,0.000000
635,10.583344,1,1,-11.803159,14.802372,0.000000,-4.751574,21.709846,0.000000,0.000000,0.000000,0.000000,1.000000,0.000000,0.000000,0.000000
636,10.600010,1,1,-11.864789,15.164790,0.000000,-4.039520,21.680658,0.000000,0.000000,0.000000,0.000000,1.000000,0.000000,0.000000,0.000000
637,10.616676,1,1,-11.914763,15.525991,0.000000,-3.337390,21.621607,0.000000,0.000000,0.000000,0.000000,1.000000,0.000000,0.000000,0.000000
638,10.633343,1,1,-11.953295,15.885498,0.000000,-2.647050,21.533697,0.000000,0.000000,0.000000,0.000000,1.000000,0.000000,0.000000,0.000000
639,10.650009,1,1,-11.980621,16.242857,0.000000,-1.970269,21.418125,0.000000,0.000000,0.000000,0.000000,1.000000,0.000000,0.000000,0.000000
640,10.666676,1,1,-11.997010,16.597639,0.000000,-1.308663,21.276245,0.000000,0.000000,0.000000,0.000000,1.000000,0.000000,0.000000,0.000000
641,10.683342,1,1,-12.002750,16.949440,0.000000,-0.663678,21.109556,0.000000,0.000000,0.000000,0.000000,1.000000,0.000000,0.000000,0.000000
642,10.700008,1,1,-11.998151,17.297880,0.000000,-0.036562,20.919668,0.000000,0.000000,0.000000,0.000000,1.000000,0.000000,0.000000,0.000000
643,10.716675,1,1,-11.983536,17.642620,0.000000,0.571632,20.708269,0.000000,0.000000,0.000000,0.000000,1.000000,0.000000,0.000000,0.000000
644,10.733341,1,1,-11.959241,17.983334,0.000000,1.160096,20.477087,0.000000,0.000000,0.000000,0.000000,1.000000,0.000000,0.000000,0.000000
645,10.750008,1,1,-11.925612,18.319740,0.000000,1.728194,20.227877,0.000000,0.000000,0.000000,0.000000,1.000000,0.000000,0.000000,0.000000
646,10.766674,1,1,-11.883000,18.651575,0.000000,2.275537,19.962376,0.000000,0.000000,0.000000,0.000000,1.000000,0.000000,0.000000,0.000000
647,10.783340,1,1,-11.831756,18.978607,0.000000,2.801887,19.682281,0.000000,0.000000,0.000000,0.000000,1.000000,0.000000,0.000000,0.000000
648,10.800007,1,1,-11.772235,19.300632,0.000000,3.307200,19.389244,0.000000,0.000000,0.000000,0.000000,1.000000,0.000000,0.000000,0.000000
649,10.816673,1,1,-11.704782,19.617477,0.000000,3.791583,19.084845,0.000000,0.000000,0.000000,0.000000,1.000000,0.000000,0.000000,0.000000
650,10.833340,1,1,-11.629745,19.928982,0.000000,4.255288,18.770563,0.000000,0.000000,0.000000,0.000000,1.000000,0.000000,0.000000,0.000000
651,10.850006,1,1,-11.547456,20.235020,0.000000,4.698658,18.447805,0.000000,0.000000,0.000000,0.000000,1.000000,0.000000,0.000000,0.000000
652,10.866673,1,1,-11.458250,20.535475,0.000000,5.122148,18.117861,0.000000,0.000000,0.000000,0.000000,1.000000,0.000000,0.000000,0.000000
653,10.883339,1,1,-11.362443,20.830261,0.000000,5.526268,17.781939,0.000000,0.000000,0.000000,0.000000,1.000000,0.000000,0.000000,0.000000
654,10.900005,1,1,-11.260345,21.119305,0.000000,5.911604,17.441137,0.000000,0.000000,0.000000,0.000000,1.000000,0.000000,0.000000,0.000000
655,10.916672,1,1,-11.152255,21.402548,0.000000,6.278770,17.096460,0.000000,0.000000,0.000000,0.000000,1.000000,0.000000,0.000000,0.000000
656,10.933338,1,1,-11.038461,21.679947,0.000000,6.628406,16.748819,0.000000,0.000000,0.000000,0.000000,1.000000,0.000000,0.000000,0.000000
657,10.950005,1,1,-10.919241,21.951475,0.000000,6.961170,16.399042,0.000000,0.000000,0.000000,0.000000,1.000000,0.000000,0.000000,0.000000
658,10.966671,1,1,-10.794858,22.217110,0.000000,7.277724,16.047871,0.000000,0.000000,0.000000,0.000000,1.000000,0.000000,0.000000,0.000000
659,10.983337,1,1,-10.665571,22.476847,0.000000,7.578720,15.695970,0.000000,0.000000,0.000000,0.000000,1.000000,0.000000,0.000000,0.000000
660,11.000004,1,1,-10.531623,22.730688,0.000000,7.864811,15.343943,0.000000,0.000000,0.000000,0.000000,1.000000,0.000000,0.000000,0.000000
661,11.016670,1,1,-10.393246,22.978647,0.000000,8.136632,14.992320,0.000000,0.000000,0.000000,0.000000,1.000000,0.000000,0.000000,0.000000
662,11.033337,1,1,-10.250665,23.220739,0.000000,8.394798,14.641578,0.000000,0.000000,0.000000,0.000000,1.000000,0.000000,0.000000,0.000000
663,11.050003,1,1,-10.104094,23.456989,0.000000,8.639905,14.292140,0.000000,0.000000,0.000000,0.000000,1.000000,0.000000,0.000000,0.000000
664,11.066669,1,1,-9.953735,23.687429,0.000000,8.872523,13.944386,0.000000,0.000000,0.000000,0.000000,1.000000,0.000000,0.000000,0.000000
665,11.083336,1,1,-9.799786,23.912098,0.000000,9.093206,13.598644,0.000000,0.000000,0.000000,0.000000,1.000000,0.000000,0.000000,0.000000
666,11.100002,1,1,-9.642431,24.131031,0.000000,9.302481,13.255211,0.000000,0.000000,0.000000,0.000000,1.000000,0.000000,0.000000,0.000000
667,11.116669,1,1,-9.481853,24.344275,0.000000,9.500849,12.914347,0.000000,0.000000,0.000000,0.000000,1.000000,0.000000,0.000000,0.000000
668,11.133335,1,1,-9.318219,24.551880,0.000000,9.688795,12.576279,0.000000,0.000000,0.000000,0.000000,1.000000,0.000000,0.000000,0.000000
669,11.150002,1,1,-9.151695,24.753897,0.000000,9.866779,12.241203,0.000000,0.000000,0.000000,0.000000,1.000000,0.000000,0.000000,0.000000
670,11.166668,1,1,-8.982433,24.950382,0.000000,10.035240,11.909296,0.000000,0.000000,0.000000,0.000000,1.000000,0.000000,0.000000,0.000000
671,11.183334,1,1,-8.810585,25.141390,0.000000,10.194604,11.580698,0.000000,0.000000,0.000000,0.000000,1.000000,0.000000,0.000000,0.000000
672,11.200001,1,1,-8.636294,25.326977,0.000000,10.345269,11.255539,0.000000,0.000000,0.000000,0.000000,1.000000,0.000000,0.000000,0.000000
673,11.216667,1,1,-8.459698,25.507206,0.000000,10.487625,10.933927,0.000000,0.000000,0.000000,0.000000,1.000000,0.000000,0.000000,0.000000
674,11.233334,1,1,-8.280925,25.682138,0.000000,10.622041,10.615942,0.000000,0.000000,0.000000,0.000000,1.000000,0.000000,0.000000,0.000000
675,11.250000,1,1,-8.100099,25.851835,0.000000,10.748872,10.301658,0.000000,0.000000,0.000000,0.000000,1.000000,0.000000,0.000000,0.000000
676,11.266666,1,1,-7.917336,26.016363,0.000000,10.868460,9.991122,0.000000,0.000000,0.000000,0.000000,1.000000,0.000000,0.000000,0.000000
677,11.283333,1,1,-7.732755,26.175783,0.000000,10.981138,9.684369,0.000000,0.000000,0.000000,0.000000,1.000000,0.000000,0.000000,0.000000
678,11.299999,1,1,-7.546462,26.330160,0.000000,11.087219,9.381425,0.000000,0.000000,0.000000,0.000000,1.000000,0.000000,0.000000,0.000000
679,11.316666,1,1,-7.358559,26.479557,0.000000,11.187012,9.082298,0.000000,0.000000,0.000000,0.000000,1.000000,0.000000,0.000000,0.000000
680,11.333332,1,1,-7.169145,26.624041,0.000000,11.280808,8.786986,0.000000,0.000000,0.000000,0.000000,1.000000,0.000000,0.000000,0.000000
681,11.349998,1,1,-6.978314,26.763674,0.000000,11.368896,8.495470,0.000000,0.000000,0.000000,0.000000,1.000000,0.000000,0.000000,0.000000
682,11.366665,1,1,-6.786155,26.898516,0.000000,11.451548,8.207727,0.000000,0.000000,0.000000,0.000000,1.000000,0.000000,0.000000,0.000000
683,11.383331,1,1,-6.592754,27.028635,0.000000,11.529030,7.923725,0.000000,0.000000,0.000000,0.000000,1.000000,0.000000,0.000000,0.000000
684,11.399998,1,1,-6.398190,27.154087,0.000000,11.601600,7.643414,0.000000,0.000000,0.000000,0.000000,1.000000,0.000000,0.000000,0.000000
685,11.416664,1,1,-6.202542,27.274939,0.000000,11.669504,7.366745,0.000000,0.000000,0.000000,0.000000,1.000000,0.000000,0.000000,0.000000
686,11.433331,1,1,-6.005880,27.391243,0.000000,11.732982,7.093655,0.000000,0.000000,0.000000,0.000000,1.000000,0.000000,0.000000,0.000000
687,11.449997,1,1,-5.808274,27.503067,0.000000,11.792263,6.824078,0.000000,0.000000,0.000000,0.000000,1.000000,0.000000,0.000000,0.000000
688,11.466663,1,1,-5.609788,27.610462,0.000000,11.847570,6.557937,0.000000,0.000000,0.000000,0.000000,1.000000,0.000000,0.000000,0.000000
689,11.483330,1,1,-5.410486,27.713484,0.000000,11.899118,6.295152,0.000000,0.000000,0.000000,0.000000,1.000000,0.000000,0.000000,0.000000
690,11.499996,1,1,-5.210423,27.812191,0.000000,11.947112,6.035638,0.000000,0.000000,0.000000,0.000000,1.000000,0.000000,0.000000,0.000000
691,11.516663,1,1,-5.009655,27.906631,0.000000,11.991749,5.779300,0.000000,0.000000,0.000000,0.000000,1.000000,0.000000,0.000000,0.000000
692,11.533329,1,1,-4.808237,27.996859,0.000000,12.033221,5.526045,0.000000,0.000000,0.000000,0.000000,1.000000,0.000000,0.000000,0.000000
693,11.549995,1,1,-4.606214,28.082922,0.000000,12.071707,5.275773,0.000000,0.000000,0.000000,0.000000,1.000000,0.000000,0.000000,0.000000
694,11.566662,1,1,-4.403634,28.164871,0.000000,12.107383,5.028378,0.000000,0.000000,0.000000,0.000000,1.000000,0.000000,0.000000,0.000000
695,11.583328,1,1,-4.200539,28.242748,0.000000,12.140416,4.783754,0.000000,0.000000,0.000000,0.000000,1.000000,0.000000,0.000000,0.000000
696,11.599995,1,1,-3.996972,28.316599,0.000000,12.170965,4.541790,0.000000,0.000000,0.000000,0.000000,1.000000,0.000000,0.000000,0.000000
697,11.616661,1,1,-3.792969,28.386467,0.000000,12.199181,4.302372,0.000000,0.000000,0.000000,0.000000,1.000000,0.000000,0.000000,0.000000
698,11.633327,1,1,-3.588567,28.452391,0.000000,12.225207,4.065384,0.000000,0.000000,0.000000,0.000000,1.000000,0.000000,0.000000,0.000000
699,11.649994,1,1,-3.383799,28.514410,0.000000,12.249181,3.830708,0.000000,0.000000,0.000000,0.000000,1.000000,0.000000,0.000000,0.000000
700,11.666660,1,1,-3.178697,28.572559,0.000000,12.271231,3.598222,0.000000,0.000000,0.000000,0.000000,1.000000,0.000000,0.000000,0.000000
701,11.683327,1,1,-2.973289,28.626871,0.000000,12.291477,3.367804,0.000000,0.000000,0.000000,0.000000,1.000000,0.000000,0.000000,0.000000
702,11.699993,1,1,-2.767605,28.677383,0.000000,12.310038,3.139330,0.000000,0.000000,0.000000,0.000000,1.000000,0.000000,0.000000,0.000000
703,11.716660,1,1,-2.561669,28.724121,0.000000,12.327016,2.912673,0.000000,0.000000,0.000000,0.000000,1.000000,0.000000,0.000000,0.000000
704,11.733326,1,1,-2.355506,28.767115,0.000000,12.342513,2.687706,0.000000,0.000000,0.000000,0.000000,1.000000,0.000000,0.000000,0.000000
705,11.749992,1,1,-2.149138,28.806385,0.000000,12.356622,2.464299,0.000000,0.000000,0.000000,0.000000,1.000000,0.000000,0.000000,0.000000
706,11.766659,1,1,-1.942588,28.841961,0.000000,12.369428,2.242325,0.000000,0.000000,0.000000,0.000000,1.000000,0.000000,0.000000,0.000000
707,11.783325,1,1,-1.735875,28.873861,0.000000,12.381009,2.021650,0.000000,0.000000,0.000000,0.000000,1.000000,0.000000,0.000000,0.000000
708,11.799992,1,1,-1.529018,28.902109,0.000000,12.391438,1.802143,0.000000,0.000000,0.000000,0.000000,1.000000,0.000000,0.000000,0.000000
709,11.816658,1,1,-1.322034,28.926714,0.000000,12.400777,1.583669,0.000000,0.000000,0.000000,0.000000,1.000000,0.000000,0.000000,0.000000
710,11.833324,1,1,-1.114942,28.947697,0.000000,12.409083,1.366096,0.000000,0.000000,0.000000,0.000000,1.000000,0.000000,0.000000,0.000000
711,11.849991,1,1,-0.907757,28.965069,0.000000,12.416409,1.149288,0.000000,0.000000,0.000000,0.000000,1.000000,0.000000,0.000000,0.000000
712,11.866657,1,1,-0.700494,28.978836,0.000000,12.422794,0.933111,0.000000,0.000000,0.000000,0.000000,1.000000,0.000000,0.000000,0.000000
713,11.883324,1,1,-0.493169,28.989008,0.000000,12.428278,0.717429,0.000000,0.000000,0.000000,0.000000,1.000000,0.000000,0.000000,0.000000
714,11.899990,1,1,-0.285796,28.995594,0.000000,12.432886,0.502104,0.000000,0.000000,0.000000,0.000000,1.000000,0.000000,0.000000,0.000000
715,11.916656,1,1,-0.078389,28.998596,0.000000,12.436644,0.287001,0.000000,0.000000,0.000000,0.000000,1.000000,0.000000,0.000000,0.000000
716,11.933323,1,1,0.129038,28.998013,0.000000,12.439564,0.071982,0.000000,0.000000,0.000000,0.000000,1.000000,0.000000,0.000000,0.000000
717,11.949989,1,1,0.336471,28.993843,0.000000,12.441654,-0.143090,0.000000,0.000000,0.000000,0.000000,1.000000,0.000000,0.000000,0.000000
718,11.966656,1,1,0.543897,28.986086,0.000000,12.442918,-0.358351,0.000000,0.000000,0.000000,0.000000,1.000000,0.000000,0.000000,0.000000
719,11.983322,1,1,0.751301,28.974733,0.000000,12.443346,-0.573941,0.000000,0.000000,0.000000,0.000000,1.000000,0.000000,0.000000,0.000000
720,11.999989,1,1,0.958668,28.959778,0.000000,12.442928,-0.789995,0.000000,0.000000,0.000000,0.000000,1.000000,0.000000,0.000000,0.000000
721,12.016655,1,1,1.165986,28.941210,0.000000,12.441641,-1.006651,0.000000,0.000000,0.000000,0.000000,1.000000,0.000000,0.000000,0.000000
722,12.033321,1,1,1.373237,28.919014,0.000000,12.439458,-1.224046,0.000000,0.000000,0.000000,0.000000,1.000000,0.000000,0.000000,0.000000
723,12.049988,1,1,1.580407,28.893179,0.000000,12.436341,-1.442316,0.000000,0.000000,0.000000,0.000000,1.000000,0.000000,0.000000,0.000000
724,12.066654,1,1,1.787479,28.863686,0.000000,12.432250,-1.661596,0.000000,0.000000,0.000000,0.000000,1.000000,0.000000,0.000000,0.000000
725,12.083321,1,1,1.994436,28.830515,0.000000,12.427134,-1.882022,0.000000,0.000000,0.000000,0.000000,1.000000,0.000000,0.000000,0.000000
726,12.099987,1,1,2.201258,28.793644,0.000000,12.420935,-2.103728,0.000000,0.000000,0.000000,0.000000,1.000000,0.000000,0.000000,0.000000
727,12.116653,1,1,2.407928,28.753050,0.000000,12.413588,-2.326848,0.000000,0.000000,0.000000,0.000000,1.000000,0.000000,0.000000,0.000000
728,12.133320,1,1,2.614423,28.708708,0.000000,12.405016,-2.551512,0.000000,0.000000,0.000000,0.000000,1.000000,0.000000,0.000000,0.000000
729,12.149986,1,1,2.820722,28.660587,0.000000,12.395142,-2.777851,0.000000,0.000000,0.000000,0.000000,1.000000,0.000000,0.000000,0.000000
730,12.166653,1,1,3.026801,28.608660,0.000000,12.383875,-3.005996,0.000000,0.000000,0.000000,0.000000,1.000000,0.000000,0.000000,0.000000
731,12.183319,1,1,3.232634,28.552891,0.000000,12.371119,-3.236072,0.000000,0.000000,0.000000,0.000000,1.000000,0.000000,0.000000,0.000000
732,12.199986,1,1,3.438196,28.493248,0.000000,12.356766,-3.468204,0.000000,0.000000,0.000000,0.000000,1.000000,0.000000,0.000000,0.000000
733,12.216652,1,1,3.643456,28.429693,0.000000,12.340702,-3.702519,0.000000,0.000000,0.000000,0.000000,1.000000,0.000000,0.000000,0.000000
734,12.233318,1,1,3.848382,28.362186,0.000000,12.322807,-3.939134,0.000000,0.000000,0.000000,0.000000,1.000000,0.000000,0.000000,0.000000
735,12.249985,1,1,4.052943,28.290691,0.000000,12.302950,-4.178168,0.000000,0.000000,0.000000,0.000000,1.000000,0.000000,0.000000,0.000000
736,12.266651,1,1,4.257101,28.215164,0.000000,12.280988,-4.419736,0.000000,0.000000,0.000000,0.000000,1.000000,0.000000,0.000000,0.000000
737,12.283318,1,1,4.460817,28.135557,0.000000,12.256773,-4.663948,0.000000,0.000000,0.000000,0.000000,1.000000,0.000000,0.000000,0.000000
738,12.299984,1,1,4.664053,28.051828,0.000000,12.230147,-4.910913,0.000000,0.000000,0.000000,0.000000,1.000000,0.000000,0.000000,0.000000
739,12.316650,1,1,4.866764,27.963928,0.000000,12.200944,-5.160734,0.000000,0.000000,0.000000,0.000000,1.000000,0.000000,0.000000,0.000000
740,12.333317,1,1,5.068901,27.871807,0.000000,12.168983,-5.413511,0.000000,0.000000,0.000000,0.000000,1.000000,0.000000,0.000000,0.000000
741,12.349983,1,1,5.270417,27.775414,0.000000,12.134081,-5.669336,0.000000,0.000000,0.000000,0.000000,1.000000,0.000000,0.000000,0.000000
742,12.366650,1,1,5.471256,27.674700,0.000000,12.096039,-5.928303,0.000000,0.000000,0.000000,0.000000,1.000000,0.000000,0.000000,0.000000
743,12.383316,1,1,5.671362,27.569607,0.000000,12.054651,-6.190489,0.000000,0.000000,0.000000,0.000000,1.000000,0.000000,0.000000,0.000000
744,12.399982,1,1,5.870673,27.460081,0.000000,12.009699,-6.455973,0.000000,0.000000,0.000000,0.000000,1.000000,0.000000,0.000000,0.000000
745,12.416649,1,1,6.069127,27.346067,0.000000,11.960957,-6.724824,0.000000,0.000000,0.000000,0.000000,1.000000,0.000000,0.000000,0.000000
746,12.433315,1,1,6.266654,27.227509,0.000000,11.908185,-6.997107,0.000000,0.000000,0.000000,0.000000,1.000000,0.000000,0.000000,0.000000
747,12.449982,1,1,6.463183,27.104347,0.000000,11.851136,-7.272874,0.000000,0.000000,0.000000,0.000000,1.000000,0.000000,0.000000,0.000000
748,12.466648,1,1,6.658635,26.976522,0.000000,11.789544,-7.552172,0.000000,0.000000,0.000000,0.000000,1.000000,0.000000,0.000000,0.000000
749,12.483315,1,1,6.852930,26.843975,0.000000,11.723141,-7.835033,0.000000,0.000000,0.000000,0.000000,1.000000,0.000000,0.000000,0.000000
750,12.499981,1,1,7.045979,26.706650,0.000000,11.651642,-8.121487,0.000000,0.000000,0.000000,0.000000,1.000000,0.000000,0.000000,0.000000
751,12.516647,1,1,7.237693,26.564487,0.000000,11.574753,-8.411542,0.000000,0.000000,0.000000,0.000000,1.000000,0.000000,0.000000,0.000000
752,12.533314,1,1,7.427973,26.417421,0.000000,11.492170,-8.705203,0.000000,0.000000,0.000000,0.000000,1.000000,0.000000,0.000000,0.000000
753,12.549980,1,1,7.616719,26.265396,0.000000,11.403574,-9.002459,0.000000,0.000000,0.000000,0.000000,1.000000,0.000000,0.000000,0.000000
754,12.566647,1,1,7.803824,26.108356,0.000000,11.308631,-9.303284,0.000000,0.000000,0.000000,0.000000,1.000000,0.000000,0.000000,0.000000
755,12.583313,1,1,7.989172,25.946239,0.000000,11.206999,-9.607635,0.000000,0.000000,0.000000,0.000000,1.000000,0.000000,0.000000,0.000000
756,12.599979,1,1,8.172645,25.778990,0.000000,11.098327,-9.915454,0.000000,0.000000,0.000000,0.000000,1.000000,0.000000,0.000000,0.000000
757,12.616646,1,1,8.354116,25.606554,0.000000,10.982248,-10.226665,0.000000,0.000000,0.000000,0.000000,1.000000,0.000000,0.000000,0.000000
758,12.633312,1,1,8.533456,25.428877,0.000000,10.858386,-10.541171,0.000000,0.000000,0.000000,0.000000,1.000000,0.000000,0.000000,0.000000
759,12.649979,1,1,8.710523,25.245907,0.000000,10.726354,-10.858859,0.000000,0.000000,0.000000,0.000000,1.000000,0.000000,0.000000,0.000000
760,12.666645,1,1,8.885175,25.057592,0.000000,10.585752,-11.179585,0.000000,0.000000,0.000000,0.000000,1.000000,0.000000,0.000000,0.000000
761,12.683311,1,1,9.057259,24.863894,0.000000,10.436172,-11.503195,0.000000,0.000000,0.000000,0.000000,1.000000,0.000000,0.000000,0.000000
762,12.699978,1,1,9.226616,24.664759,0.000000,10.277195,-11.829489,0.000000,0.000000,0.000000,0.000000,1.000000,0.000000,0.000000,0.000000
763,12.716644,1,1,9.393082,24.460155,0.000000,10.108394,-12.158261,0.000000,0.000000,0.000000,0.000000,1.000000,0.000000,0.000000,0.000000
764,12.733311,1,1,9.556480,24.250046,0.000000,9.929340,-12.489264,0.000000,0.000000,0.000000,0.000000,1.000000,0.000000,0.000000,0.000000
765,12.749977,1,1,9.716631,24.034401,0.000000,9.739594,-12.822221,0.000000,0.000000,0.000000,0.000000,1.000000,0.000000,0.000000,0.000000
766,12.766644,1,1,9.873345,23.813194,0.000000,9.538713,-13.156821,0.000000,0.000000,0.000000,0.000000,1.000000,0.000000,0.000000,0.000000
767,12.783310,1,1,10.026432,23.586407,0.000000,9.326254,-13.492724,0.000000,0.000000,0.000000,0.000000,1.000000,0.000000,0.000000,0.000000
768,12.799976,1,1,10.175684,23.354031,0.000000,9.101768,-13.829554,0.000000,0.000000,0.000000,0.000000,1.000000,0.000000,0.000000,0.000000
769,12.816643,1,1,10.320893,23.116056,0.000000,8.864823,-14.166886,0.000000,0.000000,0.000000,0.000000,1.000000,0.000000,0.000000,0.000000
770,12.833309,1,1,10.461843,22.872486,0.000000,8.614978,-14.504270,0.000000,0.000000,0.000000,0.000000,1.000000,0.000000,0.000000,0.000000
771,12.849976,1,1,10.598308,22.623335,0.000000,8.351801,-14.841206,0.000000,0.000000,0.000000,0.000000,1.000000,0.000000,0.000000,0.000000
772,12.866642,1,1,10.730058,22.368620,0.000000,8.074888,-15.177155,0.000000,0.000000,0.000000,0.000000,1.000000,0.000000,0.000000,0.000000
773,12.883308,1,1,10.856854,22.108372,0.000000,7.783833,-15.511538,0.000000,0.000000,0.000000,0.000000,1.000000,0.000000,0.000000,0.000000
774,12.899975,1,1,10.978455,21.842632,0.000000,7.478259,-15.843727,0.000000,0.000000,0.000000,0.000000,1.000000,0.000000,0.000000,0.000000
775,12.916641,1,1,11.094611,21.571455,0.000000,7.157813,-16.173056,0.000000,0.000000,0.000000,0.000000,1.000000,0.000000,0.000000,0.000000
776,12.933308,1,1,11.205065,21.294903,0.000000,6.822169,-16.498814,0.000000,0.000000,0.000000,0.000000,1.000000,0.000000,0.000000,0.000000
777,12.949974,1,1,11.309561,21.013056,0.000000,6.471039,-16.820248,0.000000,0.000000,0.000000,0.000000,1.000000,0.000000,0.000000,0.000000
778,12.966640,1,1,11.407833,20.726004,0.000000,6.104171,-17.136564,0.000000,0.000000,0.000000,0.000000,1.000000,0.000000,0.000000,0.000000
779,12.983307,1,1,11.499619,20.433849,0.000000,5.721358,-17.446934,0.000000,0.000000,0.000000,0.000000,1.000000,0.000000,0.000000,0.000000
780,12.999973,1,1,11.584646,20.136715,0.000000,5.322435,-17.750494,0.000000,0.000000,0.000000,0.000000,1.000000,0.000000,0.000000,0.000000
781,13.016640,1,1,11.662647,19.834738,0.000000,4.907300,-18.046347,0.000000,0.000000,0.000000,0.000000,1.000000,0.000000,0.000000,0.000000
782,13.033306,1,1,11.733351,19.528065,0.000000,4.475902,-18.333559,0.000000,0.000000,0.000000,0.000000,1.000000,0.000000,0.000000,0.000000
783,13.049973,1,1,11.796491,19.216860,0.000000,4.028247,-18.611189,0.000000,0.000000,0.000000,0.000000,1.000000,0.000000,0.000000,0.000000
784,13.066639,1,1,11.851793,18.901308,0.000000,3.564399,-18.878275,0.000000,0.000000,0.000000,0.000000,1.000000,0.000000,0.000000,0.000000
785,13.083305,1,1,11.898999,18.581606,0.000000,3.084499,-19.133831,0.000000,0.000000,0.000000,0.000000,1.000000,0.000000,0.000000,0.000000
786,13.099972,1,1,11.937844,18.257965,0.000000,2.588740,-19.376875,0.000000,0.000000,0.000000,0.000000,1.000000,0.000000,0.000000,0.000000
787,13.116638,1,1,11.968071,17.930622,0.000000,2.077389,-19.606426,0.000000,0.000000,0.000000,0.000000,1.000000,0.000000,0.000000,0.000000
788,13.133305,1,1,11.989430,17.599825,0.000000,1.550786,-19.821503,0.000000,0.000000,0.000000,0.000000,1.000000,0.000000,0.000000,0.000000
789,13.149971,1,1,12.001677,17.265835,0.000000,1.009333,-20.021141,0.000000,0.000000,0.000000,0.000000,1.000000,0.000000,0.000000,0.000000
790,13.166637,1,1,12.004578,16.928928,0.000000,0.453485,-20.204399,0.000000,0.000000,0.000000,0.000000,1.000000,0.000000,0.000000,0.000000
791,13.183304,1,1,11.997905,16.589403,0.000000,-0.116242,-20.370354,0.000000,0.000000,0.000000,0.000000,1.000000,0.000000,0.000000,0.000000
792,13.199970,1,1,11.981441,16.247566,0.000000,-0.699267,-20.518118,0.000000,0.000000,0.000000,0.000000,1.000000,0.000000,0.000000,0.000000
793,13.216637,1,1,11.954982,15.903736,0.000000,-1.294965,-20.646837,0.000000,0.000000,0.000000,0.000000,1.000000,0.000000,0.000000,0.000000
794,13.233303,1,1,11.918331,15.558252,0.000000,-1.902672,-20.755692,0.000000,0.000000,0.000000,0.000000,1.000000,0.000000,0.000000,0.000000
795,13.249969,1,1,11.871310,15.211461,0.000000,-2.521667,-20.843906,0.000000,0.000000,0.000000,0.000000,1.000000,0.000000,0.000000,0.000000
796,13.266636,1,1,11.813746,14.863724,0.000000,-3.151206,-20.910753,0.000000,0.000000,0.000000,0.000000,1.000000,0.000000,0.000000,0.000000
797,13.283302,1,1,11.745481,14.515409,0.000000,-3.790505,-20.955545,0.000000,0.000000,0.000000,0.000000,1.000000,0.000000,0.000000,0.000000
798,13.299969,1,1,11.666375,14.166900,0.000000,-4.438763,-20.977640,0.000000,0.000000,0.000000,0.000000,1.000000,0.000000,0.000000,0.000000
799,13.316635,1,1,11.576299,13.818586,0.000000,-5.095144,-20.976446,0.000000,0.000000,0.000000,0.000000,1.000000,0.000000,0.000000,0.000000
800,13.333302,1,1,11.475136,13.470869,0.000000,-5.758800,-20.951414,0.000000,0.000000,0.000000,0.000000,1.000000,0.000000,0.000000,0.000000
801,13.349968,1,1,11.362786,13.124154,0.000000,-6.428861,-20.902039,0.000000,0.000000,0.000000,0.000000,1.000000,0.000000,0.000000,0.000000
802,13.366634,1,1,11.239163,12.778858,0.000000,-7.104444,-20.827852,0.000000,0.000000,0.000000,0.000000,1.000000,0.000000,0.000000,0.000000
803,13.383301,1,1,11.104197,12.435403,0.000000,-7.784647,-20.728436,0.000000,0.000000,0.000000,0.000000,1.000000,0.000000,0.000000,0.000000
804,13.399967,1,1,10.957831,12.094215,0.000000,-8.468550,-20.603401,0.000000,0.000000,0.000000,0.000000,1.000000,0.000000,0.000000,0.000000
805,13.416634,1,1,10.800028,11.755731,0.000000,-9.155214,-20.452400,0.000000,0.000000,0.000000,0.000000,1.000000,0.000000,0.000000,0.000000
806,13.433300,1,1,10.630763,11.420387,0.000000,-9.843680,-20.275120,0.000000,0.000000,0.000000,0.000000,1.000000,0.000000,0.000000,0.000000
807,13.449966,1,1,10.450028,11.088628,0.000000,-10.532967,-20.071287,0.000000,0.000000,0.000000,0.000000,1.000000,0.000000,0.000000,0.000000
808,13.466633,1,1,10.257834,10.760902,0.000000,-11.222059,-19.840647,0.000000,0.000000,0.000000,0.000000,1.000000,0.000000,0.000000,0.000000
809,13.483299,1,1,10.054209,10.437658,0.000000,-11.909918,-19.582993,0.000000,0.000000,0.000000,0.000000,1.000000,0.000000,0.000000,0.000000
810,13.499966,1,1,9.839194,10.119351,0.000000,-12.595469,-19.298140,0.000000,0.000000,0.000000,0.000000,1.000000,0.000000,0.000000,0.000000
811,13.516632,1,1,9.612859,9.806436,0.000000,-13.277596,-18.985935,0.000000,0.000000,0.000000,0.000000,1.000000,0.000000,0.000000,0.000000
812,13.533298,1,1,9.375282,9.499369,0.000000,-13.955150,-18.646261,0.000000,0.000000,0.000000,0.000000,1.000000,0.000000,0.000000,0.000000
813,13.549965,1,1,9.126572,9.198612,0.000000,-14.626930,-18.279028,0.000000,0.000000,0.000000,0.000000,1.000000,0.000000,0.000000,0.000000
814,13.566631,1,1,8.866850,8.904624,0.000000,-15.291695,-17.884190,0.000000,0.000000,0.000000,0.000000,1.000000,0.000000,0.000000,0.000000
815,13.583298,1,1,8.596264,8.617866,0.000000,-15.948162,-17.461729,0.000000,0.000000,0.000000,0.000000,1.000000,0.000000,0.000000,0.000000
816,13.599964,1,1,8.314983,8.338798,0.000000,-16.594986,-17.011662,0.000000,0.000000,0.000000,0.000000,1.000000,0.000000,0.000000,0.000000
817,13.616631,1,1,8.023198,8.067873,0.000000,-17.230785,-16.534056,0.000000,0.000000,0.000000,0.000000,1.000000,0.000000,0.000000,0.000000
818,13.633297,1,1,7.721126,7.805551,0.000000,-17.854136,-16.029005,0.000000,0.000000,0.000000,0.000000,1.000000,0.000000,0.000000,0.000000
819,13.649963,1,1,7.409009,7.552285,0.000000,-18.463547,-15.496666,0.000000,0.000000,0.000000,0.000000,1.000000,0.000000,0.000000,0.000000
820,13.666630,1,1,7.087116,7.308527,0.000000,-19.057497,-14.937261,0.000000,0.000000,0.000000,0.000000,1.000000,0.000000,0.000000,0.000000
821,13.683296,1,1,6.755740,7.074718,0.000000,-19.634413,-14.351061,0.000000,0.000000,0.000000,0.000000,1.000000,0.000000,0.000000,0.000000
822,13.699963,1,1,6.415202,6.851299,0.000000,-20.192682,-13.738409,0.000000,0.000000,0.000000,0.000000,1.000000,0.000000,0.000000,0.000000
823,13.716629,1,1,6.065849,6.638699,0.000000,-20.730661,-13.099743,0.000000,0.000000,0.000000,0.000000,1.000000,0.000000,0.000000,0.000000
824,13.733295,1,1,5.708059,6.437341,0.000000,-21.246675,-12.435587,0.000000,0.000000,0.000000,0.000000,1.000000,0.000000,0.000000,0.000000
825,13.749962,1,1,5.342238,6.247632,0.000000,-21.739019,-11.746577,0.000000,0.000000,0.000000,0.000000,1.000000,0.000000,0.000000,0.000000
826,13.766628,1,1,4.968820,6.069971,0.000000,-22.205986,-11.033465,0.000000,0.000000,0.000000,0.000000,1.000000,0.000000,0.000000,0.000000
827,13.783295,1,1,4.588267,5.904740,0.000000,-22.645863,-10.297145,0.000000,0.000000,0.000000,0.000000,1.000000,0.000000,0.000000,0.000000
828,13.799961,1,1,4.201070,5.752298,0.000000,-23.056952,-9.538653,0.000000,0.000000,0.000000,0.000000,1.000000,0.000000,0.000000,0.000000
829,13.816628,1,1,3.807749,5.612990,0.000000,-23.437595,-8.759179,0.000000,0.000000,0.000000,0.000000,1.000000,0.000000,0.000000,0.000000
830,13.833294,1,1,3.408847,5.487133,0.000000,-23.786182,-7.960085,0.000000,0.000000,0.000000,0.000000,1.000000,0.000000,0.000000,0.000000
831,13.849960,1,1,3.004935,5.375017,0.000000,-24.101185,-7.142894,0.000000,0.000000,0.000000,0.000000,1.000000,0.000000,0.000000,0.000000
832,13.866627,1,1,2.596605,5.276905,0.000000,-24.381166,-6.309301,0.000000,0.000000,0.000000,0.000000,1.000000,0.000000,0.000000,0.000000
833,13.883293,1,1,2.184472,5.193027,0.000000,-24.624819,-5.461164,0.000000,0.000000,0.000000,0.000000,1.000000,0.000000,0.000000,0.000000
834,13.899960,1,1,1.769168,5.123578,0.000000,-24.830978,-4.600494,0.000000,0.000000,0.000000,0.000000,1.000000,0.000000,0.000000,0.000000
835,13.916626,1,1,1.351342,5.068715,0.000000,-24.998655,-3.729445,0.000000,0.000000,0.000000,0.000000,1.000000,0.000000,0.000000,0.000000
836,13.933292,1,1,0.931653,5.028559,0.000000,-25.127048,-2.850288,0.000000,0.000000,0.000000,0.000000,1.000000,0.000000,0.000000,0.000000
837,13.949959,1,1,0.510771,5.003189,0.000000,-25.215567,-1.965386,0.000000,0.000000,0.000000,0.000000,1.000000,0.000000,0.000000,0.000000
838,13.966625,1,1,0.089367,4.992643,0.000000,-25.263838,-1.077172,0.000000,0.000000,0.000000,0.000000,1.000000,0.000000,0.000000,0.000000
839,13.983292,1,1,-0.331884,4.996921,0.000000,-25.271727,-0.188112,0.000000,0.000000,0.000000,0.000000,1.000000,0.000000,0.000000,0.000000
840,13.999958,1,1,-0.752312,5.015975,0.000000,-25.239315,0.699325,0.000000,0.000000,0.000000,0.000000,1.000000,0.000000,0.000000,0.000000
841,14.016624,1,1,-1.171251,5.049723,0.000000,-25.166927,1.582697,0.000000,0.000000,0.000000,0.000000,1.000000,0.000000,0.000000,0.000000
842,14.033291,1,1,-1.588049,5.098041,0.000000,-25.055103,2.459624,0.000000,0.000000,0.000000,0.000000,1.000000,0.000000,0.000000,0.000000
843,14.049957,1,1,-2.002067,5.160768,0.000000,-24.904589,3.327810,0.000000,0.000000,0.000000,0.000000,1.000000,0.000000,0.000000,0.000000
844,14.066624,1,1,-2.412680,5.237705,0.000000,-24.716324,4.185072,0.000000,0.000000,0.000000,0.000000,1.000000,0.000000,0.000000,0.000000
845,14.083290,1,1,-2.819287,5.328625,0.000000,-24.491411,5.029358,0.000000,0.000000,0.000000,0.000000,1.000000,0.000000,0.000000,0.000000
846,14.099957,1,1,-3.221306,5.433265,0.000000,-24.231112,5.858761,0.000000,0.000000,0.000000,0.000000,1.000000,0.000000,0.000000,0.000000
847,14.116623,1,1,-3.618180,5.551338,0.000000,-23.936802,6.671530,0.000000,0.000000,0.000000,0.000000,1.000000,0.000000,0.000000,0.000000
848,14.133289,1,1,-4.009375,5.682527,0.000000,-23.609959,7.466072,0.000000,0.000000,0.000000,0.000000,1.000000,0.000000,0.000000,0.000000
849,14.149956,1,1,-4.394387,5.826497,0.000000,-23.252142,8.240958,0.000000,0.000000,0.000000,0.000000,1.000000,0.000000,0.000000,0.000000
850,14.166622,1,1,-4.772737,5.982890,0.000000,-22.864965,8.994915,0.000000,0.000000,0.000000,0.000000,1.000000,0.000000,0.000000,0.000000
851,14.183289,1,1,-5.143973,6.151331,0.000000,-22.450077,9.726824,0.000000,0.000000,0.000000,0.000000,1.000000,0.000000,0.000000,0.000000
852,14.199955,1,1,-5.507673,6.331431,0.000000,-22.009148,10.435703,0.000000,0.000000,0.000000,0.000000,1.000000,0.000000,0.000000,0.000000
853,14.216621,1,1,-5.863443,6.522786,0.000000,-21.543854,11.120709,0.000000,0.000000,0.000000,0.000000,1.000000,0.000000,0.000000,0.000000
854,14.233288,1,1,-6.210915,6.724981,0.000000,-21.055862,11.781119,0.000000,0.000000,0.000000,0.000000,1.000000,0.000000,0.000000,0.000000
855,14.249954,1,1,-6.549747,6.937593,0.000000,-20.546827,12.416316,0.000000,0.000000,0.000000,0.000000,1.000000,0.000000,0.000000,0.000000
856,14.266621,1,1,-6.879629,7.160187,0.000000,-20.018372,13.025788,0.000000,0.000000,0.000000,0.000000,1.000000,0.000000,0.000000,0.000000
857,14.283287,1,1,-7.200271,7.392328,0.000000,-19.472090,13.609107,0.000000,0.000000,0.000000,0.000000,1.000000,0.000000,0.000000,0.000000
858,14.299953,1,1,-7.511414,7.633570,0.000000,-18.909544,14.165925,0.000000,0.000000,0.000000,0.000000,1.000000,0.000000,0.000000,0.000000
859,14.316620,1,1,-7.812821,7.883467,0.000000,-18.332260,14.695978,0.000000,0.000000,0.000000,0.000000,1.000000,0.000000,0.000000,0.000000
860,14.333286,1,1,-8.104281,8.141564,0.000000,-17.741714,15.199054,0.000000,0.000000,0.000000,0.000000,1.000000,0.000000,0.000000,0.000000
861,14.349953,1,1,-8.385607,8.407412,0.000000,-17.139343,15.674998,0.000000,0.000000,0.000000,0.000000,1.000000,0.000000,0.000000,0.000000
862,14.366619,1,1,-8.656631,8.680554,0.000000,-16.526546,16.123720,0.000000,0.000000,0.000000,0.000000,1.000000,0.000000,0.000000,0.000000
863,14.383286,1,1,-8.917213,8.960536,0.000000,-15.904676,16.545172,0.000000,0.000000,0.000000,0.000000,1.000000,0.000000,0.000000,0.000000
864,14.399952,1,1,-9.167233,9.246903,0.000000,-15.275047,16.939360,0.000000,0.000000,0.000000,0.000000,1.000000,0.000000,0.000000,0.000000
865,14.416618,1,1,-9.406590,9.539201,0.000000,-14.638919,17.306328,0.000000,0.000000,0.000000,0.000000,1.000000,0.000000,0.000000,0.000000
866,14.433285,1,1,-9.635201,9.836978,0.000000,-13.997528,17.646164,0.000000,0.000000,0.000000,0.000000,1.000000,0.000000,0.000000,0.000000
867,14.449951,1,1,-9.853009,10.139784,0.000000,-13.352059,17.959003,0.000000,0.000000,0.000000,0.000000,1.000000,0.000000,0.000000,0.000000
868,14.466618,1,1,-10.059970,10.447172,0.000000,-12.703667,18.245012,0.000000,0.000000,0.000000,0.000000,1.000000,0.000000,0.000000,0.000000
869,14.483284,1,1,-10.256063,10.758700,0.000000,-12.053468,18.504408,0.000000,0.000000,0.000000,0.000000,1.000000,0.000000,0.000000,0.000000
870,14.499950,1,1,-10.441282,11.073931,0.000000,-11.402546,18.737444,0.000000,0.000000,0.000000,0.000000,1.000000,0.000000,0.000000,0.000000
871,14.516617,1,1,-10.615643,11.392428,0.000000,-10.751947,18.944412,0.000000,0.000000,0.000000,0.000000,1.000000,0.000000,0.000000,0.000000
872,14.533283,1,1,-10.779167,11.713767,0.000000,-10.102693,19.125641,0.000000,0.000000,0.000000,0.000000,1.000000,0.000000,0.000000,0.000000
873,14.549950,1,1,-10.931907,12.037523,0.000000,-9.455769,19.281498,0.000000,0.000000,0.000000,0.000000,1.000000,0.000000,0.000000,0.000000
874,14.566616,1,1,-11.073919,12.363284,0.000000,-8.812136,19.412392,0.000000,0.000000,0.000000,0.000000,1.000000,0.000000,0.000000,0.000000
875,14.583282,1,1,-11.205284,12.690642,0.000000,-8.172724,19.518766,0.000000,0.000000,0.000000,0.000000,1.000000,0.000000,0.000000,0.000000
876,14.599949,1,1,-11.326090,13.019202,0.000000,-7.538434,19.601109,0.000000,0.000000,0.000000,0.000000,1.000000,0.000000,0.000000,0.000000
877,14.616615,1,1,-11.436443,13.348572,0.000000,-6.910139,19.659945,0.000000,0.000000,0.000000,0.000000,1.000000,0.000000,0.000000,0.000000
878,14.633282,1,1,-11.536468,13.678372,0.000000,-6.288688,19.695835,0.000000,0.000000,0.000000,0.000000,1.000000,0.000000,0.000000,0.000000
879,14.649948,1,1,-11.626292,14.008233,0.000000,-5.674889,19.709381,0.000000,0.000000,0.000000,0.000000,1.000000,0.000000,0.000000,0.000000
880,14.666615,1,1,-11.706063,14.337798,0.000000,-5.069529,19.701218,0.000000,0.000000,0.000000,0.000000,1.000000,0.000000,0.000000,0.000000
881,14.683281,1,1,-11.775943,14.666718,0.000000,-4.473351,19.672020,0.000000,0.000000,0.000000,0.000000,1.000000,0.000000,0.000000,0.000000
882,14.699947,1,1,-11.836099,14.994658,0.000000,-3.887069,19.622492,0.000000,0.000000,0.000000,0.000000,1.000000,0.000000,0.000000,0.000000
883,14.716614,1,1,-11.886713,15.321298,0.000000,-3.311350,19.553377,0.000000,0.000000,0.000000,0.000000,1.000000,0.000000,0.000000,0.000000
884,14.733280,1,1,-11.927977,15.646327,0.000000,-2.746827,19.465443,0.000000,0.000000,0.000000,0.000000,1.000000,0.000000,0.000000,0.000000
885,14.749947,1,1,-11.960090,15.969449,0.000000,-2.194083,19.359486,0.000000,0.000000,0.000000,0.000000,1.000000,0.000000,0.000000,0.000000
886,14.766613,1,1,-11.983265,16.290382,0.000000,-1.653660,19.236328,0.000000,0.000000,0.000000,0.000000,1.000000,0.000000,0.000000,0.000000
887,14.783279,1,1,-11.997716,16.608862,0.000000,-1.126047,19.096813,0.000000,0.000000,0.000000,0.000000,1.000000,0.000000,0.000000,0.000000
888,14.799946,1,1,-12.003671,16.924631,0.000000,-0.611680,18.941797,0.000000,0.000000,0.000000,0.000000,1.000000,0.000000,0.000000,0.000000
889,14.816612,1,1,-12.001358,17.237450,0.000000,-0.110953,18.772148,0.000000,0.000000,0.000000,0.000000,1.000000,0.000000,0.000000,0.000000
890,14.833279,1,1,-11.991014,17.547096,0.000000,0.375795,18.588755,0.000000,0.000000,0.000000,0.000000,1.000000,0.000000,0.000000,0.000000
891,14.849945,1,1,-11.972880,17.853361,0.000000,0.848289,18.392498,0.000000,0.000000,0.000000,0.000000,1.000000,0.000000,0.000000,0.000000
892,14.866611,1,1,-11.947202,18.156052,0.000000,1.306299,18.184265,0.000000,0.000000,0.000000,0.000000,1.000000,0.000000,0.000000,0.000000
893,14.883278,1,1,-11.914222,18.454987,0.000000,1.749652,17.964931,0.000000,0.000000,0.000000,0.000000,1.000000,0.000000,0.000000,0.000000
894,14.899944,1,1,-11.874190,18.750000,0.000000,2.178223,17.735376,0.000000,0.000000,0.000000,0.000000,1.000000,0.000000,0.000000,0.000000
895,14.916611,1,1,-11.827356,19.040947,0.000000,2.591940,17.496456,0.000000,0.000000,0.000000,0.000000,1.000000,0.000000,0.000000,0.000000
896,14.933277,1,1,-11.773967,19.327684,0.000000,2.990787,17.249004,0.000000,0.000000,0.000000,0.000000,1.000000,0.000000,0.000000,0.000000
897,14.949944,1,1,-11.714273,19.610092,0.000000,3.374777,16.993853,0.000000,0.000000,0.000000,0.000000,1.000000,0.000000,0.000000,0.000000
898,14.966610,1,1,-11.648521,19.888060,0.000000,3.743983,16.731802,0.000000,0.000000,0.000000,0.000000,1.000000,0.000000,0.000000,0.000000
899,14.983276,1,1,-11.576955,20.161491,0.000000,4.098514,16.463627,0.000000,0.000000,0.000000,0.000000,1.000000,0.000000,0.000000,0.000000
900,14.999943,1,1,-11.499818,20.430302,0.000000,4.438517,16.190073,0.000000,0.000000,0.000000,0.000000,1.000000,0.000000,0.000000,0.000000
901,15.016609,1,1,-11.417347,20.694418,0.000000,4.764174,15.911860,0.000000,0.000000,0.000000,0.000000,1.000000,0.000000,0.000000,0.000000
902,15.033276,1,1,-11.329778,20.953781,0.000000,5.075698,15.629672,0.000000,0.000000,0.000000,0.000000,1.000000,0.000000,0.000000,0.000000
903,15.049942,1,1,-11.237339,21.208336,0.000000,5.373337,15.344168,0.000000,0.000000,0.000000,0.000000,1.000000,0.000000,0.000000,0.000000
904,15.066608,1,1,-11.140262,21.458044,0.000000,5.657352,15.055966,0.000000,0.000000,0.000000,0.000000,1.000000,0.000000,0.000000,0.000000
905,15.083275,1,1,-11.038761,21.702875,0.000000,5.928036,14.765659,0.000000,0.000000,0.000000,0.000000,1.000000,0.000000,0.000000,0.000000
906,15.099941,1,1,-10.933058,21.942806,0.000000,6.185702,14.473798,0.000000,0.000000,0.000000,0.000000,1.000000,0.000000,0.000000,0.000000
907,15.116608,1,1,-10.823359,22.177824,0.000000,6.430671,14.180906,0.000000,0.000000,0.000000,0.000000,1.000000,0.000000,0.000000,0.000000
908,15.133274,1,1,-10.709868,22.407923,0.000000,6.663286,13.887472,0.000000,0.000000,0.000000,0.000000,1.000000,0.000000,0.000000,0.000000
909,15.149940,1,1,-10.592787,22.633104,0.000000,6.883899,13.593952,0.000000,0.000000,0.000000,0.000000,1.000000,0.000000,0.000000,0.000000
910,15.166607,1,1,-10.472304,22.853380,0.000000,7.092867,13.300769,0.000000,0.000000,0.000000,0.000000,1.000000,0.000000,0.000000,0.000000
911,15.183273,1,1,-10.348609,23.068760,0.000000,7.290562,13.008315,0.000000,0.000000,0.000000,0.000000,1.000000,0.000000,0.000000,0.000000
912,15.199940,1,1,-10.221881,23.279266,0.000000,7.477347,12.716958,0.000000,0.000000,0.000000,0.000000,1.000000,0.000000,0.000000,0.000000
913,15.216606,1,1,-10.092292,23.484930,0.000000,7.653600,12.427031,0.000000,0.000000,0.000000,0.000000,1.000000,0.000000,0.000000,0.000000
914,15.233273,1,1,-9.960009,23.685778,0.000000,7.819700,12.138833,0.000000,0.000000,0.000000,0.000000,1.000000,0.000000,0.000000,0.000000
915,15.249939,1,1,-9.825196,23.881845,0.000000,7.976018,11.852649,0.000000,0.000000,0.000000,0.000000,1.000000,0.000000,0.000000,0.000000
916,15.266605,1,1,-9.688006,24.073175,0.000000,8.122924,11.568734,0.000000,0.000000,0.000000,0.000000,1.000000,0.000000,0.000000,0.000000
917,15.283272,1,1,-9.548587,24.259809,0.000000,8.260794,11.287313,0.000000,0.000000,0.000000,0.000000,1.000000,0.000000,0.000000,0.000000
918,15.299938,1,1,-9.407082,24.441797,0.000000,8.389991,11.008595,0.000000,0.000000,0.000000,0.000000,1.000000,0.000000,0.000000,0.000000
919,15.316605,1,1,-9.263627,24.619183,0.000000,8.510880,10.732760,0.000000,0.000000,0.000000,0.000000,1.000000,0.000000,0.000000,0.000000
920,15.333271,1,1,-9.118354,24.792027,0.000000,8.623813,10.459977,0.000000,0.000000,0.000000,0.000000,1.000000,0.000000,0.000000,0.000000
921,15.349937,1,1,-8.971384,24.960375,0.000000,8.729144,10.190383,0.000000,0.000000,0.000000,0.000000,1.000000,0.000000,0.000000,0.000000
922,15.366604,1,1,-8.822843,25.124289,0.000000,8.827212,9.924108,0.000000,0.000000,0.000000,0.000000,1.000000,0.000000,0.000000,0.000000
923,15.383270,1,1,-8.672841,25.283823,0.000000,8.918356,9.661259,0.000000,0.000000,0.000000,0.000000,1.000000,0.000000,0.000000,0.000000
924,15.399937,1,1,-8.521488,25.439041,0.000000,9.002903,9.401931,0.000000,0.000000,0.000000,0.000000,1.000000,0.000000,0.000000,0.000000
925,15.416603,1,1,-8.368882,25.590004,0.000000,9.081175,9.146196,0.000000,0.000000,0.000000,0.000000,1.000000,0.000000,0.000000,0.000000
926,15.433270,1,1,-8.215125,25.736771,0.000000,9.153488,8.894114,0.000000,0.000000,0.000000,0.000000,1.000000,0.000000,0.000000,0.000000
927,15.449936,1,1,-8.060307,25.879406,0.000000,9.220140,8.645736,0.000000,0.000000,0.000000,0.000000,1.000000,0.000000,0.000000,0.000000
928,15.466602,1,1,-7.904518,26.017969,0.000000,9.281435,8.401095,0.000000,0.000000,0.000000,0.000000,1.000000,0.000000,0.000000,0.000000
929,15.483269,1,1,-7.747839,26.152527,0.000000,9.337657,8.160220,0.000000,0.000000,0.000000,0.000000,1.000000,0.000000,0.000000,0.000000
930,15.499935,1,1,-7.590350,26.283144,0.000000,9.389086,7.923119,0.000000,0.000000,0.000000,0.000000,1.000000,0.000000,0.000000,0.000000
931,15.516602,1,1,-7.432124,26.409878,0.000000,9.435996,7.689793,0.000000,0.000000,0.000000,0.000000,1.000000,0.000000,0.000000,0.000000
932,15.533268,1,1,-7.273231,26.532799,0.000000,9.478647,7.460239,0.000000,0.000000,0.000000,0.000000,1.000000,0.000000,0.000000,0.000000
933,15.549934,1,1,-7.113736,26.651962,0.000000,9.517298,7.234439,0.000000,0.000000,0.000000,0.000000,1.000000,0.000000,0.000000,0.000000
934,15.566601,1,1,-6.953701,26.767439,0.000000,9.552191,7.012367,0.000000,0.000000,0.000000,0.000000,1.000000,0.000000,0.000000,0.000000
935,15.583267,1,1,-6.793182,26.879286,0.000000,9.583567,6.793990,0.000000,0.000000,0.000000,0.000000,1.000000,0.000000,0.000000,0.000000
936,15.599934,1,1,-6.632233,26.987566,0.000000,9.611654,6.579269,0.000000,0.000000,0.000000,0.000000,1.000000,0.000000,0.000000,0.000000
937,15.616600,1,1,-6.470903,27.092337,0.000000,9.636678,6.368155,0.000000,0.000000,0.000000,0.000000,1.000000,0.000000,0.000000,0.000000
938,15.633266,1,1,-6.309241,27.193657,0.000000,9.658849,6.160596,0.000000,0.000000,0.000000,0.000000,1.000000,0.000000,0.000000,0.000000
939,15.649933,1,1,-6.147288,27.291590,0.000000,9.678373,5.956534,0.000000,0.000000,0.000000,0.000000,1.000000,0.000000,0.000000,0.000000
940,15.666599,1,1,-5.985085,27.386189,0.000000,9.695453,5.755901,0.000000,0.000000,0.000000,0.000000,1.000000,0.000000,0.000000,0.000000
941,15.683266,1,1,-5.822668,27.477510,0.000000,9.710277,5.558630,0.000000,0.000000,0.000000,0.000000,1.000000,0.000000,0.000000,0.000000
942,15.699932,1,1,-5.660069,27.565613,0.000000,9.723029,5.364646,0.000000,0.000000,0.000000,0.000000,1.000000,0.000000,0.000000,0.000000
943,15.716599,1,1,-5.497320,27.650545,0.000000,9.733889,5.173866,0.000000,0.000000,0.000000,0.000000,1.000000,0.000000,0.000000,0.000000
944,15.733265,1,1,-5.334448,27.732361,0.000000,9.743022,4.986207,0.000000,0.000000,0.000000,0.000000,1.000000,0.000000,0.000000,0.000000
945,15.749931,1,1,-5.171479,27.811110,0.000000,9.750593,4.801582,0.000000,0.000000,0.000000,0.000000,1.000000,0.000000,0.000000,0.000000
946,15.766598,1,1,-5.008437,27.886839,0.000000,9.756755,4.619902,0.000000,0.000000,0.000000,0.000000,1.000000,0.000000,0.000000,0.000000
947,15.783264,1,1,-4.845332,27.959568,0.000000,9.762296,4.439072,0.000000,0.000000,0.000000,0.000000,1.000000,0.000000,0.000000,0.000000
948,15.799931,1,1,-4.682174,28.029324,0.000000,9.767533,4.258154,0.000000,0.000000,0.000000,0.000000,1.000000,0.000000,0.000000,0.000000
949,15.816597,1,1,-4.518983,28.096153,0.000000,9.772469,4.077148,0.000000,0.000000,0.000000,0.000000,1.000000,0.000000,0.000000,0.000000
950,15.833263,1,1,-4.355772,28.160101,0.000000,9.777101,3.896053,0.000000,0.000000,0.000000,0.000000,1.000000,0.000000,0.000000,0.000000
951,15.849930,1,1,-4.192550,28.221209,0.000000,9.781430,3.714865,0.000000,0.000000,0.000000,0.000000,1.000000,0.000000,0.000000,0.000000
952,15.866596,1,1,-4.029327,28.279518,0.000000,9.785458,3.533582,0.000000,0.000000,0.000000,0.000000,1.000000,0.000000,0.000000,0.000000
953,15.883263,1,1,-3.866108,28.335072,0.000000,9.789182,3.352199,0.000000,0.000000,0.000000,0.000000,1.000000,0.000000,0.000000,0.000000
954,15.899929,1,1,-3.702869,28.387766,0.000000,9.792601,3.170715,0.000000,0.000000,0.000000,0.000000,1.000000,0.000000,0.000000,0.000000
955,15.916595,1,1,-3.539581,28.437435,0.000000,9.795709,2.989149,0.000000,0.000000,0.000000,0.000000,1.000000,0.000000,0.000000,0.000000
956,15.933262,1,1,-3.376250,28.484077,0.000000,9.798499,2.807538,0.000000,0.000000,0.000000,0.000000,1.000000,0.000000,0.000000,0.000000
957,15.949928,1,1,-3.212879,28.527689,0.000000,9.800972,2.625886,0.000000,0.000000,0.000000,0.000000,1.000000,0.000000,0.000000,0.000000
958,15.966595,1,1,-3.049476,28.568275,0.000000,9.803127,2.444200,0.000000,0.000000,0.000000,0.000000,1.000000,0.000000,0.000000,0.000000
959,15.983261,1,1,-2.886045,28.605831,0.000000,9.804964,2.262484,0.000000,0.000000,0.000000,0.000000,1.000000,0.000000,0.000000,0.000000
960,15.999928,1,1,-2.722591,28.640358,0.000000,9.806482,2.080744,0.000000,0.000000,0.000000,0.000000,1.000000,0.000000,0.000000,0.000000
961,16.016594,1,1,-2.559120,28.671856,0.000000,9.807680,1.898987,0.000000,0.000000,0.000000,0.000000,1.000000,0.000000,0.000000,0.000000
962,16.033260,1,1,-2.395636,28.700323,0.000000,9.808559,1.717216,0.000000,0.000000,0.000000,0.000000,1.000000,0.000000,0.000000,0.000000
963,16.049927,1,1,-2.232146,28.725761,0.000000,9.809119,1.535439,0.000000,0.000000,0.000000,0.000000,1.000000,0.000000,0.000000,0.000000
964,16.066593,1,1,-2.068655,28.748169,0.000000,9.809361,1.353660,0.000000,0.000000,0.000000,0.000000,1.000000,0.000000,0.000000,0.000000
965,16.083260,1,1,-1.905167,28.767548,0.000000,9.809282,1.171885,0.000000,0.000000,0.000000,0.000000,1.000000,0.000000,0.000000,0.000000
966,16.099926,1,1,-1.741689,28.783897,0.000000,9.808886,0.990120,0.000000,0.000000,0.000000,0.000000,1.000000,0.000000,0.000000,0.000000
967,16.116592,1,1,-1.578225,28.797218,0.000000,9.808170,0.808370,0.000000,0.000000,0.000000,0.000000,1.000000,0.000000,0.000000,0.000000
968,16.133259,1,1,-1.414782,28.807512,0.000000,9.807137,0.626641,0.000000,0.000000,0.000000,0.000000,1.000000,0.000000,0.000000,0.000000
969,16.149925,1,1,-1.251363,28.814775,0.000000,9.805785,0.444939,0.000000,0.000000,0.000000,0.000000,1.000000,0.000000,0.000000,0.000000
970,16.166592,1,1,-1.087976,28.819012,0.000000,9.804118,0.263268,0.000000,0.000000,0.000000,0.000000,1.000000,0.000000,0.000000,0.000000
971,16.183258,1,1,-0.924624,28.820221,0.000000,9.802135,0.081635,0.000000,0.000000,0.000000,0.000000,1.000000,0.000000,0.000000,0.000000
972,16.199924,1,1,-0.761313,28.818405,0.000000,9.799837,-0.099955,0.000000,0.000000,0.000000,0.000000,1.000000,0.000000,0.000000,0.000000
973,16.216591,1,1,-0.598048,28.813562,0.000000,9.797225,-0.281497,0.000000,0.000000,0.000000,0.000000,1.000000,0.000000,0.000000,0.000000
974,16.233257,1,1,-0.434834,28.805695,0.000000,9.794300,-0.462985,0.000000,0.000000,0.000000,0.000000,1.000000,0.000000,0.000000,0.000000
975,16.249924,1,1,-0.271677,28.794806,0.000000,9.791062,-0.644414,0.000000,0.000000,0.000000,0.000000,1.000000,0.000000,0.000000,0.000000
976,16.266590,1,1,-0.108581,28.780893,0.000000,9.787514,-0.825779,0.000000,0.000000,0.000000,0.000000,1.000000,0.000000,0.000000,0.000000
977,16.283257,1,1,0.054447,28.763960,0.000000,9.783656,-1.007074,0.000000,0.000000,0.000000,0.000000,1.000000,0.000000,0.000000,0.000000
978,16.299923,1,1,0.217404,28.744009,0.000000,9.779490,-1.188294,0.000000,0.000000,0.000000,0.000000,1.000000,0.000000,0.000000,0.000000
979,16.316589,1,1,0.380283,28.721039,0.000000,9.775018,-1.369432,0.000000,0.000000,0.000000,0.000000,1.000000,0.000000,0.000000,0.000000
980,16.333256,1,1,0.543081,28.695051,0.000000,9.770240,-1.550485,0.000000,0.000000,0.000000,0.000000,1.000000,0.000000,0.000000,0.000000
981,16.349922,1,1,0.705790,28.666048,0.000000,9.765160,-1.731447,0.000000,0.000000,0.000000,0.000000,1.000000,0.000000,0.000000,0.000000
982,16.366589,1,1,0.868408,28.634031,0.000000,9.759778,-1.912312,0.000000,0.000000,0.000000,0.000000,1.000000,0.000000,0.000000,0.000000
983,16.383255,1,1,1.030929,28.599001,0.000000,9.754096,-2.093076,0.000000,0.000000,0.000000,0.000000,1.000000,0.000000,0.000000,0.000000
984,16.399921,1,1,1.193349,28.560963,0.000000,9.748116,-2.273734,0.000000,0.000000,0.000000,0.000000,1.000000,0.000000,0.000000,0.000000
985,16.416588,1,1,1.355660,28.519917,0.000000,9.741841,-2.454280,0.000000,0.000000,0.000000,0.000000,1.000000,0.000000,0.000000,0.000000
986,16.433254,1,1,1.517860,28.475864,0.000000,9.735272,-2.634708,0.000000,0.000000,0.000000,0.000000,1.000000,0.000000,0.000000,0.000000
987,16.449921,1,1,1.679943,28.428806,0.000000,9.728412,-2.815015,0.000000,0.000000,0.000000,0.000000,1.000000,0.000000,0.000000,0.000000
988,16.466587,1,1,1.841905,28.378748,0.000000,9.721262,-2.995196,0.000000,0.000000,0.000000,0.000000,1.000000,0.000000,0.000000,0.000000
989,16.483253,1,1,2.003740,28.325689,0.000000,9.713826,-3.175244,0.000000,0.000000,0.000000,0.000000,1.000000,0.000000,0.000000,0.000000
990,16.499920,1,1,2.165444,28.269632,0.000000,9.706106,-3.355155,0.000000,0.000000,0.000000,0.000000,1.000000,0.000000,0.000000,0.000000
991,16.516586,1,1,2.327012,28.210581,0.000000,9.698104,-3.534925,0.000000,0.000000,0.000000,0.000000,1.000000,0.000000,0.000000,0.000000
992,16.533253,1,1,2.488440,28.148539,0.000000,9.689823,-3.714549,0.000000,0.000000,0.000000,0.000000,1.000000,0.000000,0.000000,0.000000
993,16.549919,1,1,2.649722,28.083506,0.000000,9.681267,-3.894021,0.000000,0.000000,0.000000,0.000000,1.000000,0.000000,0.000000,0.000000
994,16.566586,1,1,2.810855,28.015486,0.000000,9.672436,-4.073337,0.000000,0.000000,0.000000,0.000000,1.000000,0.000000,0.000000,0.000000
995,16.583252,1,1,2.971834,27.944481,0.000000,9.663335,-4.252492,0.000000,0.000000,0.000000,0.000000,1.000000,0.000000,0.000000,0.000000
996,16.599918,1,1,3.132655,27.870493,0.000000,9.653966,-4.431482,0.000000,0.000000,0.000000,0.000000,1.000000,0.000000,0.000000,0.000000
997,16.616585,1,1,3.293313,27.793530,0.000000,9.644332,-4.610303,0.000000,0.000000,0.000000,0.000000,1.000000,0.000000,0.000000,0.000000
998,16.633251,1,1,3.453803,27.713589,0.000000,9.634437,-4.788948,0.000000,0.000000,0.000000,0.000000,1.000000,0.000000,0.000000,0.000000
999,16.649918,1,1,3.614121,27.630674,0.000000,9.624284,-4.967415,0.000000,0.000000,0.000000,0.000000,1.000000,0.000000,0.000000,0.000000
1000,16.666584,1,1,3.774265,27.544790,0.000000,9.613876,-5.145699,0.000000,0.000000,0.000000,0.000000,1.000000,0.000000,0.000000,0.000000
1001,16.683250,1,1,3.934229,27.455938,0.000000,9.603216,-5.323796,0.000000,0.000000,0.000000,0.000000,1.000000,0.000000,0.000000,0.000000
1002,16.699917,1,1,4.094009,27.364122,0.000000,9.592307,-5.501702,0.000000,0.000000,0.000000,0.000000,1.000000,0.000000,0.000000,0.000000
1003,16.716583,1,1,4.253604,27.269348,0.000000,9.581153,-5.679413,0.000000,0.000000,0.000000,0.000000,1.000000,0.000000,0.000000,0.000000
1004,16.733250,1,1,4.413004,27.171616,0.000000,9.569757,-5.856925,0.000000,0.000000,0.000000,0.000000,1.000000,0.000000,0.000000,0.000000
1005,16.749916,1,1,4.572209,27.070930,0.000000,9.558124,-6.034231,0.000000,0.000000,0.000000,0.000000,1.000000,0.000000,0.000000,0.000000
1006,16.766582,1,1,4.731215,26.967297,0.000000,9.546256,-6.211330,0.000000,0.000000,0.000000,0.000000,1.000000,0.000000,0.000000,0.000000
1007,16.783249,1,1,4.890015,26.860716,0.000000,9.534159,-6.388216,0.000000,0.000000,0.000000,0.000000,1.000000,0.000000,0.000000,0.000000
1008,16.799915,1,1,5.048609,26.751192,0.000000,9.521835,-6.564887,0.000000,0.000000,0.000000,0.000000,1.000000,0.000000,0.000000,0.000000
1009,16.816582,1,1,5.206991,26.638729,0.000000,9.509290,-6.741337,0.000000,0.000000,0.000000,0.000000,1.000000,0.000000,0.000000,0.000000
1010,16.833248,1,1,5.365160,26.523331,0.000000,9.496524,-6.917565,0.000000,0.000000,0.000000,0.000000,1.000000,0.000000,0.000000,0.000000
1011,16.849915,1,1,5.523111,26.404999,0.000000,9.483544,-7.093565,0.000000,0.000000,0.000000,0.000000,1.000000,0.000000,0.000000,0.000000
1012,16.866581,1,1,5.680841,26.283741,0.000000,9.470352,-7.269338,0.000000,0.000000,0.000000,0.000000,1.000000,0.000000,0.000000,0.000000
1013,16.883247,1,1,5.838345,26.159561,0.000000,9.456953,-7.444877,0.000000,0.000000,0.000000,0.000000,1.000000,0.000000,0.000000,0.000000
1014,16.899914,1,1,5.995619,26.032461,0.000000,9.443354,-7.620175,0.000000,0.000000,0.000000,0.000000,1.000000,0.000000,0.000000,0.000000
1015,16.916580,1,1,6.152664,25.902443,0.000000,9.429557,-7.795233,0.000000,0.000000,0.000000,0.000000,1.000000,0.000000,0.000000,0.000000
1016,16.933247,1,1,6.309474,25.769514,0.000000,9.415563,-7.970049,0.000000,0.000000,0.000000,0.000000,1.000000,0.000000,0.000000,0.000000
1017,16.949913,1,1,6.466045,25.633678,0.000000,9.401380,-8.144618,0.000000,0.000000,0.000000,0.000000,1.000000,0.000000,0.000000,0.000000
1018,16.966579,1,1,6.622376,25.494940,0.000000,9.387012,-8.318934,0.000000,0.000000,0.000000,0.000000,1.000000,0.000000,0.000000,0.000000
1019,16.983246,1,1,6.778462,25.353302,0.000000,9.372464,-8.492998,0.000000,0.000000,0.000000,0.000000,1.000000,0.000000,0.000000,0.000000
1020,16.999912,1,1,6.934300,25.208771,0.000000,9.357740,-8.666805,0.000000,0.000000,0.000000,0.000000,1.000000,0.000000,0.000000,0.000000
1021,17.016579,1,1,7.089889,25.061350,0.000000,9.342846,-8.840352,0.000000,0.000000,0.000000,0.000000,1.000000,0.000000,0.000000,0.000000
1022,17.033245,1,1,7.245226,24.911043,0.000000,9.327785,-9.013637,0.000000,0.000000,0.000000,0.000000,1.000000,0.000000,0.000000,0.000000
1023,17.049911,1,1,7.400308,24.757854,0.000000,9.312561,-9.186657,0.000000,0.000000,0.000000,0.000000,1.000000,0.000000,0.000000,0.000000
1024,17.066578,1,1,7.555131,24.601788,0.000000,9.297179,-9.359409,0.000000,0.000000,0.000000,0.000000,1.000000,0.000000,0.000000,0.000000
1025,17.083244,1,1,7.709694,24.442850,0.000000,9.281644,-9.531892,0.000000,0.000000,0.000000,0.000000,1.000000,0.000000,0.000000,0.000000
1026,17.099911,1,1,7.863996,24.281044,0.000000,9.265962,-9.704102,0.000000,0.000000,0.000000,0.000000,1.000000,0.000000,0.000000,0.000000
1027,17.116577,1,1,8.018032,24.116375,0.000000,9.250134,-9.876037,0.000000,0.000000,0.000000,0.000000,1.000000,0.000000,0.000000,0.000000
1028,17.133244,1,1,8.171803,23.948845,0.000000,9.234169,-10.047694,0.000000,0.000000,0.000000,0.000000,1.000000,0.000000,0.000000,0.000000
1029,17.149910,1,1,8.325302,23.778461,0.000000,9.218068,-10.219073,0.000000,0.000000,0.000000,0.000000,1.000000,0.000000,0.000000,0.000000
1030,17.166576,1,1,8.478531,23.605230,0.000000,9.201838,-10.390170,0.000000,0.000000,0.000000,0.000000,1.000000,0.000000,0.000000,0.000000
1031,17.183243,1,1,8.631487,23.429153,0.000000,9.185487,-10.560983,0.000000,0.000000,0.000000,0.000000,1.000000,0.000000,0.000000,0.000000
1032,17.199909,1,1,8.784166,23.250237,0.000000,9.169015,-10.731511,0.000000,0.000000,0.000000,0.000000,1.000000,0.000000,0.000000,0.000000
1033,17.216576,1,1,8.936569,23.068483,0.000000,9.152428,-10.901752,0.000000,0.000000,0.000000,0.000000,1.000000,0.000000,0.000000,0.000000
1034,17.233242,1,1,9.088692,22.883902,0.000000,9.135732,-11.071703,0.000000,0.000000,0.000000,0.000000,1.000000,0.000000,0.000000,0.000000
1035,17.249908,1,1,9.240535,22.696493,0.000000,9.118933,-11.241363,0.000000,0.000000,0.000000,0.000000,1.000000,0.000000,0.000000,0.000000
1036,17.266575,1,1,9.392095,22.506266,0.000000,9.102034,-11.410729,0.000000,0.000000,0.000000,0.000000,1.000000,0.000000,0.000000,0.000000
1037,17.283241,1,1,9.543370,22.313221,0.000000,9.085041,-11.579803,0.000000,0.000000,0.000000,0.000000,1.000000,0.000000,0.000000,0.000000
1038,17.299908,1,1,9.694360,22.117367,0.000000,9.067959,-11.748580,0.000000,0.000000,0.000000,0.000000,1.000000,0.000000,0.000000,0.000000
1039,17.316574,1,1,9.845063,21.918707,0.000000,9.050795,-11.917061,0.000000,0.000000,0.000000,0.000000,1.000000,0.000000,0.000000,0.000000
1040,17.333241,1,1,9.995479,21.717249,0.000000,9.033552,-12.085243,0.000000,0.000000,0.000000,0.000000,1.000000,0.000000,0.000000,0.000000
1041,17.349907,1,1,10.145605,21.512995,0.000000,9.016239,-12.253125,0.000000,0.000000,0.000000,0.000000,1.000000,0.000000,0.000000,0.000000
1042,17.366573,1,1,10.295441,21.305948,0.000000,8.998857,-12.420707,0.000000,0.000000,0.000000,0.000000,1.000000,0.000000,0.000000,0.000000
1043,17.383240,1,1,10.444986,21.096115,0.000000,8.981410,-12.587987,0.000000,0.000000,0.000000,0.000000,1.000000,0.000000,0.000000,0.000000
1044,17.399906,1,1,10.594238,20.883505,0.000000,8.963905,-12.754966,0.000000,0.000000,0.000000,0.000000,1.000000,0.000000,0.000000,0.000000
1045,17.416573,1,1,10.743197,20.668119,0.000000,8.946352,-12.921640,0.000000,0.000000,0.000000,0.000000,1.000000,0.000000,0.000000,0.000000
1046,17.433239,1,1,10.891863,20.449963,0.000000,8.928752,-13.088011,0.000000,0.000000,0.000000,0.000000,1.000000,0.000000,0.000000,0.000000
1047,17.449905,1,1,11.040235,20.229040,0.000000,8.911110,-13.254077,0.000000,0.000000,0.000000,0.000000,1.000000,0.000000,0.000000,0.000000
1048,17.466572,1,1,11.188312,20.005358,0.000000,8.893430,-13.419838,0.000000,0.000000,0.000000,0.000000,1.000000,0.000000,0.000000,0.000000
1049,17.483238,1,1,11.336092,19.778921,0.000000,8.875719,-13.585293,0.000000,0.000000,0.000000,0.000000,1.000000,0.000000,0.000000,0.000000
1050,17.499905,1,1,11.483577,19.549734,0.000000,8.857983,-13.750443,0.000000,0.000000,0.000000,0.000000,1.000000,0.000000,0.000000,0.000000
1051,17.516571,1,1,11.630766,19.317801,0.000000,8.840226,-13.915286,0.000000,0.000000,0.000000,0.000000,1.000000,0.000000,0.000000,0.000000
1052,17.533237,1,1,11.777659,19.083128,0.000000,8.822453,-14.079823,0.000000,0.000000,0.000000,0.000000,1.000000,0.000000,0.000000,0.000000
1053,17.549904,1,1,11.924255,18.845720,0.000000,8.804669,-14.244054,0.000000,0.000000,0.000000,0.000000,1.000000,0.000000,0.000000,0.000000
1054,17.566570,1,1,11.887111,18.600563,0.000000,2.616085,-14.555198,0.000000,0.000000,0.000000,0.000000,1.000000,0.000000,0.000000,0.000000
1055,17.583237,1,1,11.919202,18.354849,0.000000,2.274872,-14.730558,0.000000,0.000000,0.000000,0.000000,1.000000,0.000000,0.000000,0.000000
1056,17.599903,1,1,11.948270,18.106304,0.000000,1.931965,-14.906055,0.000000,0.000000,0.000000,0.000000,1.000000,0.000000,0.000000,0.000000
1057,17.616570,1,1,11.971379,17.854824,0.000000,1.574083,-15.082222,0.000000,0.000000,0.000000,0.000000,1.000000,0.000000,0.000000,0.000000
1058,17.633236,1,1,11.988193,17.600388,0.000000,1.201451,-15.259186,0.000000,0.000000,0.000000,0.000000,1.000000,0.000000,0.000000,0.000000
1059,17.649902,1,1,11.998485,17.342983,0.000000,0.815003,-15.437005,0.000000,0.000000,0.000000,0.000000,1.000000,0.000000,0.000000,0.000000
1060,17.666569,1,1,12.002057,17.082594,0.000000,0.415920,-15.615667,0.000000,0.000000,0.000000,0.000000,1.000000,0.000000,0.000000,0.000000
1061,17.683235,1,1,11.998730,16.819212,0.000000,0.005557,-15.795076,0.000000,0.000000,0.000000,0.000000,1.000000,0.000000,0.000000,0.000000
1062,17.699902,1,1,11.988356,16.552828,0.000000,-0.414627,-15.975041,0.000000,0.000000,0.000000,0.000000,1.000000,0.000000,0.000000,0.000000
1063,17.716568,1,1,11.970802,16.283440,0.000000,-0.843174,-16.155279,0.000000,0.000000,0.000000,0.000000,1.000000,0.000000,0.000000,0.000000
1064,17.733234,1,1,11.945971,16.011049,0.000000,-1.278690,-16.335402,0.000000,0.000000,0.000000,0.000000,1.000000,0.000000,0.000000,0.000000
1065,17.749901,1,1,11.913770,15.735673,0.000000,-1.719952,-16.514933,0.000000,0.000000,0.000000,0.000000,1.000000,0.000000,0.000000,0.000000
1066,17.766567,1,1,11.874128,15.457335,0.000000,-2.165977,-16.693304,0.000000,0.000000,0.000000,0.000000,1.000000,0.000000,0.000000,0.000000
1067,17.783234,1,1,11.826983,15.176067,0.000000,-2.616076,-16.869864,0.000000,0.000000,0.000000,0.000000,1.000000,0.000000,0.000000,0.000000
1068,17.799900,1,1,11.772276,14.891925,0.000000,-3.069902,-17.043875,0.000000,0.000000,0.000000,0.000000,1.000000,0.000000,0.000000,0.000000
1069,17.816566,1,1,11.709941,14.604961,0.000000,-3.527471,-17.214527,0.000000,0.000000,0.000000,0.000000,1.000000,0.000000,0.000000,0.000000
1070,17.833233,1,1,11.639906,14.315260,0.000000,-3.989145,-17.380905,0.000000,0.000000,0.000000,0.000000,1.000000,0.000000,0.000000,0.000000
1071,17.849899,1,1,11.562085,14.022912,0.000000,-4.455634,-17.542000,0.000000,0.000000,0.000000,0.000000,1.000000,0.000000,0.000000,0.000000
1072,17.866566,1,1,11.476371,13.728037,0.000000,-4.927962,-17.696672,0.000000,0.000000,0.000000,0.000000,1.000000,0.000000,0.000000,0.000000
1073,17.883232,1,1,11.382630,13.430770,0.000000,-5.407432,-17.843634,0.000000,0.000000,0.000000,0.000000,1.000000,0.000000,0.000000,0.000000
1074,17.899899,1,1,11.280709,13.131275,0.000000,-5.895583,-17.981411,0.000000,0.000000,0.000000,0.000000,1.000000,0.000000,0.000000,0.000000
1075,17.916565,1,1,11.170418,12.829746,0.000000,-6.394134,-18.108315,0.000000,0.000000,0.000000,0.000000,1.000000,0.000000,0.000000,0.000000
1076,17.933231,1,1,11.051538,12.526410,0.000000,-6.904931,-18.222395,0.000000,0.000000,0.000000,0.000000,1.000000,0.000000,0.000000,0.000000
1077,17.949898,1,1,10.923817,12.221534,0.000000,-7.429875,-18.321400,0.000000,0.000000,0.000000,0.000000,1.000000,0.000000,0.000000,0.000000
1078,17.966564,1,1,10.786971,11.915431,0.000000,-7.970851,-18.402742,0.000000,0.000000,0.000000,0.000000,1.000000,0.000000,0.000000,0.000000
1079,17.983231,1,1,10.640689,11.608469,0.000000,-8.529625,-18.463476,0.000000,0.000000,0.000000,0.000000,1.000000,0.000000,0.000000,0.000000
1080,17.999897,1,1,10.484637,11.301066,0.000000,-9.107736,-18.500263,0.000000,0.000000,0.000000,0.000000,1.000000,0.000000,0.000000,0.000000
1081,18.016563,1,1,10.318461,10.993714,0.000000,-9.706398,-18.509380,0.000000,0.000000,0.000000,0.000000,1.000000,0.000000,0.000000,0.000000
1082,18.033230,1,1,10.141804,10.686973,0.000000,-10.326308,-18.486759,0.000000,0.000000,0.000000,0.000000,1.000000,0.000000,0.000000,0.000000
1083,18.049896,1,1,9.954305,10.381475,0.000000,-10.967510,-18.428040,0.000000,0.000000,0.000000,0.000000,1.000000,0.000000,0.000000,0.000000
1084,18.066563,1,1,9.755630,10.077929,0.000000,-11.629227,-18.328695,0.000000,0.000000,0.000000,0.000000,1.000000,0.000000,0.000000,0.000000
1085,18.083229,1,1,9.545477,9.777121,0.000000,-12.309690,-18.184191,0.000000,0.000000,0.000000,0.000000,1.000000,0.000000,0.000000,0.000000
1086,18.099895,1,1,9.323606,9.479909,0.000000,-13.005962,-17.990240,0.000000,0.000000,0.000000,0.000000,1.000000,0.000000,0.000000,0.000000
1087,18.116562,1,1,9.089857,9.187203,0.000000,-13.713844,-17.743101,0.000000,0.000000,0.000000,0.000000,1.000000,0.000000,0.000000,0.000000
1088,18.133228,1,1,8.844165,8.899959,0.000000,-14.427878,-17.439901,0.000000,0.000000,0.000000,0.000000,1.000000,0.000000,0.000000,0.000000
1089,18.149895,1,1,8.586588,8.619147,0.000000,-15.141404,-17.079006,0.000000,0.000000,0.000000,0.000000,1.000000,0.000000,0.000000,0.000000
1090,18.166561,1,1,8.317322,8.345733,0.000000,-15.846775,-16.660334,0.000000,0.000000,0.000000,0.000000,1.000000,0.000000,0.000000,0.000000
1091,18.183228,1,1,8.036698,8.080631,0.000000,-16.535736,-16.185587,0.000000,0.000000,0.000000,0.000000,1.000000,0.000000,0.000000,0.000000
1092,18.199894,1,1,7.745195,7.824693,0.000000,-17.199909,-15.658304,0.000000,0.000000,0.000000,0.000000,1.000000,0.000000,0.000000,0.000000
1093,18.216560,1,1,7.443418,7.578660,0.000000,-17.831305,-15.083791,0.000000,0.000000,0.000000,0.000000,1.000000,0.000000,0.000000,0.000000
1094,18.233227,1,1,7.132081,7.343157,0.000000,-18.422884,-14.468773,0.000000,0.000000,0.000000,0.000000,1.000000,0.000000,0.000000,0.000000
1095,18.249893,1,1,6.811985,7.118670,0.000000,-18.968985,-13.820951,0.000000,0.000000,0.000000,0.000000,1.000000,0.000000,0.000000,0.000000
1096,18.266560,1,1,6.483981,6.905547,0.000000,-19.465612,-13.148437,0.000000,0.000000,0.000000,0.000000,1.000000,0.000000,0.000000,0.000000
1097,18.283226,1,1,6.148946,6.704006,0.000000,-19.910545,-12.459194,0.000000,0.000000,0.000000,0.000000,1.000000,0.000000,0.000000,0.000000
1098,18.299892,1,1,5.807753,6.514150,0.000000,-20.303261,-11.760530,0.000000,0.000000,0.000000,0.000000,1.000000,0.000000,0.000000,0.000000
1099,18.316559,1,1,5.461246,6.335983,0.000000,-20.644718,-11.058739,0.000000,0.000000,0.000000,0.000000,1.000000,0.000000,0.000000,0.000000
1100,18.333225,1,1,5.110224,6.169437,0.000000,-20.937073,-10.358836,0.000000,0.000000,0.000000,0.000000,1.000000,0.000000,0.000000,0.000000
1101,18.349892,1,1,4.755434,6.014392,0.000000,-21.183315,-9.664482,0.000000,0.000000,0.000000,0.000000,1.000000,0.000000,0.000000,0.000000
1102,18.366558,1,1,4.397556,5.870704,0.000000,-21.386992,-8.977989,0.000000,0.000000,0.000000,0.000000,1.000000,0.000000,0.000000,0.000000
1103,18.383224,1,1,4.037207,5.738214,0.000000,-21.551886,-8.300409,0.000000,0.000000,0.000000,0.000000,1.000000,0.000000,0.000000,0.000000
1104,18.399891,1,1,3.674939,5.616780,0.000000,-21.681816,-7.631689,0.000000,0.000000,0.000000,0.000000,1.000000,0.000000,0.000000,0.000000
1105,18.416557,1,1,3.311247,5.506278,0.000000,-21.780466,-6.970853,0.000000,0.000000,0.000000,0.000000,1.000000,0.000000,0.000000,0.000000
1106,18.433224,1,1,2.946570,5.406622,0.000000,-21.851271,-6.316204,0.000000,0.000000,0.000000,0.000000,1.000000,0.000000,0.000000,0.000000
1107,18.449890,1,1,2.581294,5.317761,0.000000,-21.897373,-5.665510,0.000000,0.000000,0.000000,0.000000,1.000000,0.000000,0.000000,0.000000
1108,18.466557,1,1,2.215765,5.239697,0.000000,-21.921581,-5.016216,0.000000,0.000000,0.000000,0.000000,1.000000,0.000000,0.000000,0.000000
1109,18.483223,1,1,1.850289,5.172472,0.000000,-21.926388,-4.365645,0.000000,0.000000,0.000000,0.000000,1.000000,0.000000,0.000000,0.000000
1110,18.499889,1,1,1.485136,5.116169,0.000000,-21.914001,-3.711200,0.000000,0.000000,0.000000,0.000000,1.000000,0.000000,0.000000,0.000000
1111,18.516556,1,1,1.120546,5.070913,0.000000,-21.886375,-3.050573,0.000000,0.000000,0.000000,0.000000,1.000000,0.000000,0.000000,0.000000
1112,18.533222,1,1,0.756734,5.036853,0.000000,-21.845263,-2.381938,0.000000,0.000000,0.000000,0.000000,1.000000,0.000000,0.000000,0.000000
1113,18.549889,1,1,0.393886,5.014151,0.000000,-21.792231,-1.704143,0.000000,0.000000,0.000000,0.000000,1.000000,0.000000,0.000000,0.000000
1114,18.566555,1,1,0.032169,5.002969,0.000000,-21.728710,-1.016851,0.000000,0.000000,0.000000,0.000000,1.000000,0.000000,0.000000,0.000000
1115,18.583221,1,1,-0.328274,5.003455,0.000000,-21.655993,-0.320650,0.000000,0.000000,0.000000,0.000000,1.000000,0.000000,0.000000,0.000000
1116,18.599888,1,1,-0.687315,5.015721,0.000000,-21.575224,0.382940,0.000000,0.000000,0.000000,0.000000,1.000000,0.000000,0.000000,0.000000
1117,18.616554,1,1,-1.044842,5.039834,0.000000,-21.487381,1.091536,0.000000,0.000000,0.000000,0.000000,1.000000,0.000000,0.000000,0.000000
1118,18.633221,1,1,-1.400757,5.075807,0.000000,-21.393240,1.802070,0.000000,0.000000,0.000000,0.000000,1.000000,0.000000,0.000000,0.000000
1119,18.649887,1,1,-1.754967,5.123586,0.000000,-21.293331,2.511049,0.000000,0.000000,0.000000,0.000000,1.000000,0.000000,0.000000,0.000000
1120,18.666553,1,1,-2.107382,5.183064,0.000000,-21.187918,3.214872,0.000000,0.000000,0.000000,0.000000,1.000000,0.000000,0.000000,0.000000
1121,18.683220,1,1,-2.457909,5.254071,0.000000,-21.076960,3.910151,0.000000,0.000000,0.000000,0.000000,1.000000,0.000000,0.000000,0.000000
1122,18.699886,1,1,-2.806448,5.336400,0.000000,-20.960131,4.593997,0.000000,0.000000,0.000000,0.000000,1.000000,0.000000,0.000000,0.000000
1123,18.716553,1,1,-3.152888,5.429807,0.000000,-20.836803,5.264218,0.000000,0.000000,0.000000,0.000000,1.000000,0.000000,0.000000,0.000000
1124,18.733219,1,1,-3.497097,5.534032,0.000000,-20.706076,5.919436,0.000000,0.000000,0.000000,0.000000,1.000000,0.000000,0.000000,0.000000
1125,18.749886,1,1,-3.838926,5.648817,0.000000,-20.566797,6.559094,0.000000,0.000000,0.000000,0.000000,1.000000,0.000000,0.000000,0.000000
1126,18.766552,1,1,-4.178200,5.773906,0.000000,-20.417589,7.183383,0.000000,0.000000,0.000000,0.000000,1.000000,0.000000,0.000000,0.000000
1127,18.783218,1,1,-4.514714,5.909067,0.000000,-20.256861,7.793114,0.000000,0.000000,0.000000,0.000000,1.000000,0.000000,0.000000,0.000000
1128,18.799885,1,1,-4.848236,6.054087,0.000000,-20.082830,8.389555,0.000000,0.000000,0.000000,0.000000,1.000000,0.000000,0.000000,0.000000
1129,18.816551,1,1,-5.178494,6.208784,0.000000,-19.893526,8.974240,0.000000,0.000000,0.000000,0.000000,1.000000,0.000000,0.000000,0.000000
1130,18.833218,1,1,-5.505183,6.373004,0.000000,-19.686815,9.548794,0.000000,0.000000,0.000000,0.000000,1.000000,0.000000,0.000000,0.000000
1131,18.849884,1,1,-5.827959,6.546614,0.000000,-19.460430,10.114753,0.000000,0.000000,0.000000,0.000000,1.000000,0.000000,0.000000,0.000000
1132,18.866550,1,1,-6.146435,6.729505,0.000000,-19.211992,10.673412,0.000000,0.000000,0.000000,0.000000,1.000000,0.000000,0.000000,0.000000
1133,18.883217,1,1,-6.460185,6.921578,0.000000,-18.939072,11.225685,0.000000,0.000000,0.000000,0.000000,1.000000,0.000000,0.000000,0.000000
1134,18.899883,1,1,-6.768741,7.122737,0.000000,-18.639246,11.771979,0.000000,0.000000,0.000000,0.000000,1.000000,0.000000,0.000000,0.000000
1135,18.916550,1,1,-7.071598,7.332878,0.000000,-18.310209,12.312096,0.000000,0.000000,0.000000,0.000000,1.000000,0.000000,0.000000,0.000000
1136,18.933216,1,1,-7.368218,7.551877,0.000000,-17.949879,12.845165,0.000000,0.000000,0.000000,0.000000,1.000000,0.000000,0.000000,0.000000
1137,18.949883,1,1,-7.658036,7.779580,0.000000,-17.556519,13.369605,0.000000,0.000000,0.000000,0.000000,1.000000,0.000000,0.000000,0.000000
1138,18.966549,1,1,-7.940470,8.015785,0.000000,-17.128914,13.883133,0.000000,0.000000,0.000000,0.000000,1.000000,0.000000,0.000000,0.000000
1139,18.983215,1,1,-8.214934,8.260241,0.000000,-16.666496,14.382790,0.000000,0.000000,0.000000,0.000000,1.000000,0.000000,0.000000,0.000000
1140,18.999882,1,1,-8.480853,8.512630,0.000000,-16.169481,14.865071,0.000000,0.000000,0.000000,0.000000,1.000000,0.000000,0.000000,0.000000
1141,19.016548,1,1,-8.737677,8.772565,0.000000,-15.638989,15.326057,0.000000,0.000000,0.000000,0.000000,1.000000,0.000000,0.000000,0.000000
1142,19.033215,1,1,-8.984895,9.039594,0.000000,-15.077109,15.761621,0.000000,0.000000,0.000000,0.000000,1.000000,0.000000,0.000000,0.000000
1143,19.049881,1,1,-9.222055,9.313189,0.000000,-14.486866,16.167667,0.000000,0.000000,0.000000,0.000000,1.000000,0.000000,0.000000,0.000000
1144,19.066547,1,1,-9.448780,9.592766,0.000000,-13.872176,16.540359,0.000000,0.000000,0.000000,0.000000,1.000000,0.000000,0.000000,0.000000
1145,19.083214,1,1,-9.664773,9.877686,0.000000,-13.237659,16.876381,0.000000,0.000000,0.000000,0.000000,1.000000,0.000000,0.000000,0.000000
1146,19.099880,1,1,-9.869828,10.167274,0.000000,-12.588458,17.173115,0.000000,0.000000,0.000000,0.000000,1.000000,0.000000,0.000000,0.000000
1147,19.116547,1,1,-10.063831,10.460828,0.000000,-11.929968,17.428791,0.000000,0.000000,0.000000,0.000000,1.000000,0.000000,0.000000,0.000000
1148,19.133213,1,1,-10.246756,10.757646,0.000000,-11.267588,17.642540,0.000000,0.000000,0.000000,0.000000,1.000000,0.000000,0.000000,0.000000
1149,19.149879,1,1,-10.418662,11.057023,0.000000,-10.606466,17.814394,0.000000,0.000000,0.000000,0.000000,1.000000,0.000000,0.000000,0.000000
1150,19.166546,1,1,-10.579685,11.358283,0.000000,-9.951329,17.945213,0.000000,0.000000,0.000000,0.000000,1.000000,0.000000,0.000000,0.000000
1151,19.183212,1,1,-10.730023,11.660778,0.000000,-9.306290,18.036581,0.000000,0.000000,0.000000,0.000000,1.000000,0.000000,0.000000,0.000000
1152,19.199879,1,1,-10.869928,11.963902,0.000000,-8.674785,18.090631,0.000000,0.000000,0.000000,0.000000,1.000000,0.000000,0.000000,0.000000
1153,19.216545,1,1,-10.999693,12.267092,0.000000,-8.059531,18.109911,0.000000,0.000000,0.000000,0.000000,1.000000,0.000000,0.000000,0.000000
1154,19.233212,1,1,-11.119632,12.569835,0.000000,-7.462547,18.097214,0.000000,0.000000,0.000000,0.000000,1.000000,0.000000,0.000000,0.000000
1155,19.249878,1,1,-11.230085,12.871669,0.000000,-6.885205,18.055445,0.000000,0.000000,0.000000,0.000000,1.000000,0.000000,0.000000,0.000000
1156,19.266544,1,1,-11.331400,13.172175,0.000000,-6.328286,17.987522,0.000000,0.000000,0.000000,0.000000,1.000000,0.000000,0.000000,0.000000
1157,19.283211,1,1,-11.423919,13.470989,0.000000,-5.792096,17.896267,0.000000,0.000000,0.000000,0.000000,1.000000,0.000000,0.000000,0.000000
1158,19.299877,1,1,-11.507988,13.767785,0.000000,-5.276522,17.784363,0.000000,0.000000,0.000000,0.000000,1.000000,0.000000,0.000000,0.000000
1159,19.316544,1,1,-11.583938,14.062277,0.000000,-4.781139,17.654305,0.000000,0.000000,0.000000,0.000000,1.000000,0.000000,0.000000,0.000000
1160,19.333210,1,1,-11.652089,14.354219,0.000000,-4.305287,17.508373,0.000000,0.000000,0.000000,0.000000,1.000000,0.000000,0.000000,0.000000
1161,19.349876,1,1,-11.712749,14.643394,0.000000,-3.848128,17.348633,0.000000,0.000000,0.000000,0.000000,1.000000,0.000000,0.000000,0.000000
1162,19.366543,1,1,-11.766200,14.929616,0.000000,-3.408725,17.176926,0.000000,0.000000,0.000000,0.000000,1.000000,0.000000,0.000000,0.000000
1163,19.383209,1,1,-11.812716,15.212724,0.000000,-2.986077,16.994900,0.000000,0.000000,0.000000,0.000000,1.000000,0.000000,0.000000,0.000000
1164,19.399876,1,1,-11.852554,15.492579,0.000000,-2.579167,16.803999,0.000000,0.000000,0.000000,0.000000,1.000000,0.000000,0.000000,0.000000
1165,19.416542,1,1,-11.885948,15.769064,0.000000,-2.186996,16.605501,0.000000,0.000000,0.000000,0.000000,1.000000,0.000000,0.000000,0.000000
1166,19.433208,1,1,-11.913120,16.042082,0.000000,-1.808607,16.400513,0.000000,0.000000,0.000000,0.000000,1.000000,0.000000,0.000000,0.000000
1167,19.449875,1,1,-11.934278,16.311546,0.000000,-1.443099,16.190020,0.000000,0.000000,0.000000,0.000000,1.000000,0.000000,0.000000,0.000000
1168,19.466541,1,1,-11.949615,16.577383,0.000000,-1.089658,15.974874,0.000000,0.000000,0.000000,0.000000,1.000000,0.000000,0.000000,0.000000
1169,19.483208,1,1,-11.959317,16.839535,0.000000,-0.747557,15.755834,0.000000,0.000000,0.000000,0.000000,1.000000,0.000000,0.000000,0.000000
1170,19.499874,1,1,-11.963554,17.097950,0.000000,-0.416157,15.533569,0.000000,0.000000,0.000000,0.000000,1.000000,0.000000,0.000000,0.000000
1171,19.516541,1,1,-11.962495,17.352589,0.000000,-0.094923,15.308674,0.000000,0.000000,0.000000,0.000000,1.000000,0.000000,0.000000,0.000000
1172,19.533207,1,1,-11.956294,17.603424,0.000000,0.216593,15.081682,0.000000,0.000000,0.000000,0.000000,1.000000,0.000000,0.000000,0.000000
1173,19.549873,1,1,-11.945107,17.850428,0.000000,0.518738,14.853072,0.000000,0.000000,0.000000,0.000000,1.000000,0.000000,0.000000,0.000000
1174,19.566540,1,1,-11.929082,18.093586,0.000000,0.811772,14.623280,0.000000,0.000000,0.000000,0.000000,1.000000,0.000000,0.000000,0.000000
1175,19.583206,1,1,-11.908368,18.332886,0.000000,1.095875,14.392705,0.000000,0.000000,0.000000,0.000000,1.000000,0.000000,0.000000,0.000000
1176,19.599873,1,1,-11.883111,18.568323,0.000000,1.371154,14.161710,0.000000,0.000000,0.000000,0.000000,1.000000,0.000000,0.000000,0.000000
1177,19.616539,1,1,-11.853456,18.799904,0.000000,1.637653,13.930629,0.000000,0.000000,0.000000,0.000000,1.000000,0.000000,0.000000,0.000000
1178,19.633205,1,1,-11.819551,19.027628,0.000000,1.895363,13.699763,0.000000,0.000000,0.000000,0.000000,1.000000,0.000000,0.000000,0.000000
1179,19.649872,1,1,-11.781544,19.251507,0.000000,2.144250,13.469397,0.000000,0.000000,0.000000,0.000000,1.000000,0.000000,0.000000,0.000000
1180,19.666538,1,1,-11.739580,19.471560,0.000000,2.384239,13.239778,0.000000,0.000000,0.000000,0.000000,1.000000,0.000000,0.000000,0.000000
1181,19.683205,1,1,-11.693814,19.687798,0.000000,2.615245,13.011138,0.000000,0.000000,0.000000,0.000000,1.000000,0.000000,0.000000,0.000000
1182,19.699871,1,1,-11.644400,19.900246,0.000000,2.837190,12.783679,0.000000,0.000000,0.000000,0.000000,1.000000,0.000000,0.000000,0.000000
1183,19.716537,1,1,-11.591485,20.108927,0.000000,3.049994,12.557580,0.000000,0.000000,0.000000,0.000000,1.000000,0.000000,0.000000,0.000000
1184,19.733204,1,1,-11.535230,20.313869,0.000000,3.253599,12.333000,0.000000,0.000000,0.000000,0.000000,1.000000,0.000000,0.000000,0.000000
1185,19.749870,1,1,-11.475786,20.515099,0.000000,3.447962,12.110072,0.000000,0.000000,0.000000,0.000000,1.000000,0.000000,0.000000,0.000000
1186,19.766537,1,1,-11.413310,20.712648,0.000000,3.633081,11.888908,0.000000,0.000000,0.000000,0.000000,1.000000,0.000000,0.000000,0.000000
1187,19.783203,1,1,-11.347955,20.906551,0.000000,3.808976,11.669603,0.000000,0.000000,0.000000,0.000000,1.000000,0.000000,0.000000,0.000000
1188,19.799870,1,1,-11.279876,21.096834,0.000000,3.975703,11.452231,0.000000,0.000000,0.000000,0.000000,1.000000,0.000000,0.000000,0.000000
1189,19.816536,1,1,-11.209223,21.283533,0.000000,4.133345,11.236853,0.000000,0.000000,0.000000,0.000000,1.000000,0.000000,0.000000,0.000000
1190,19.833202,1,1,-11.136146,21.466682,0.000000,4.282026,11.023514,0.000000,0.000000,0.000000,0.000000,1.000000,0.000000,0.000000,0.000000
1191,19.849869,1,1,-11.060790,21.646320,0.000000,4.421896,10.812243,0.000000,0.000000,0.000000,0.000000,1.000000,0.000000,0.000000,0.000000
1192,19.866535,1,1,-10.983300,21.822481,0.000000,4.553127,10.603065,0.000000,0.000000,0.000000,0.000000,1.000000,0.000000,0.000000,0.000000
1193,19.883202,1,1,-10.903815,21.995195,0.000000,4.675920,10.395994,0.000000,0.000000,0.000000,0.000000,1.000000,0.000000,0.000000,0.000000
1194,19.899868,1,1,-10.822474,22.164505,0.000000,4.790489,10.191031,0.000000,0.000000,0.000000,0.000000,1.000000,0.000000,0.000000,0.000000
1195,19.916534,1,1,-10.739404,22.330442,0.000000,4.897068,9.988181,0.000000,0.000000,0.000000,0.000000,1.000000,0.000000,0.000000,0.000000
1196,19.933201,1,1,-10.654735,22.493038,0.000000,4.995897,9.787444,0.000000,0.000000,0.000000,0.000000,1.000000,0.000000,0.000000,0.000000
1197,19.949867,1,1,-10.568592,22.652330,0.000000,5.087230,9.588811,0.000000,0.000000,0.000000,0.000000,1.000000,0.000000,0.000000,0.000000
1198,19.966534,1,1,-10.481096,22.808352,0.000000,5.171315,9.392278,0.000000,0.000000,0.000000,0.000000,1.000000,0.000000,0.000000,0.000000
1199,19.983200,1,1,-10.392359,22.961142,0.000000,5.248413,9.197839,0.000000,0.000000,0.000000,0.000000,1.000000,0.000000,0.000000,0.000000
1200,19.999866,1,1,-10.302493,23.110733,0.000000,5.318773,9.005485,0.000000,0.000000,0.000000,0.000000,1.000000,0.000000,0.000000,0.000000
1201,20.016533,1,1,-10.211603,23.257162,0.000000,5.382653,8.815212,0.000000,0.000000,0.000000,0.000000,1.000000,0.000000,0.000000,0.000000
1202,20.033199,1,1,-10.119794,23.400459,0.000000,5.440295,8.627017,0.000000,0.000000,0.000000,0.000000,1.000000,0.000000,0.000000,0.000000
1203,20.049866,1,1,-10.027164,23.540659,0.000000,5.491941,8.440895,0.000000,0.000000,0.000000,0.000000,1.000000,0.000000,0.000000,0.000000
1204,20.066532,1,1,-9.933807,23.677797,0.000000,5.537825,8.256844,0.000000,0.000000,0.000000,0.000000,1.000000,0.000000,0.000000,0.000000
1205,20.083199,1,1,-9.839816,23.811911,0.000000,5.578171,8.074865,0.000000,0.000000,0.000000,0.000000,1.000000,0.000000,0.000000,0.000000
1206,20.099865,1,1,-9.745276,23.943029,0.000000,5.613200,7.894960,0.000000,0.000000,0.000000,0.000000,1.000000,0.000000,0.000000,0.000000
1207,20.116531,1,1,-9.650271,24.071194,0.000000,5.643122,7.717131,0.000000,0.000000,0.000000,0.000000,1.000000,0.000000,0.000000,0.000000
1208,20.133198,1,1,-9.554883,24.196434,0.000000,5.668139,7.541379,0.000000,0.000000,0.000000,0.000000,1.000000,0.000000,0.000000,0.000000
1209,20.149864,1,1,-9.459188,24.318787,0.000000,5.688443,7.367713,0.000000,0.000000,0.000000,0.000000,1.000000,0.000000,0.000000,0.000000
1210,20.166531,1,1,-9.363261,24.438284,0.000000,5.704223,7.196137,0.000000,0.000000,0.000000,0.000000,1.000000,0.000000,0.000000,0.000000
1211,20.183197,1,1,-9.267176,24.554962,0.000000,5.715653,7.026658,0.000000,0.000000,0.000000,0.000000,1.000000,0.000000,0.000000,0.000000
1212,20.199863,1,1,-9.170997,24.668858,0.000000,5.722907,6.859281,0.000000,0.000000,0.000000,0.000000,1.000000,0.000000,0.000000,0.000000
1213,20.216530,1,1,-9.074779,24.779997,0.000000,5.727047,6.693520,0.000000,0.000000,0.000000,0.000000,1.000000,0.000000,0.000000,0.000000
1214,20.233196,1,1,-8.978533,24.888386,0.000000,5.731165,6.527722,0.000000,0.000000,0.000000,0.000000,1.000000,0.000000,0.000000,0.000000
1215,20.249863,1,1,-8.882321,24.994062,0.000000,5.735258,6.361890,0.000000,0.000000,0.000000,0.000000,1.000000,0.000000,0.000000,0.000000
1216,20.266529,1,1,-8.786205,25.097059,0.000000,5.739319,6.196029,0.000000,0.000000,0.000000,0.000000,1.000000,0.000000,0.000000,0.000000
1217,20.283195,1,1,-8.690239,25.197418,0.000000,5.743339,6.030143,0.000000,0.000000,0.000000,0.000000,1.000000,0.000000,0.000000,0.000000
1218,20.299862,1,1,-8.594416,25.295135,0.000000,5.747309,5.864239,0.000000,0.000000,0.000000,0.000000,1.000000,0.000000,0.000000,0.000000
1219,20.316528,1,1,-8.498529,25.390087,0.000000,5.751231,5.698318,0.000000,0.000000,0.000000,0.000000,1.000000,0.000000,0.000000,0.000000
1220,20.333195,1,1,-8.402578,25.482273,0.000000,5.755130,5.532362,0.000000,0.000000,0.000000,0.000000,1.000000,0.000000,0.000000,0.000000
1221,20.349861,1,1,-8.306563,25.571692,0.000000,5.759007,5.366373,0.000000,0.000000,0.000000,0.000000,1.000000,0.000000,0.000000,0.000000
1222,20.366528,1,1,-8.210485,25.658342,0.000000,5.762862,5.200349,0.000000,0.000000,0.000000,0.000000,1.000000,0.000000,0.000000,0.000000
1223,20.383194,1,1,-8.114342,25.742226,0.000000,5.766695,5.034293,0.000000,0.000000,0.000000,0.000000,1.000000,0.000000,0.000000,0.000000
1224,20.399860,1,1,-8.018135,25.823341,0.000000,5.770504,4.868204,0.000000,0.000000,0.000000,0.000000,1.000000,0.000000,0.000000,0.000000
1225,20.416527,1,1,-7.921865,25.901688,0.000000,5.774291,4.702081,0.000000,0.000000,0.000000,0.000000,1.000000,0.000000,0.000000,0.000000
1226,20.433193,1,1,-7.825532,25.977266,0.000000,5.778055,4.535925,0.000000,0.000000,0.000000,0.000000,1.000000,0.000000,0.000000,0.000000
1227,20.449860,1,1,-7.729137,26.050074,0.000000,5.781795,4.369736,0.000000,0.000000,0.000000,0.000000,1.000000,0.000000,0.000000,0.000000
1228,20.466526,1,1,-7.632681,26.120110,0.000000,5.785511,4.203515,0.000000,0.000000,0.000000,0.000000,1.000000,0.000000,0.000000,0.000000
1229,20.483192,1,1,-7.536163,26.187374,0.000000,5.789203,4.037261,0.000000,0.000000,0.000000,0.000000,1.000000,0.000000,0.000000,0.000000
1230,20.499859,1,1,-7.439585,26.251867,0.000000,5.792870,3.870976,0.000000,0.000000,0.000000,0.000000,1.000000,0.000000,0.000000,0.000000
1231,20.516525,1,1,-7.342945,26.313589,0.000000,5.796512,3.704659,0.000000,0.000000,0.000000,0.000000,1.000000,0.000000,0.000000,0.000000
1232,20.533192,1,1,-7.246245,26.372538,0.000000,5.800129,3.538309,0.000000,0.000000,0.000000,0.000000,1.000000,0.000000,0.000000,0.000000
1233,20.549858,1,1,-7.149486,26.428713,0.000000,5.803721,3.371929,0.000000,0.000000,0.000000,0.000000,1.000000,0.000000,0.000000,0.000000
1234,20.566525,1,1,-7.052667,26.482115,0.000000,5.807287,3.205517,0.000000,0.000000,0.000000,0.000000,1.000000,0.000000,0.000000,0.000000
1235,20.583191,1,1,-6.955791,26.532742,0.000000,5.810828,3.039074,0.000000,0.000000,0.000000,0.000000,1.000000,0.000000,0.000000,0.000000
1236,20.599857,1,1,-6.858856,26.580593,0.000000,5.814341,2.872602,0.000000,0.000000,0.000000,0.000000,1.000000,0.000000,0.000000,0.000000
1237,20.616524,1,1,-6.761863,26.625669,0.000000,5.817828,2.706098,0.000000,0.000000,0.000000,0.000000,1.000000,0.000000,0.000000,0.000000
1238,20.633190,1,1,-6.664813,26.667971,0.000000,5.821289,2.539565,0.000000,0.000000,0.000000,0.000000,1.000000,0.000000,0.000000,0.000000
1239,20.649857,1,1,-6.567705,26.707497,0.000000,5.824722,2.373001,0.000000,0.000000,0.000000,0.000000,1.000000,0.000000,0.000000,0.000000
1240,20.666523,1,1,-6.470540,26.744246,0.000000,5.828129,2.206408,0.000000,0.000000,0.000000,0.000000,1.000000,0.000000,0.000000,0.000000
1241,20.683189,1,1,-6.373320,26.778215,0.000000,5.831508,2.039785,0.000000,0.000000,0.000000,0.000000,1.000000,0.000000,0.000000,0.000000
1242,20.699856,1,1,-6.276045,26.809408,0.000000,5.834859,1.873133,0.000000,0.000000,0.000000,0.000000,1.000000,0.000000,0.000000,0.000000
1243,20.716522,1,1,-6.178714,26.837822,0.000000,5.838182,1.706452,0.000000,0.000000,0.000000,0.000000,1.000000,0.000000,0.000000,0.000000
1244,20.733189,1,1,-6.081329,26.863457,0.000000,5.841477,1.539743,0.000000,0.000000,0.000000,0.000000,1.000000,0.000000,0.000000,0.000000
1245,20.749855,1,1,-5.983890,26.886314,0.000000,5.844743,1.373005,0.000000,0.000000,0.000000,0.000000,1.000000,0.000000,0.000000,0.000000
1246,20.766521,1,1,-5.886396,26.906391,0.000000,5.847981,1.206239,0.000000,0.000000,0.000000,0.000000,1.000000,0.000000,0.000000,0.000000
1247,20.783188,1,1,-5.788849,26.923689,0.000000,5.851190,1.039444,0.000000,0.000000,0.000000,0.000000,1.000000,0.000000,0.000000,0.000000
1248,20.799854,1,1,-5.691249,26.938204,0.000000,5.854370,0.872622,0.000000,0.000000,0.000000,0.000000,1.000000,0.000000,0.000000,0.000000
1249,20.816521,1,1,-5.593598,26.949938,0.000000,5.857520,0.705773,0.000000,0.000000,0.000000,0.000000,1.000000,0.000000,0.000000,0.000000
1250,20.833187,1,1,-5.495895,26.958891,0.000000,5.860641,0.538897,0.000000,0.000000,0.000000,0.000000,1.000000,0.000000,0.000000,0.000000
1251,20.849854,1,1,-5.398141,26.965063,0.000000,5.863731,0.371994,0.000000,0.000000,0.000000,0.000000,1.000000,0.000000,0.000000,0.000000
1252,20.866520,1,1,-5.300335,26.968452,0.000000,5.866791,0.205063,0.000000,0.000000,0.000000,0.000000,1.000000,0.000000,0.000000,0.000000
1253,20.883186,1,1,-5.202479,26.969059,0.000000,5.869821,0.038107,0.000000,0.000000,0.000000,0.000000,1.000000,0.000000,0.000000,0.000000
1254,20.899853,1,1,-5.104573,26.966883,0.000000,5.872821,-0.128876,0.000000,0.000000,0.000000,0.000000,1.000000,0.000000,0.000000,0.000000
1255,20.916519,1,1,-5.006618,26.961924,0.000000,5.875790,-0.295885,0.000000,0.000000,0.000000,0.000000,1.000000,0.000000,0.000000,0.000000
1256,20.933186,1,1,-4.908614,26.954180,0.000000,5.878727,-0.462919,0.000000,0.000000,0.000000,0.000000,1.000000,0.000000,0.000000,0.000000
1257,20.949852,1,1,-4.810563,26.943649,0.000000,5.881634,-0.629979,0.000000,0.000000,0.000000,0.000000,1.000000,0.000000,0.000000,0.000000
1258,20.966518,1,1,-4.712464,26.930334,0.000000,5.884509,-0.797063,0.000000,0.000000,0.000000,0.000000,1.000000,0.000000,0.000000,0.000000
1259,20.983185,1,1,-4.614318,26.914234,0.000000,5.887352,-0.964172,0.000000,0.000000,0.000000,0.000000,1.000000,0.000000,0.000000,0.000000
1260,20.999851,1,1,-4.516126,26.895350,0.000000,5.890163,-1.131305,0.000000,0.000000,0.000000,0.000000,1.000000,0.000000,0.000000,0.000000
1261,21.016518,1,1,-4.417888,26.873678,0.000000,5.892942,-1.298463,0.000000,0.000000,0.000000,0.000000,1.000000,0.000000,0.000000,0.000000
1262,21.033184,1,1,-4.319603,26.849220,0.000000,5.895689,-1.465645,0.000000,0.000000,0.000000,0.000000,1.000000,0.000000,0.000000,0.000000
1263,21.049850,1,1,-4.221273,26.821976,0.000000,5.898404,-1.632850,0.000000,0.000000,0.000000,0.000000,1.000000,0.000000,0.000000,0.000000
1264,21.066517,1,1,-4.122899,26.791945,0.000000,5.901085,-1.800079,0.000000,0.000000,0.000000,0.000000,1.000000,0.000000,0.000000,0.000000
1265,21.083183,1,1,-4.024481,26.759123,0.000000,5.903735,-1.967331,0.000000,0.000000,0.000000,0.000000,1.000000,0.000000,0.000000,0.000000
1266,21.099850,1,1,-3.926019,26.723516,0.000000,5.906350,-2.134605,0.000000,0.000000,0.000000,0.000000,1.000000,0.000000,0.000000,0.000000
1267,21.116516,1,1,-3.827515,26.685120,0.000000,5.908933,-2.301903,0.000000,0.000000,0.000000,0.000000,1.000000,0.000000,0.000000,0.000000
1268,21.133183,1,1,-3.728968,26.643936,0.000000,5.911481,-2.469222,0.000000,0.000000,0.000000,0.000000,1.000000,0.000000,0.000000,0.000000
1269,21.149849,1,1,-3.630380,26.599960,0.000000,5.913997,-2.636564,0.000000,0.000000,0.000000,0.000000,1.000000,0.000000,0.000000,0.000000
1270,21.166515,1,1,-3.531752,26.553196,0.000000,5.916478,-2.803926,0.000000,0.000000,0.000000,0.000000,1.000000,0.000000,0.000000,0.000000
1271,21.183182,1,1,-3.433082,26.503641,0.000000,5.918925,-2.971310,0.000000,0.000000,0.000000,0.000000,1.000000,0.000000,0.000000,0.000000
1272,21.199848,1,1,-3.334373,26.451296,0.000000,5.921338,-3.138714,0.000000,0.000000,0.000000,0.000000,1.000000,0.000000,0.000000,0.000000
1273,21.216515,1,1,-3.235624,26.396164,0.000000,5.923716,-3.306139,0.000000,0.000000,0.000000,0.000000,1.000000,0.000000,0.000000,0.000000
1274,21.233181,1,1,-3.136835,26.338238,0.000000,5.926061,-3.473585,0.000000,0.000000,0.000000,0.000000,1.000000,0.000000,0.000000,0.000000
1275,21.249847,1,1,-3.038009,26.277521,0.000000,5.928370,-3.641052,0.000000,0.000000,0.000000,0.000000,1.000000,0.000000,0.000000,0.000000
1276,21.266514,1,1,-2.939145,26.214012,0.000000,5.930644,-3.808537,0.000000,0.000000,0.000000,0.000000,1.000000,0.000000,0.000000,0.000000
1277,21.283180,1,1,-2.840244,26.147713,0.000000,5.932883,-3.976043,0.000000,0.000000,0.000000,0.000000,1.000000,0.000000,0.000000,0.000000
1278,21.299847,1,1,-2.741307,26.078619,0.000000,5.935087,-4.143568,0.000000,0.000000,0.000000,0.000000,1.000000,0.000000,0.000000,0.000000
1279,21.316513,1,1,-2.642334,26.006735,0.000000,5.937255,-4.311110,0.000000,0.000000,0.000000,0.000000,1.000000,0.000000,0.000000,0.000000
1280,21.333179,1,1,-2.543326,25.932056,0.000000,5.939388,-4.478672,0.000000,0.000000,0.000000,0.000000,1.000000,0.000000,0.000000,0.000000
1281,21.349846,1,1,-2.444284,25.854584,0.000000,5.941485,-4.646251,0.000000,0.000000,0.000000,0.000000,1.000000,0.000000,0.000000,0.000000
1282,21.366512,1,1,-2.345208,25.774319,0.000000,5.943546,-4.813848,0.000000,0.000000,0.000000,0.000000,1.000000,0.000000,0.000000,0.000000
1283,21.383179,1,1,-2.246098,25.691259,0.000000,5.945571,-4.981462,0.000000,0.000000,0.000000,0.000000,1.000000,0.000000,0.000000,0.000000
1284,21.399845,1,1,-2.146955,25.605408,0.000000,5.947559,-5.149095,0.000000,0.000000,0.000000,0.000000,1.000000,0.000000,0.000000,0.000000
1285,21.416512,1,1,-2.047780,25.516762,0.000000,5.949512,-5.316743,0.000000,0.000000,0.000000,0.000000,1.000000,0.000000,0.000000,0.000000
1286,21.433178,1,1,-1.948573,25.425320,0.000000,5.951427,-5.484409,0.000000,0.000000,0.000000,0.000000,1.000000,0.000000,0.000000,0.000000
1287,21.449844,1,1,-1.849335,25.331083,0.000000,5.953307,-5.652091,0.000000,0.000000,0.000000,0.000000,1.000000,0.000000,0.000000,0.000000
1288,21.466511,1,1,-1.750066,25.234053,0.000000,5.955150,-5.819789,0.000000,0.000000,0.000000,0.000000,1.000000,0.000000,0.000000,0.000000
1289,21.483177,1,1,-1.650768,25.134224,0.000000,5.956955,-5.987503,0.000000,0.000000,0.000000,0.000000,1.000000,0.000000,0.000000,0.000000
1290,21.499844,1,1,-1.551441,25.031603,0.000000,5.958724,-6.155231,0.000000,0.000000,0.000000,0.000000,1.000000,0.000000,0.000000,0.000000
1291,21.516510,1,1,-1.452086,24.926184,0.000000,5.960455,-6.322975,0.000000,0.000000,0.000000,0.000000,1.000000,0.000000,0.000000,0.000000
1292,21.533176,1,1,-1.352702,24.817970,0.000000,5.962150,-6.490733,0.000000,0.000000,0.000000,0.000000,1.000000,0.000000,0.000000,0.000000
1293,21.549843,1,1,-1.253292,24.706959,0.000000,5.963807,-6.658505,0.000000,0.000000,0.000000,0.000000,1.000000,0.000000,0.000000,0.000000
1294,21.566509,1,1,-1.153854,24.593153,0.000000,5.965426,-6.826291,0.000000,0.000000,0.000000,0.000000,1.000000,0.000000,0.000000,0.000000
1295,21.583176,1,1,-1.054390,24.476549,0.000000,5.967008,-6.994092,0.000000,0.000000,0.000000,0.000000,1.000000,0.000000,0.000000,0.000000
1296,21.599842,1,1,-0.954901,24.357147,0.000000,5.968551,-7.161906,0.000000,0.000000,0.000000,0.000000,1.000000,0.000000,0.000000,0.000000
1297,21.616508,1,1,-0.855388,24.234949,0.000000,5.970057,-7.329732,0.000000,0.000000,0.000000,0.000000,1.000000,0.000000,0.000000,0.000000
1298,21.633175,1,1,-0.755850,24.109953,0.000000,5.971525,-7.497571,0.000000,0.000000,0.000000,0.000000,1.000000,0.000000,0.000000,0.000000
1299,21.649841,1,1,-0.656289,23.982161,0.000000,5.972955,-7.665422,0.000000,0.000000,0.000000,0.000000,1.000000,0.000000,0.000000,0.000000
1300,21.666508,1,1,-0.556705,23.851570,0.000000,5.974347,-7.833286,0.000000,0.000000,0.000000,0.000000,1.000000,0.000000,0.000000,0.000000
1301,21.683174,1,1,-0.457098,23.718182,0.000000,5.975700,-8.001162,0.000000,0.000000,0.000000,0.000000,1.000000,0.000000,0.000000,0.000000
1302,21.699841,1,1,-0.357469,23.581995,0.000000,5.977015,-8.169048,0.000000,0.000000,0.000000,0.000000,1.000000,0.000000,0.000000,0.000000
1303,21.716507,1,1,-0.257820,23.443010,0.000000,5.978292,-8.336946,0.000000,0.000000,0.000000,0.000000,1.000000,0.000000,0.000000,0.000000
1304,21.733173,1,1,-0.158150,23.301224,0.000000,5.979530,-8.504855,0.000000,0.000000,0.000000,0.000000,1.000000,0.000000,0.000000,0.000000
1305,21.749840,1,1,-0.058462,23.156641,0.000000,5.980730,-8.672773,0.000000,0.000000,0.000000,0.000000,1.000000,0.000000,0.000000,0.000000
1306,21.766506,1,1,0.041246,23.009260,0.000000,5.981890,-8.840701,0.000000,0.000000,0.000000,0.000000,1.000000,0.000000,0.000000,0.000000
1307,21.783173,1,1,0.140973,22.859079,0.000000,5.983012,-9.008639,0.000000,0.000000,0.000000,0.000000,1.000000,0.000000,0.000000,0.000000
1308,21.799839,1,1,0.240718,22.706100,0.000000,5.984096,-9.176586,0.000000,0.000000,0.000000,0.000000,1.000000,0.000000,0.000000,0.000000
1309,21.816505,1,1,0.340479,22.550320,0.000000,5.985140,-9.344543,0.000000,0.000000,0.000000,0.000000,1.000000,0.000000,0.000000,0.000000
1310,21.833172,1,1,0.440256,22.391739,0.000000,5.986145,-9.512507,0.000000,0.000000,0.000000,0.000000,1.000000,0.000000,0.000000,0.000000
1311,21.849838,1,1,0.540049,22.230362,0.000000,5.987111,-9.680481,0.000000,0.000000,0.000000,0.000000,1.000000,0.000000,0.000000,0.000000
1312,21.866505,1,1,0.639858,22.066185,0.000000,5.988038,-9.848461,0.000000,0.000000,0.000000,0.000000,1.000000,0.000000,0.000000,0.000000
1313,21.883171,1,1,0.739681,21.899206,0.000000,5.988925,-10.016451,0.000000,0.000000,0.000000,0.000000,1.000000,0.000000,0.000000,0.000000
1314,21.899837,1,1,0.839518,21.729427,0.000000,5.989773,-10.184446,0.000000,0.000000,0.000000,0.000000,1.000000,0.000000,0.000000,0.000000
1315,21.916504,1,1,0.939368,21.556850,0.000000,5.990582,-10.352448,0.000000,0.000000,0.000000,0.000000,1.000000,0.000000,0.000000,0.000000
1316,21.933170,1,1,1.039231,21.381472,0.000000,5.991352,-10.520458,0.000000,0.000000,0.000000,0.000000,1.000000,0.000000,0.000000,0.000000
1317,21.949837,1,1,1.139105,21.203293,0.000000,5.992082,-10.688474,0.000000,0.000000,0.000000,0.000000,1.000000,0.000000,0.000000,0.000000
1318,21.966503,1,1,1.238990,21.022312,0.000000,5.992772,-10.856495,0.000000,0.000000,0.000000,0.000000,1.000000,0.000000,0.000000,0.000000
1319,21.983170,1,1,1.338886,20.838533,0.000000,5.993423,-11.024522,0.000000,0.000000,0.000000,0.000000,1.000000,0.000000,0.000000,0.000000
1320,21.999836,1,1,1.438792,20.651955,0.000000,5.994034,-11.192554,0.000000,0.000000,0.000000,0.000000,1.000000,0.000000,0.000000,0.000000
1321,22.016502,1,1,1.538708,20.462574,0.000000,5.994606,-11.360591,0.000000,0.000000,0.000000,0.000000,1.000000,0.000000,0.000000,0.000000
1322,22.033169,1,1,1.638631,20.270390,0.000000,5.995138,-11.528632,0.000000,0.000000,0.000000,0.000000,1.000000,0.000000,0.000000,0.000000
1323,22.049835,1,1,1.738562,20.075407,0.000000,5.995631,-11.696677,0.000000,0.000000,0.000000,0.000000,1.000000,0.000000,0.000000,0.000000
1324,22.066502,1,1,1.838501,19.877623,0.000000,5.996083,-11.864727,0.000000,0.000000,0.000000,0.000000,1.000000,0.000000,0.000000,0.000000
1325,22.083168,1,1,1.938446,19.677040,0.000000,5.996496,-12.032779,0.000000,0.000000,0.000000,0.000000,1.000000,0.000000,0.000000,0.000000
1326,22.099834,1,1,2.038397,19.473654,0.000000,5.996869,-12.200835,0.000000,0.000000,0.000000,0.000000,1.000000,0.000000,0.000000,0.000000
1327,22.116501,1,1,2.138353,19.267469,0.000000,5.997202,-12.368894,0.000000,0.000000,0.000000,0.000000,1.000000,0.000000,0.000000,0.000000
1328,22.133167,1,1,2.238313,19.058481,0.000000,5.997495,-12.536954,0.000000,0.000000,0.000000,0.000000,1.000000,0.000000,0.000000,0.000000
1329,22.149834,1,1,2.338278,18.846693,0.000000,5.997749,-12.705017,0.000000,0.000000,0.000000,0.000000,1.000000,0.000000,0.000000,0.000000
1330,22.166500,1,1,2.438246,18.632103,0.000000,5.997962,-12.873081,0.000000,0.000000,0.000000,0.000000,1.000000,0.000000,0.000000,0.000000
1331,22.183167,1,1,2.538216,18.414713,0.000000,5.998137,-13.041147,0.000000,0.000000,0.000000,0.000000,1.000000,0.000000,0.000000,0.000000
1332,22.199833,1,1,2.638188,18.194521,0.000000,5.998271,-13.209214,0.000000,0.000000,0.000000,0.000000,1.000000,0.000000,0.000000,0.000000
1333,22.216499,1,1,2.738162,17.971529,0.000000,5.998365,-13.377281,0.000000,0.000000,0.000000,0.000000,1.000000,0.000000,0.000000,0.000000
1334,22.233166,1,1,2.838136,17.745735,0.000000,5.998419,-13.545349,0.000000,0.000000,0.000000,0.000000,1.000000,0.000000,0.000000,0.000000
1335,22.249832,1,1,2.938110,17.517139,0.000000,5.998434,-13.713417,0.000000,0.000000,0.000000,0.000000,1.000000,0.000000,0.000000,0.000000
1336,22.266499,1,1,3.038083,17.285744,0.000000,5.998408,-13.881484,0.000000,0.000000,0.000000,0.000000,1.000000,0.000000,0.000000,0.000000
1337,22.283165,1,1,3.138055,17.051546,0.000000,5.998343,-14.049551,0.000000,0.000000,0.000000,0.000000,1.000000,0.000000,0.000000,0.000000
1338,22.299831,1,1,3.238025,16.814548,0.000000,5.998238,-14.217616,0.000000,0.000000,0.000000,0.000000,1.000000,0.000000,0.000000,0.000000
1339,22.316498,1,1,3.337992,16.574749,0.000000,5.998093,-14.385680,0.000000,0.000000,0.000000,0.000000,1.000000,0.000000,0.000000,0.000000
1340,22.333164,1,1,3.437956,16.332148,0.000000,5.997908,-14.553743,0.000000,0.000000,0.000000,0.000000,1.000000,0.000000,0.000000,0.000000
1341,22.349831,1,1,3.537915,16.086746,0.000000,5.997684,-14.721803,0.000000,0.000000,0.000000,0.000000,1.000000,0.000000,0.000000,0.000000
1342,22.366497,1,1,3.637870,15.838544,0.000000,5.997419,-14.889861,0.000000,0.000000,0.000000,0.000000,1.000000,0.000000,0.000000,0.000000
1343,22.383163,1,1,3.737820,15.587541,0.000000,5.997115,-15.057916,0.000000,0.000000,0.000000,0.000000,1.000000,0.000000,0.000000,0.000000
1344,22.399830,1,1,3.837763,15.333736,0.000000,5.996771,-15.225967,0.000000,0.000000,0.000000,0.000000,1.000000,0.000000,0.000000,0.000000
1345,22.416496,1,1,3.937700,15.077131,0.000000,5.996387,-15.394015,0.000000,0.000000,0.000000,0.000000,1.000000,0.000000,0.000000,0.000000
1346,22.433163,1,1,4.037629,14.817725,0.000000,5.995965,-15.562060,0.000000,0.000000,0.000000,0.000000,1.000000,0.000000,0.000000,0.000000
1347,22.449829,1,1,4.137550,14.555520,0.000000,5.995502,-15.730100,0.000000,0.000000,0.000000,0.000000,1.000000,0.000000,0.000000,0.000000
1348,22.466496,1,1,4.237463,14.290513,0.000000,5.995000,-15.898136,0.000000,0.000000,0.000000,0.000000,1.000000,0.000000,0.000000,0.000000
1349,22.483162,1,1,4.337366,14.022705,0.000000,5.994458,-16.066168,0.000000,0.000000,0.000000,0.000000,1.000000,0.000000,0.000000,0.000000
1350,22.499828,1,1,4.437259,13.752097,0.000000,5.993877,-16.234194,0.000000,0.000000,0.000000,0.000000,1.000000,0.000000,0.000000,0.000000
1351,22.516495,1,1,4.537142,13.478690,0.000000,5.993257,-16.402212,0.000000,0.000000,0.000000,0.000000,1.000000,0.000000,0.000000,0.000000
1352,22.533161,1,1,4.637013,13.202481,0.000000,5.992597,-16.570227,0.000000,0.000000,0.000000,0.000000,1.000000,0.000000,0.000000,0.000000
1353,22.549828,1,1,4.736872,12.923473,0.000000,5.991898,-16.738234,0.000000,0.000000,0.000000,0.000000,1.000000,0.000000,0.000000,0.000000
1354,22.566494,1,1,4.836718,12.641665,0.000000,5.991159,-16.906235,0.000000,0.000000,0.000000,0.000000,1.000000,0.000000,0.000000,0.000000
1355,22.583160,1,1,4.936551,12.357057,0.000000,5.990382,-17.074230,0.000000,0.000000,0.000000,0.000000,1.000000,0.000000,0.000000,0.000000
1356,22.599827,1,1,5.036370,12.069649,0.000000,5.989565,-17.242216,0.000000,0.000000,0.000000,0.000000,1.000000,0.000000,0.000000,0.000000
1357,22.616493,1,1,5.136175,11.779442,0.000000,5.988710,-17.410194,0.000000,0.000000,0.000000,0.000000,1.000000,0.000000,0.000000,0.000000
1358,22.633160,1,1,5.235964,11.486435,0.000000,5.987815,-17.578167,0.000000,0.000000,0.000000,0.000000,1.000000,0.000000,0.000000,0.000000
1359,22.649826,1,1,5.335737,11.190630,0.000000,5.986882,-17.746128,0.000000,0.000000,0.000000,0.000000,1.000000,0.000000,0.000000,0.000000
1360,22.666492,1,1,5.435494,10.892025,0.000000,5.985909,-17.914083,0.000000,0.000000,0.000000,0.000000,1.000000,0.000000,0.000000,0.000000
1361,22.683159,1,1,5.535233,10.590621,0.000000,5.984899,-18.082027,0.000000,0.000000,0.000000,0.000000,1.000000,0.000000,0.000000,0.000000
1362,22.699825,1,1,5.634955,10.286418,0.000000,5.983849,-18.249964,0.000000,0.000000,0.000000,0.000000,1.000000,0.000000,0.000000,0.000000
1363,22.716492,1,1,5.734686,9.979527,0.000000,5.983849,-18.413464,0.000000,0.000000,0.000000,0.000000,1.000000,0.000000,0.000000,0.000000
1364,22.733158,1,1,5.834417,9.669910,0.000000,5.983849,-18.576963,0.000000,0.000000,0.000000,0.000000,1.000000,0.000000,0.000000,0.000000
1365,22.749825,1,1,5.934148,9.357570,0.000000,5.983849,-18.740463,0.000000,0.000000,0.000000,0.000000,1.000000,0.000000,0.000000,0.000000
1366,22.766491,1,1,6.033879,9.042503,0.000000,5.983849,-18.903963,0.000000,0.000000,0.000000,0.000000,1.000000,0.000000,0.000000,0.000000
1367,22.783157,1,1,6.133610,8.724712,0.000000,5.983849,-19.067463,0.000000,0.000000,0.000000,0.000000,1.000000,0.000000,0.000000,0.000000
1368,22.799824,1,1,6.233341,8.404197,0.000000,5.983849,-19.230963,0.000000,0.000000,0.000000,0.000000,1.000000,0.000000,0.000000,0.000000
1369,22.816490,1,1,6.333072,8.080956,0.000000,5.983849,-19.394463,0.000000,0.000000,0.000000,0.000000,1.000000,0.000000,0.000000,0.000000
1370,22.833157,1,1,6.432803,7.754990,0.000000,5.983849,-19.557962,0.000000,0.000000,0.000000,0.000000,1.000000,0.000000,0.000000,0.000000
1371,22.849823,1,1,6.532534,7.426299,0.000000,5.983849,-19.721462,0.000000,0.000000,0.000000,0.000000,1.000000,0.000000,0.000000,0.000000
1372,22.866489,1,1,6.346231,7.176932,0.000000,-3.581048,-17.178072,0.000000,0.000000,0.000000,0.000000,1.000000,0.000000,0.000000,0.000000
1373,22.883156,1,1,6.224814,6.918609,0.000000,-5.929628,-16.175457,0.000000,0.000000,0.000000,0.000000,1.000000,0.000000,0.000000,0.000000
1374,22.899822,1,1,6.068101,6.688470,0.000000,-8.245013,-14.653765,0.000000,0.000000,0.000000,0.000000,1.000000,0.000000,0.000000,0.000000
1375,22.916489,1,1,5.870557,6.503948,0.000000,-10.661117,-12.310759,0.000000,0.000000,0.000000,0.000000,1.000000,0.000000,0.000000,0.000000
1376,22.933155,1,1,5.638462,6.377695,0.000000,-12.849971,-9.190763,0.000000,0.000000,0.000000,0.000000,1.000000,0.000000,0.000000,0.000000
1377,22.949821,1,1,5.385421,6.311002,0.000000,-14.414615,-5.761953,0.000000,0.000000,0.000000,0.000000,1.000000,0.000000,0.000000,0.000000
1378,22.966488,1,1,5.124996,6.293775,0.000000,-15.228330,-2.632292,0.000000,0.000000,0.000000,0.000000,1.000000,0.000000,0.000000,0.000000
1379,22.983154,1,1,4.865471,6.313501,0.000000,-15.459256,-0.103317,0.000000,0.000000,0.000000,0.000000,1.000000,0.000000,0.000000,0.000000
1380,22.999821,1,1,4.610877,6.360592,0.000000,-15.333728,1.834339,0.000000,0.000000,0.000000,0.000000,1.000000,0.000000,0.000000,0.000000
1381,23.016487,1,1,4.363173,6.428276,0.000000,-15.012209,3.298061,0.000000,0.000000,0.000000,0.000000,1.000000,0.000000,0.000000,0.000000
1382,23.033154,1,1,4.123353,6.511631,0.000000,-14.587796,4.405429,0.000000,0.000000,0.000000,0.000000,1.000000,0.000000,0.000000,0.000000
1383,23.049820,1,1,3.891908,6.606980,0.000000,-14.110905,5.247616,0.000000,0.000000,0.000000,0.000000,1.000000,0.000000,0.000000,0.000000
1384,23.066486,1,1,3.669069,6.711510,0.000000,-13.608243,5.890012,0.000000,0.000000,0.000000,0.000000,1.000000,0.000000,0.000000,0.000000
1385,23.083153,1,1,3.454927,6.823006,0.000000,-13.093941,6.378431,0.000000,0.000000,0.000000,0.000000,1.000000,0.000000,0.000000,0.000000
1386,23.099819,1,1,3.249497,6.939678,0.000000,-12.575570,6.744920,0.000000,0.000000,0.000000,0.000000,1.000000,0.000000,0.000000,0.000000
1387,23.116486,1,1,3.052746,7.060041,0.000000,-12.057306,7.012102,0.000000,0.000000,0.000000,0.000000,1.000000,0.000000,0.000000,0.000000
1388,23.133152,1,1,2.864617,7.182830,0.000000,-11.541596,7.196150,0.000000,0.000000,0.000000,0.000000,1.000000,0.000000,0.000000,0.000000
1389,23.149818,1,1,2.685029,7.306936,0.000000,-11.030087,7.308774,0.000000,0.000000,0.000000,0.000000,1.000000,0.000000,0.000000,0.000000
1390,23.166485,1,1,2.513873,7.431371,0.000000,-10.524089,7.358608,0.000000,0.000000,0.000000,0.000000,1.000000,0.000000,0.000000,0.000000
1391,23.183151,1,1,2.350998,7.555232,0.000000,-10.025424,7.352008,0.000000,0.000000,0.000000,0.000000,1.000000,0.000000,0.000000,0.000000
1392,23.199818,1,1,2.196258,7.677702,0.000000,-9.535306,7.294127,0.000000,0.000000,0.000000,0.000000,1.000000,0.000000,0.000000,0.000000
1393,23.216484,1,1,2.049493,7.798024,0.000000,-9.054779,7.189053,0.000000,0.000000,0.000000,0.000000,1.000000,0.000000,0.000000,0.000000
1394,23.233150,1,1,1.910779,7.915493,0.000000,-8.567153,7.040616,0.000000,0.000000,0.000000,0.000000,1.000000,0.000000,0.000000,0.000000
1395,23.249817,1,1,1.779232,8.029450,0.000000,-8.124743,6.851043,0.000000,0.000000,0.000000,0.000000,1.000000,0.000000,0.000000,0.000000
1396,23.266483,1,1,1.655283,8.139216,0.000000,-7.665899,6.619808,0.000000,0.000000,0.000000,0.000000,1.000000,0.000000,0.000000,0.000000
1397,23.283150,1,1,1.537961,8.244331,0.000000,-7.258935,6.359189,0.000000,0.000000,0.000000,0.000000,1.000000,0.000000,0.000000,0.000000
1398,23.299816,1,1,1.427583,8.344074,0.000000,-6.834828,6.054939,0.000000,0.000000,0.000000,0.000000,1.000000,0.000000,0.000000,0.000000
1399,23.316483,1,1,1.323877,8.437872,0.000000,-6.426765,5.715811,0.000000,0.000000,0.000000,0.000000,1.000000,0.000000,0.000000,0.000000
1400,23.333149,1,1,1.225134,8.525926,0.000000,-6.105488,5.380074,0.000000,0.000000,0.000000,0.000000,1.000000,0.000000,0.000000,0.000000
1401,23.349815,1,1,1.132266,8.607095,0.000000,-5.749769,4.985539,0.000000,0.000000,0.000000,0.000000,1.000000,0.000000,0.000000,0.000000
1402,23.366482,1,1,1.044785,8.680985,0.000000,-5.416022,4.563083,0.000000,0.000000,0.000000,0.000000,1.000000,0.000000,0.000000,0.000000
1403,23.383148,1,1,0.960841,8.748500,0.000000,-5.181156,4.183643,0.000000,0.000000,0.000000,0.000000,1.000000,0.000000,0.000000,0.000000
1404,23.399815,1,1,0.881357,8.808059,0.000000,-4.906369,3.722387,0.000000,0.000000,0.000000,0.000000,1.000000,0.000000,0.000000,0.000000
1405,23.416481,1,1,0.805795,8.859426,0.000000,-4.658096,3.241209,0.000000,0.000000,0.000000,0.000000,1.000000,0.000000,0.000000,0.000000
1406,23.433147,1,1,0.732142,8.904667,0.000000,-4.517575,2.864029,0.000000,0.000000,0.000000,0.000000,1.000000,0.000000,0.000000,0.000000
1407,23.449814,1,1,0.661507,8.941180,0.000000,-4.331271,2.360685,0.000000,0.000000,0.000000,0.000000,1.000000,0.000000,0.000000,0.000000
1408,23.466480,1,1,0.592355,8.971026,0.000000,-4.225981,1.962249,0.000000,0.000000,0.000000,0.000000,1.000000,0.000000,0.000000,0.000000
1409,23.483147,1,1,0.525089,8.992110,0.000000,-4.099356,1.443113,0.000000,0.000000,0.000000,0.000000,1.000000,0.000000,0.000000,0.000000
1410,23.499813,1,1,0.458524,9.006908,0.000000,-4.042183,1.067271,0.000000,0.000000,0.000000,0.000000,1.000000,0.000000,0.000000,0.000000
1411,23.516479,1,1,0.392849,9.012898,0.000000,-3.974436,0.541017,0.000000,0.000000,0.000000,0.000000,1.000000,0.000000,0.000000,0.000000
1412,23.533146,1,1,0.327259,9.013104,0.000000,-3.954312,0.189251,0.000000,0.000000,0.000000,0.000000,1.000000,0.000000,0.000000,0.000000
1413,23.549812,1,1,0.261614,9.004452,0.000000,-3.943882,-0.337384,0.000000,0.000000,0.000000,0.000000,1.000000,0.000000,0.000000,0.000000
1414,23.566479,1,1,0.195607,8.990450,0.000000,-3.952246,-0.672028,0.000000,0.000000,0.000000,0.000000,1.000000,0.000000,0.000000,0.000000
1415,23.583145,1,1,0.128598,8.967569,0.000000,-3.997730,-1.193583,0.000000,0.000000,0.000000,0.000000,1.000000,0.000000,0.000000,0.000000
1416,23.599812,1,1,0.060860,8.939578,0.000000,-4.031834,-1.522231,0.000000,0.000000,0.000000,0.000000,1.000000,0.000000,0.000000,0.000000
1417,23.616478,1,1,-0.008852,8.902781,0.000000,-4.132342,-2.033546,0.000000,0.000000,0.000000,0.000000,1.000000,0.000000,0.000000,0.000000
1418,23.633144,1,1,-0.079697,8.860905,0.000000,-4.195588,-2.365745,0.000000,0.000000,0.000000,0.000000,1.000000,0.000000,0.000000,0.000000
1419,23.649811,1,1,-0.152903,8.811726,0.000000,-4.314983,-2.784959,0.000000,0.000000,0.000000,0.000000,1.000000,0.000000,0.000000,0.000000
1420,23.666477,1,1,-0.229356,8.754571,0.000000,-4.496343,-3.268827,0.000000,0.000000,0.000000,0.000000,1.000000,0.000000,0.000000,0.000000
1421,23.683144,1,1,-0.307901,8.692016,0.000000,-4.616091,-3.609955,0.000000,0.000000,0.000000,0.000000,1.000000,0.000000,0.000000,0.000000
1422,23.699810,1,1,-0.390691,8.621770,0.000000,-4.850091,-4.067420,0.000000,0.000000,0.000000,0.000000,1.000000,0.000000,0.000000,0.000000
1423,23.716476,1,1,-0.476253,8.546191,0.000000,-5.015988,-4.408605,0.000000,0.000000,0.000000,0.000000,1.000000,0.000000,0.000000,0.000000
1424,23.733143,1,1,-0.566966,8.463500,0.000000,-5.300170,-4.831372,0.000000,0.000000,0.000000,0.000000,1.000000,0.000000,0.000000,0.000000
1425,23.749809,1,1,-0.661211,8.375669,0.000000,-5.514953,-5.161528,0.000000,0.000000,0.000000,0.000000,1.000000,0.000000,0.000000,0.000000
1426,23.766476,1,1,-0.761397,8.281515,0.000000,-5.845296,-5.540863,0.000000,0.000000,0.000000,0.000000,1.000000,0.000000,0.000000,0.000000
1427,23.783142,1,1,-0.865867,8.182610,0.000000,-6.107872,-5.847144,0.000000,0.000000,0.000000,0.000000,1.000000,0.000000,0.000000,0.000000
1428,23.799809,1,1,-0.976956,8.078331,0.000000,-6.478930,-6.174462,0.000000,0.000000,0.000000,0.000000,1.000000,0.000000,0.000000,0.000000
1429,23.816475,1,1,-1.093000,7.969903,0.000000,-6.785271,-6.444254,0.000000,0.000000,0.000000,0.000000,1.000000,0.000000,0.000000,0.000000
1430,23.833141,1,1,-1.216235,7.857178,0.000000,-7.190428,-6.711373,0.000000,0.000000,0.000000,0.000000,1.000000,0.000000,0.000000,0.000000
1431,23.849808,1,1,-1.344983,7.741094,0.000000,-7.534904,-6.933080,0.000000,0.000000,0.000000,0.000000,1.000000,0.000000,0.000000,0.000000
1432,23.866474,1,1,-1.480892,7.621966,0.000000,-7.937235,-7.129743,0.000000,0.000000,0.000000,0.000000,1.000000,0.000000,0.000000,0.000000
1433,23.883141,1,1,-1.624159,7.500447,0.000000,-8.376157,-7.291822,0.000000,0.000000,0.000000,0.000000,1.000000,0.000000,0.000000,0.000000
1434,23.899807,1,1,-1.773691,7.377075,0.000000,-8.766638,-7.420712,0.000000,0.000000,0.000000,0.000000,1.000000,0.000000,0.000000,0.000000
1435,23.916473,1,1,-1.930885,7.252647,0.000000,-9.203676,-7.506289,0.000000,0.000000,0.000000,0.000000,1.000000,0.000000,0.000000,0.000000
1436,23.933140,1,1,-2.095437,7.127845,0.000000,-9.645565,-7.549865,0.000000,0.000000,0.000000,0.000000,1.000000,0.000000,0.000000,0.000000
1437,23.949806,1,1,-2.267437,7.003453,0.000000,-10.093209,-7.547573,0.000000,0.000000,0.000000,0.000000,1.000000,0.000000,0.000000,0.000000
1438,23.966473,1,1,-2.446966,6.880341,0.000000,-10.545780,-7.494777,0.000000,0.000000,0.000000,0.000000,1.000000,0.000000,0.000000,0.000000
1439,23.983139,1,1,-2.634098,6.759500,0.000000,-11.002178,-7.385481,0.000000,0.000000,0.000000,0.000000,1.000000,0.000000,0.000000,0.000000
1440,23.999805,1,1,-2.828852,6.642049,0.000000,-11.460450,-7.212263,0.000000,0.000000,0.000000,0.000000,1.000000,0.000000,0.000000,0.000000
1441,24.016472,1,1,-3.031186,6.529275,0.000000,-11.917640,-6.965920,0.000000,0.000000,0.000000,0.000000,1.000000,0.000000,0.000000,0.000000
1442,24.033138,1,1,-3.240999,6.422699,0.000000,-12.370143,-6.634052,0.000000,0.000000,0.000000,0.000000,1.000000,0.000000,0.000000,0.000000
1443,24.049805,1,1,-3.458084,6.324148,0.000000,-12.812537,-6.200247,0.000000,0.000000,0.000000,0.000000,1.000000,0.000000,0.000000,0.000000
1444,24.066471,1,1,-3.682068,6.235856,0.000000,-13.236250,-5.642814,0.000000,0.000000,0.000000,0.000000,1.000000,0.000000,0.000000,0.000000
1445,24.083138,1,1,-3.912303,6.160587,0.000000,-13.627419,-4.933349,0.000000,0.000000,0.000000,0.000000,1.000000,0.000000,0.000000,0.000000
1446,24.099804,1,1,-4.147696,6.101768,0.000000,-13.963442,-4.035789,0.000000,0.000000,0.000000,0.000000,1.000000,0.000000,0.000000,0.000000
1447,24.116470,1,1,-4.386436,6.063591,0.000000,-14.208007,-2.907452,0.000000,0.000000,0.000000,0.000000,1.000000,0.000000,0.000000,0.000000
1448,24.133137,1,1,-4.625622,6.050947,0.000000,-14.305302,-1.505989,0.000000,0.000000,0.000000,0.000000,1.000000,0.000000,0.000000,0.000000
1449,24.149803,1,1,-4.860893,6.068935,0.000000,-14.177891,0.191183,0.000000,0.000000,0.000000,0.000000,1.000000,0.000000,0.000000,0.000000
1450,24.166470,1,1,-5.086396,6.121629,0.000000,-13.739740,2.149941,0.000000,0.000000,0.000000,0.000000,1.000000,0.000000,0.000000,0.000000
1451,24.183136,1,1,-5.295660,6.210176,0.000000,-12.937937,4.240152,0.000000,0.000000,0.000000,0.000000,1.000000,0.000000,0.000000,0.000000
1452,24.199802,1,1,-5.483529,6.331440,0.000000,-11.808531,6.245519,0.000000,0.000000,0.000000,0.000000,1.000000,0.000000,0.000000,0.000000
1453,24.216469,1,1,-5.647827,6.478833,0.000000,-10.483759,7.956791,0.000000,0.000000,0.000000,0.000000,1.000000,0.000000,0.000000,0.000000
1454,24.233135,1,1,-5.789239,6.644902,0.000000,-9.122268,9.271042,0.000000,0.000000,0.000000,0.000000,1.000000,0.000000,0.000000,0.000000
1455,24.249802,1,1,-5.909915,6.823334,0.000000,-7.836349,10.199244,0.000000,0.000000,0.000000,0.000000,1.000000,0.000000,0.000000,0.000000
1456,24.266468,1,1,-6.012327,7.009417,0.000000,-6.676936,10.809307,0.000000,0.000000,0.000000,0.000000,1.000000,0.000000,0.000000,0.000000
1457,24.283134,1,1,-6.098782,7.199755,0.000000,-5.654025,11.177389,0.000000,0.000000,0.000000,0.000000,1.000000,0.000000,0.000000,0.000000
1458,24.299801,1,1,-6.171292,7.391898,0.000000,-4.758320,11.367392,0.000000,0.000000,0.000000,0.000000,1.000000,0.000000,0.000000,0.000000
1459,24.316467,1,1,-6.231572,7.584054,0.000000,-3.973993,11.427391,0.000000,0.000000,0.000000,0.000000,1.000000,0.000000,0.000000,0.000000
1460,24.333134,1,1,-6.281068,7.774898,0.000000,-3.284734,11.391990,0.000000,0.000000,0.000000,0.000000,1.000000,0.000000,0.000000,0.000000
1461,24.349800,1,1,-6.321007,7.963433,0.000000,-2.675976,11.285768,0.000000,0.000000,0.000000,0.000000,1.000000,0.000000,0.000000,0.000000
1462,24.366467,1,1,-6.352432,8.148900,0.000000,-2.135485,11.126219,0.000000,0.000000,0.000000,0.000000,1.000000,0.000000,0.000000,0.000000
1463,24.383133,1,1,-6.376236,8.330713,0.000000,-1.653255,10.925924,0.000000,0.000000,0.000000,0.000000,1.000000,0.000000,0.000000,0.000000
1464,24.399799,1,1,-6.393196,8.508410,0.000000,-1.221181,10.694059,0.000000,0.000000,0.000000,0.000000,1.000000,0.000000,0.000000,0.000000
1465,24.416466,1,1,-6.403988,8.681628,0.000000,-0.832718,10.437432,0.000000,0.000000,0.000000,0.000000,1.000000,0.000000,0.000000,0.000000
1466,24.433132,1,1,-6.409213,8.850075,0.000000,-0.482544,10.161180,0.000000,0.000000,0.000000,0.000000,1.000000,0.000000,0.000000,0.000000
1467,24.449799,1,1,-6.409406,9.013515,0.000000,-0.166327,9.869251,0.000000,0.000000,0.000000,0.000000,1.000000,0.000000,0.000000,0.000000
1468,24.466465,1,1,-6.405047,9.171761,0.000000,0.119503,9.564735,0.000000,0.000000,0.000000,0.000000,1.000000,0.000000,0.000000,0.000000
1469,24.483131,1,1,-6.396575,9.324658,0.000000,0.377905,9.250091,0.000000,0.000000,0.000000,0.000000,1.000000,0.000000,0.000000,0.000000
1470,24.499798,1,1,-6.384398,9.472090,0.000000,0.611275,8.927370,0.000000,0.000000,0.000000,0.000000,1.000000,0.000000,0.000000,0.000000
1471,24.516464,1,1,-6.368884,9.613961,0.000000,0.821662,8.598274,0.000000,0.000000,0.000000,0.000000,1.000000,0.000000,0.000000,0.000000
1472,24.533131,1,1,-6.350197,9.750041,0.000000,1.021298,8.254778,0.000000,0.000000,0.000000,0.000000,1.000000,0.000000,0.000000,0.000000
1473,24.549797,1,1,-6.329042,9.880638,0.000000,1.184513,7.923059,0.000000,0.000000,0.000000,0.000000,1.000000,0.000000,0.000000,0.000000
1474,24.566463,1,1,-6.305487,10.005495,0.000000,1.334288,7.583995,0.000000,0.000000,0.000000,0.000000,1.000000,0.000000,0.000000,0.000000
1475,24.583130,1,1,-6.279598,10.124293,0.000000,1.480309,7.225441,0.000000,0.000000,0.000000,0.000000,1.000000,0.000000,0.000000,0.000000
1476,24.599796,1,1,-6.252077,10.237633,0.000000,1.590182,6.893877,0.000000,0.000000,0.000000,0.000000,1.000000,0.000000,0.000000,0.000000
1477,24.616463,1,1,-6.222738,10.344822,0.000000,1.703772,6.530756,0.000000,0.000000,0.000000,0.000000,1.000000,0.000000,0.000000,0.000000
1478,24.633129,1,1,-6.192204,10.446579,0.000000,1.785045,6.201313,0.000000,0.000000,0.000000,0.000000,1.000000,0.000000,0.000000,0.000000
1479,24.649796,1,1,-6.160345,10.542151,0.000000,1.869491,5.835314,0.000000,0.000000,0.000000,0.000000,1.000000,0.000000,0.000000,0.000000
1480,24.666462,1,1,-6.127654,10.632277,0.000000,1.926268,5.508527,0.000000,0.000000,0.000000,0.000000,1.000000,0.000000,0.000000,0.000000
1481,24.683128,1,1,-6.094115,10.716280,0.000000,1.983676,5.141838,0.000000,0.000000,0.000000,0.000000,1.000000,0.000000,0.000000,0.000000
1482,24.699795,1,1,-6.059924,10.794108,0.000000,2.028843,4.772621,0.000000,0.000000,0.000000,0.000000,1.000000,0.000000,0.000000,0.000000
1483,24.716461,1,1,-6.025504,10.867099,0.000000,2.050695,4.471089,0.000000,0.000000,0.000000,0.000000,1.000000,0.000000,0.000000,0.000000
1484,24.733128,1,1,-5.990830,10.933908,0.000000,2.070577,4.108030,0.000000,0.000000,0.000000,0.000000,1.000000,0.000000,0.000000,0.000000
1485,24.749794,1,1,-5.956112,10.994639,0.000000,2.078899,3.744143,0.000000,0.000000,0.000000,0.000000,1.000000,0.000000,0.000000,0.000000
1486,24.766460,1,1,-5.921545,11.049318,0.000000,2.075662,3.380775,0.000000,0.000000,0.000000,0.000000,1.000000,0.000000,0.000000,0.000000
1487,24.783127,1,1,-5.887197,11.099588,0.000000,2.066997,3.100086,0.000000,0.000000,0.000000,0.000000,1.000000,0.000000,0.000000,0.000000
1488,24.799793,1,1,-5.853371,11.143777,0.000000,2.042066,2.746289,0.000000,0.000000,0.000000,0.000000,1.000000,0.000000,0.000000,0.000000
1489,24.816460,1,1,-5.820228,11.182108,0.000000,2.006431,2.394245,0.000000,0.000000,0.000000,0.000000,1.000000,0.000000,0.000000,0.000000
1490,24.833126,1,1,-5.787939,11.214645,0.000000,1.960362,2.045105,0.000000,0.000000,0.000000,0.000000,1.000000,0.000000,0.000000,0.000000
1491,24.849792,1,1,-5.756673,11.241450,0.000000,1.904089,1.699433,0.000000,0.000000,0.000000,0.000000,1.000000,0.000000,0.000000,0.000000
1492,24.866459,1,1,-5.726593,11.262593,0.000000,1.837871,1.357780,0.000000,0.000000,0.000000,0.000000,1.000000,0.000000,0.000000,0.000000
1493,24.883125,1,1,-5.697859,11.278156,0.000000,1.761993,1.020675,0.000000,0.000000,0.000000,0.000000,1.000000,0.000000,0.000000,0.000000
1494,24.899792,1,1,-5.670624,11.288228,0.000000,1.676771,0.688628,0.000000,0.000000,0.000000,0.000000,1.000000,0.000000,0.000000,0.000000
1495,24.916458,1,1,-5.645035,11.292905,0.000000,1.582548,0.362134,0.000000,0.000000,0.000000,0.000000,1.000000,0.000000,0.000000,0.000000
1496,24.933125,1,1,-5.621231,11.292290,0.000000,1.479687,0.041652,0.000000,0.000000,0.000000,0.000000,1.000000,0.000000,0.000000,0.000000
1497,24.949791,1,1,-5.599349,11.286495,0.000000,1.368572,-0.272377,0.000000,0.000000,0.000000,0.000000,1.000000,0.000000,0.000000,0.000000
1498,24.966457,1,1,-5.579515,11.275639,0.000000,1.249616,-0.579532,0.000000,0.000000,0.000000,0.000000,1.000000,0.000000,0.000000,0.000000
1499,24.983124,1,1,-5.561848,11.259845,0.000000,1.123247,-0.879423,0.000000,0.000000,0.000000,0.000000,1.000000,0.000000,0.000000,0.000000
1500,24.999790,1,1,-5.546462,11.239243,0.000000,0.989911,-1.171687,0.000000,0.000000,0.000000,0.000000,1.000000,0.000000,0.000000,0.000000
1501,25.016457,1,1,-5.533461,11.213969,0.000000,0.850070,-1.455986,0.000000,0.000000,0.000000,0.000000,1.000000,0.000000,0.000000,0.000000
1502,25.033123,1,1,-5.522941,11.184165,0.000000,0.704205,-1.732011,0.000000,0.000000,0.000000,0.000000,1.000000,0.000000,0.000000,0.000000
1503,25.049789,1,1,-5.514990,11.149974,0.000000,0.552811,-1.999478,0.000000,0.000000,0.000000,0.000000,1.000000,0.000000,0.000000,0.000000
1504,25.066456,1,1,-5.509688,11.111545,0.000000,0.396383,-2.258141,0.000000,0.000000,0.000000,0.000000,1.000000,0.000000,0.000000,0.000000
1505,25.083122,1,1,-5.507106,11.069029,0.000000,0.235440,-2.507774,0.000000,0.000000,0.000000,0.000000,1.000000,0.000000,0.000000,0.000000
1506,25.099789,1,1,-5.507308,11.022585,0.000000,0.070499,-2.748188,0.000000,0.000000,0.000000,0.000000,1.000000,0.000000,0.000000,0.000000
1507,25.116455,1,1,-5.510344,10.972367,0.000000,-0.097903,-2.979215,0.000000,0.000000,0.000000,0.000000,1.000000,0.000000,0.000000,0.000000
1508,25.133121,1,1,-5.516260,10.918538,0.000000,-0.269244,-3.200727,0.000000,0.000000,0.000000,0.000000,1.000000,0.000000,0.000000,0.000000
1509,25.149788,1,1,-5.525092,10.861257,0.000000,-0.442978,-3.412618,0.000000,0.000000,0.000000,0.000000,1.000000,0.000000,0.000000,0.000000
1510,25.166454,1,1,-5.536866,10.800687,0.000000,-0.618576,-3.614817,0.000000,0.000000,0.000000,0.000000,1.000000,0.000000,0.000000,0.000000
1511,25.183121,1,1,-5.551599,10.736990,0.000000,-0.795492,-3.807281,0.000000,0.000000,0.000000,0.000000,1.000000,0.000000,0.000000,0.000000
1512,25.199787,1,1,-5.569301,10.670331,0.000000,-0.973194,-3.989995,0.000000,0.000000,0.000000,0.000000,1.000000,0.000000,0.000000,0.000000
1513,25.216454,1,1,-5.589971,10.600869,0.000000,-1.151145,-4.162974,0.000000,0.000000,0.000000,0.000000,1.000000,0.000000,0.000000,0.000000
1514,25.233120,1,1,-5.613599,10.528766,0.000000,-1.328823,-4.326264,0.000000,0.000000,0.000000,0.000000,1.000000,0.000000,0.000000,0.000000
1515,25.249786,1,1,-5.640170,10.454183,0.000000,-1.505706,-4.479935,0.000000,0.000000,0.000000,0.000000,1.000000,0.000000,0.000000,0.000000
1516,25.266453,1,1,-5.669655,10.377275,0.000000,-1.681273,-4.624088,0.000000,0.000000,0.000000,0.000000,1.000000,0.000000,0.000000,0.000000
1517,25.283119,1,1,-5.702021,10.298200,0.000000,-1.855029,-4.758849,0.000000,0.000000,0.000000,0.000000,1.000000,0.000000,0.000000,0.000000
1518,25.299786,1,1,-5.737226,10.217110,0.000000,-2.026472,-4.884370,0.000000,0.000000,0.000000,0.000000,1.000000,0.000000,0.000000,0.000000
1519,25.316452,1,1,-5.775217,10.134155,0.000000,-2.195122,-5.000830,0.000000,0.000000,0.000000,0.000000,1.000000,0.000000,0.000000,0.000000
1520,25.333118,1,1,-5.815938,10.049481,0.000000,-2.360504,-5.108432,0.000000,0.000000,0.000000,0.000000,1.000000,0.000000,0.000000,0.000000
1521,25.349785,1,1,-5.859323,9.963229,0.000000,-2.522170,-5.207401,0.000000,0.000000,0.000000,0.000000,1.000000,0.000000,0.000000,0.000000
1522,25.366451,1,1,-5.905298,9.875537,0.000000,-2.679678,-5.297985,0.000000,0.000000,0.000000,0.000000,1.000000,0.000000,0.000000,0.000000
1523,25.383118,1,1,-5.953784,9.786538,0.000000,-2.832604,-5.380455,0.000000,0.000000,0.000000,0.000000,1.000000,0.000000,0.000000,0.000000
1524,25.399784,1,1,-6.004693,9.696361,0.000000,-2.980542,-5.455101,0.000000,0.000000,0.000000,0.000000,1.000000,0.000000,0.000000,0.000000
1525,25.416451,1,1,-6.057934,9.605126,0.000000,-3.123101,-5.522237,0.000000,0.000000,0.000000,0.000000,1.000000,0.000000,0.000000,0.000000
1526,25.433117,1,1,-6.113407,9.512953,0.000000,-3.259916,-5.582187,0.000000,0.000000,0.000000,0.000000,1.000000,0.000000,0.000000,0.000000
1527,25.449783,1,1,-6.171008,9.419951,0.000000,-3.390636,-5.635301,0.000000,0.000000,0.000000,0.000000,1.000000,0.000000,0.000000,0.000000
1528,25.466450,1,1,-6.230628,9.326226,0.000000,-3.514935,-5.681940,0.000000,0.000000,0.000000,0.000000,1.000000,0.000000,0.000000,0.000000
1529,25.483116,1,1,-6.292150,9.231876,0.000000,-3.632505,-5.722477,0.000000,0.000000,0.000000,0.000000,1.000000,0.000000,0.000000,0.000000
1530,25.499783,1,1,-6.355457,9.136994,0.000000,-3.743062,-5.757308,0.000000,0.000000,0.000000,0.000000,1.000000,0.000000,0.000000,0.000000
1531,25.516449,1,1,-6.420424,9.041664,0.000000,-3.846344,-5.786832,0.000000,0.000000,0.000000,0.000000,1.000000,0.000000,0.000000,0.000000
1532,25.533115,1,1,-6.486925,8.945964,0.000000,-3.942111,-5.811464,0.000000,0.000000,0.000000,0.000000,1.000000,0.000000,0.000000,0.000000
1533,25.549782,1,1,-6.554829,8.849966,0.000000,-4.030148,-5.831626,0.000000,0.000000,0.000000,0.000000,1.000000,0.000000,0.000000,0.000000
1534,25.566448,1,1,-6.624002,8.753733,0.000000,-4.110263,-5.847753,0.000000,0.000000,0.000000,0.000000,1.000000,0.000000,0.000000,0.000000
1535,25.583115,1,1,-6.694306,8.657320,0.000000,-4.182290,-5.860277,0.000000,0.000000,0.000000,0.000000,1.000000,0.000000,0.000000,0.000000
1536,25.599781,1,1,-6.765606,8.560778,0.000000,-4.246083,-5.869649,0.000000,0.000000,0.000000,0.000000,1.000000,0.000000,0.000000,0.000000
1537,25.616447,1,1,-6.837760,8.464147,0.000000,-4.301524,-5.876313,0.000000,0.000000,0.000000,0.000000,1.000000,0.000000,0.000000,0.000000
1538,25.633114,1,1,-6.910627,8.367461,0.000000,-4.348517,-5.880721,0.000000,0.000000,0.000000,0.000000,1.000000,0.000000,0.000000,0.000000
1539,25.649780,1,1,-6.984064,8.270747,0.000000,-4.386992,-5.883326,0.000000,0.000000,0.000000,0.000000,1.000000,0.000000,0.000000,0.000000
1540,25.666447,1,1,-7.057929,8.174024,0.000000,-4.416900,-5.884585,0.000000,0.000000,0.000000,0.000000,1.000000,0.000000,0.000000,0.000000
1541,25.683113,1,1,-7.134460,8.095907,0.000000,-4.536231,-5.134935,0.000000,0.000000,0.000000,0.000000,1.000000,0.000000,0.000000,0.000000
1542,25.699780,1,1,-7.210691,8.019734,0.000000,-4.561322,-4.813457,0.000000,0.000000,0.000000,0.000000,1.000000,0.000000,0.000000,0.000000
1543,25.716446,1,1,-7.286435,7.949300,0.000000,-4.549902,-4.460908,0.000000,0.000000,0.000000,0.000000,1.000000,0.000000,0.000000,0.000000
1544,25.733112,1,1,-7.360830,7.886688,0.000000,-4.490703,-4.027714,0.000000,0.000000,0.000000,0.000000,1.000000,0.000000,0.000000,0.000000
1545,25.749779,1,1,-7.432640,7.833591,0.000000,-4.365669,-3.500157,0.000000,0.000000,0.000000,0.000000,1.000000,0.000000,0.000000,0.000000
1546,25.766445,1,1,-7.500207,7.791838,0.000000,-4.151746,-2.867858,0.000000,0.000000,0.000000,0.000000,1.000000,0.000000,0.000000,0.000000
1547,25.783112,1,1,-7.561399,7.763248,0.000000,-3.822173,-2.127723,0.000000,0.000000,0.000000,0.000000,1.000000,0.000000,0.000000,0.000000
1548,25.799778,1,1,-7.613662,7.749344,0.000000,-3.351209,-1.291063,0.000000,0.000000,0.000000,0.000000,1.000000,0.000000,0.000000,0.000000
1549,25.816444,1,1,-7.654274,7.750926,0.000000,-2.723667,-0.390960,0.000000,0.000000,0.000000,0.000000,1.000000,0.000000,0.000000,0.000000
1550,25.833111,1,1,-7.680816,7.767676,0.000000,-1.947125,0.516173,0.000000,0.000000,0.000000,0.000000,1.000000,0.000000,0.000000,0.000000
1551,25.849777,1,1,-7.691717,7.798026,0.000000,-1.058746,1.361398,0.000000,0.000000,0.000000,0.000000,1.000000,0.000000,0.000000,0.000000
1552,25.866444,1,1,-7.686573,7.839471,0.000000,-0.117913,2.084447,0.000000,0.000000,0.000000,0.000000,1.000000,0.000000,0.000000,0.000000
1553,25.883110,1,1,-7.666037,7.889153,0.000000,0.813284,2.651836,0.000000,0.000000,0.000000,0.000000,1.000000,0.000000,0.000000,0.000000
1554,25.899776,1,1,-7.631416,7.944400,0.000000,1.687789,3.059931,0.000000,0.000000,0.000000,0.000000,1.000000,0.000000,0.000000,0.000000
1555,25.916443,1,1,-7.584278,8.002977,0.000000,2.479690,3.325455,0.000000,0.000000,0.000000,0.000000,1.000000,0.000000,0.000000,0.000000
1556,25.933109,1,1,-7.526179,8.063136,0.000000,3.180682,3.473567,0.000000,0.000000,0.000000,0.000000,1.000000,0.000000,0.000000,0.000000
1557,25.949776,1,1,-7.458554,8.123547,0.000000,3.793329,3.529679,0.000000,0.000000,0.000000,0.000000,1.000000,0.000000,0.000000,0.000000
1558,25.966442,1,1,-7.382668,8.183212,0.000000,4.325518,3.515754,0.000000,0.000000,0.000000,0.000000,1.000000,0.000000,0.000000,0.000000
1559,25.983109,1,1,-7.299619,8.241391,0.000000,4.786894,3.449345,0.000000,0.000000,0.000000,0.000000,1.000000,0.000000,0.000000,0.000000
1560,25.999775,1,1,-7.210348,8.297536,0.000000,5.187009,3.343948,0.000000,0.000000,0.000000,0.000000,1.000000,0.000000,0.000000,0.000000
1561,26.016441,1,1,-7.115662,8.351238,0.000000,5.534515,3.209754,0.000000,0.000000,0.000000,0.000000,1.000000,0.000000,0.000000,0.000000
1562,26.033108,1,1,-7.016255,8.402205,0.000000,5.836875,3.054407,0.000000,0.000000,0.000000,0.000000,1.000000,0.000000,0.000000,0.000000
1563,26.049774,1,1,-6.912728,8.450215,0.000000,6.100413,2.883655,0.000000,0.000000,0.000000,0.000000,1.000000,0.000000,0.000000,0.000000
1564,26.066441,1,1,-6.805598,8.495117,0.000000,6.330387,2.701843,0.000000,0.000000,0.000000,0.000000,1.000000,0.000000,0.000000,0.000000
1565,26.083107,1,1,-6.695319,8.536805,0.000000,6.531175,2.512291,0.000000,0.000000,0.000000,0.000000,1.000000,0.000000,0.000000,0.000000
1566,26.099773,1,1,-6.582291,8.575208,0.000000,6.706419,2.317564,0.000000,0.000000,0.000000,0.000000,1.000000,0.000000,0.000000,0.000000
1567,26.116440,1,1,-6.466867,8.610287,0.000000,6.859138,2.119669,0.000000,0.000000,0.000000,0.000000,1.000000,0.000000,0.000000,0.000000
1568,26.133106,1,1,-6.349361,8.642026,0.000000,6.991869,1.920198,0.000000,0.000000,0.000000,0.000000,1.000000,0.000000,0.000000,0.000000
1569,26.149773,1,1,-6.230057,8.670428,0.000000,7.106734,1.720433,0.000000,0.000000,0.000000,0.000000,1.000000,0.000000,0.000000,0.000000
1570,26.166439,1,1,-6.109208,8.695515,0.000000,7.205527,1.521423,0.000000,0.000000,0.000000,0.000000,1.000000,0.000000,0.000000,0.000000
1571,26.183105,1,1,-5.987047,8.717315,0.000000,7.289780,1.324030,0.000000,0.000000,0.000000,0.000000,1.000000,0.000000,0.000000,0.000000
1572,26.199772,1,1,-5.863786,8.735873,0.000000,7.360794,1.128985,0.000000,0.000000,0.000000,0.000000,1.000000,0.000000,0.000000,0.000000
1573,26.216438,1,1,-5.739619,8.751244,0.000000,7.419699,0.936900,0.000000,0.000000,0.000000,0.000000,1.000000,0.000000,0.000000,0.000000
1574,26.233105,1,1,-5.614724,8.763486,0.000000,7.467480,0.748293,0.000000,0.000000,0.000000,0.000000,1.000000,0.000000,0.000000,0.000000
1575,26.249771,1,1,-5.489267,8.772670,0.000000,7.504992,0.563610,0.000000,0.000000,0.000000,0.000000,1.000000,0.000000,0.000000,0.000000
1576,26.266438,1,1,-5.363402,8.778867,0.000000,7.533000,0.383225,0.000000,0.000000,0.000000,0.000000,1.000000,0.000000,0.000000,0.000000
1577,26.283104,1,1,-5.237270,8.782157,0.000000,7.552181,0.207450,0.000000,0.000000,0.000000,0.000000,1.000000,0.000000,0.000000,0.000000
1578,26.299770,1,1,-5.111007,8.782623,0.000000,7.563152,0.036537,0.000000,0.000000,0.000000,0.000000,1.000000,0.000000,0.000000,0.000000
1579,26.316437,1,1,-4.984735,8.780351,0.000000,7.566473,-0.129321,0.000000,0.000000,0.000000,0.000000,1.000000,0.000000,0.000000,0.000000
1580,26.333103,1,1,-4.858504,8.775380,0.000000,7.566473,-0.292821,0.000000,0.000000,0.000000,0.000000,1.000000,0.000000,0.000000,0.000000
1581,26.349770,1,1,-4.732370,8.767755,0.000000,7.566473,-0.456321,0.000000,0.000000,0.000000,0.000000,1.000000,0.000000,0.000000,0.000000
1582,26.366436,1,1,-4.606262,8.757424,0.000000,7.566473,-0.619821,0.000000,0.000000,0.000000,0.000000,1.000000,0.000000,0.000000,0.000000
1583,26.383102,1,1,-4.480155,8.744369,0.000000,7.566473,-0.783321,0.000000,0.000000,0.000000,0.000000,1.000000,0.000000,0.000000,0.000000
1584,26.399769,1,1,-4.354047,8.728588,0.000000,7.566473,-0.946821,0.000000,0.000000,0.000000,0.000000,1.000000,0.000000,0.000000,0.000000
1585,26.416435,1,1,-4.227939,8.710083,0.000000,7.566473,-1.110321,0.000000,0.000000,0.000000,0.000000,1.000000,0.000000,0.000000,0.000000
1586,26.433102,1,1,-4.101831,8.688852,0.000000,7.566473,-1.273821,0.000000,0.000000,0.000000,0.000000,1.000000,0.000000,0.000000,0.000000
1587,26.449768,1,1,-3.975724,8.664897,0.000000,7.566473,-1.437321,0.000000,0.000000,0.000000,0.000000,1.000000,0.000000,0.000000,0.000000
1588,26.466434,1,1,-3.849616,8.638217,0.000000,7.566473,-1.600821,0.000000,0.000000,0.000000,0.000000,1.000000,0.000000,0.000000,0.000000
1589,26.483101,1,1,-3.723508,8.608811,0.000000,7.566473,-1.764322,0.000000,0.000000,0.000000,0.000000,1.000000,0.000000,0.000000,0.000000
1590,26.499767,1,1,-3.597400,8.576681,0.000000,7.566473,-1.927822,0.000000,0.000000,0.000000,0.000000,1.000000,0.000000,0.000000,0.000000
1591,26.516434,1,1,-3.471292,8.541826,0.000000,7.566473,-2.091322,0.000000,0.000000,0.000000,0.000000,1.000000,0.000000,0.000000,0.000000
1592,26.533100,1,1,-3.345184,8.504246,0.000000,7.566473,-2.254822,0.000000,0.000000,0.000000,0.000000,1.000000,0.000000,0.000000,0.000000
1593,26.549767,1,1,-3.219076,8.463941,0.000000,7.566473,-2.418322,0.000000,0.000000,0.000000,0.000000,1.000000,0.000000,0.000000,0.000000
1594,26.566433,1,1,-3.092968,8.420910,0.000000,7.566473,-2.581822,0.000000,0.000000,0.000000,0.000000,1.000000,0.000000,0.000000,0.000000
1595,26.583099,1,1,-2.966860,8.375154,0.000000,7.566473,-2.745322,0.000000,0.000000,0.000000,0.000000,1.000000,0.000000,0.000000,0.000000
1596,26.599766,1,1,-2.840752,8.326674,0.000000,7.566473,-2.908822,0.000000,0.000000,0.000000,0.000000,1.000000,0.000000,0.000000,0.000000
1597,26.616432,1,1,-2.714644,8.275469,0.000000,7.566473,-3.072322,0.000000,0.000000,0.000000,0.000000,1.000000,0.000000,0.000000,0.000000
1598,26.633099,1,1,-2.588536,8.221539,0.000000,7.566473,-3.235822,0.000000,0.000000,0.000000,0.000000,1.000000,0.000000,0.000000,0.000000
1599,26.649765,1,1,-2.462428,8.164884,0.000000,7.566473,-3.399322,0.000000,0.000000,0.000000,0.000000,1.000000,0.000000,0.000000,0.000000
1600,26.666431,1,1,-2.336320,8.105503,0.000000,7.566473,-3.562822,0.000000,0.000000,0.000000,0.000000,1.000000,0.000000,0.000000,0.000000
1601,26.683098,1,1,-2.210212,8.043398,0.000000,7.566473,-3.726322,0.000000,0.000000,0.000000,0.000000,1.000000,0.000000,0.000000,0.000000
1602,26.699764,1,1,-2.084105,7.978568,0.000000,7.566473,-3.889822,0.000000,0.000000,0.000000,0.000000,1.000000,0.000000,0.000000,0.000000
1603,26.716431,1,1,-1.957997,7.911012,0.000000,7.566473,-4.053322,0.000000,0.000000,0.000000,0.000000,1.000000,0.000000,0.000000,0.000000
1604,26.733097,1,1,-1.831889,7.840732,0.000000,7.566473,-4.216822,0.000000,0.000000,0.000000,0.000000,1.000000,0.000000,0.000000,0.000000
1605,26.749763,1,1,-1.705781,7.767726,0.000000,7.566473,-4.380322,0.000000,0.000000,0.000000,0.000000,1.000000,0.000000,0.000000,0.000000
1606,26.766430,1,1,-1.579673,7.691996,0.000000,7.566473,-4.543822,0.000000,0.000000,0.000000,0.000000,1.000000,0.000000,0.000000,0.000000
1607,26.783096,1,1,-1.453565,7.613541,0.000000,7.566473,-4.707322,0.000000,0.000000,0.000000,0.000000,1.000000,0.000000,0.000000,0.000000
1608,26.799763,1,1,-1.327457,7.532360,0.000000,7.566473,-4.870821,0.000000,0.000000,0.000000,0.000000,1.000000,0.000000,0.000000,0.000000
1609,26.816429,1,1,-1.201349,7.448455,0.000000,7.566473,-5.034321,0.000000,0.000000,0.000000,0.000000,1.000000,0.000000,0.000000,0.000000
1610,26.833096,1,1,-1.075241,7.361825,0.000000,7.566473,-5.197821,0.000000,0.000000,0.000000,0.000000,1.000000,0.000000,0.000000,0.000000
1611,26.849762,1,1,-0.949133,7.272469,0.000000,7.566473,-5.361321,0.000000,0.000000,0.000000,0.000000,1.000000,0.000000,0.000000,0.000000
1612,26.866428,1,1,-0.823025,7.180388,0.000000,7.566473,-5.524821,0.000000,0.000000,0.000000,0.000000,1.000000,0.000000,0.000000,0.000000
1613,26.883095,1,1,-0.696917,7.085583,0.000000,7.566473,-5.688321,0.000000,0.000000,0.000000,0.000000,1.000000,0.000000,0.000000,0.000000
1614,26.899761,1,1,-0.570810,6.988053,0.000000,7.566473,-5.851820,0.000000,0.000000,0.000000,0.000000,1.000000,0.000000,0.000000,0.000000
1615,26.916428,1,1,-0.444702,6.887797,0.000000,7.566473,-6.015320,0.000000,0.000000,0.000000,0.000000,1.000000,0.000000,0.000000,0.000000
1616,26.933094,1,1,-0.318594,6.784817,0.000000,7.566473,-6.178820,0.000000,0.000000,0.000000,0.000000,1.000000,0.000000,0.000000,0.000000
1617,26.949760,1,1,-0.192486,6.679112,0.000000,7.566473,-6.342320,0.000000,0.000000,0.000000,0.000000,1.000000,0.000000,0.000000,0.000000
1618,26.966427,1,1,-0.066378,6.570682,0.000000,7.566473,-6.505820,0.000000,0.000000,0.000000,0.000000,1.000000,0.000000,0.000000,0.000000
1619,26.983093,1,1,0.059730,6.459526,0.000000,7.566473,-6.669320,0.000000,0.000000,0.000000,0.000000,1.000000,0.000000,0.000000,0.000000
1620,26.999760,1,1,0.185838,6.345646,0.000000,7.566473,-6.832819,0.000000,0.000000,0.000000,0.000000,1.000000,0.000000,0.000000,0.000000
1621,27.016426,1,1,0.311946,6.229041,0.000000,7.566473,-6.996319,0.000000,0.000000,0.000000,0.000000,1.000000,0.000000,0.000000,0.000000
1622,27.033092,1,1,0.438053,6.109710,0.000000,7.566473,-7.159819,0.000000,0.000000,0.000000,0.000000,1.000000,0.000000,0.000000,0.000000
1623,27.049759,1,1,0.564161,5.987655,0.000000,7.566473,-7.323319,0.000000,0.000000,0.000000,0.000000,1.000000,0.000000,0.000000,0.000000
1624,27.066425,1,1,0.690269,5.862875,0.000000,7.566473,-7.486819,0.000000,0.000000,0.000000,0.000000,1.000000,0.000000,0.000000,0.000000
1625,27.083092,1,1,0.816377,5.735369,0.000000,7.566473,-7.650319,0.000000,0.000000,0.000000,0.000000,1.000000,0.000000,0.000000,0.000000
1626,27.099758,1,1,0.942485,5.605139,0.000000,7.566473,-7.813818,0.000000,0.000000,0.000000,0.000000,1.000000,0.000000,0.000000,0.000000
1627,27.116425,1,1,1.068593,5.472183,0.000000,7.566473,-7.977318,0.000000,0.000000,0.000000,0.000000,1.000000,0.000000,0.000000,0.000000
1628,27.133091,1,1,1.281430,5.471554,0.000000,10.330225,-3.859156,0.000000,0.000000,0.000000,0.000000,1.000000,0.000000,0.000000,0.000000
1629,27.149757,1,1,1.460898,5.418391,0.000000,10.616294,-3.478680,0.000000,0.000000,0.000000,0.000000,1.000000,0.000000,0.000000,0.000000
1630,27.166424,1,1,1.643424,5.370574,0.000000,10.851221,-3.100580,0.000000,0.000000,0.000000,0.000000,1.000000,0.000000,0.000000,0.000000
1631,27.183090,1,1,1.829427,5.331123,0.000000,11.067875,-2.635147,0.000000,0.000000,0.000000,0.000000,1.000000,0.000000,0.000000,0.000000
1632,27.199757,1,1,2.018337,5.301812,0.000000,11.254754,-2.070310,0.000000,0.000000,0.000000,0.000000,1.000000,0.000000,0.000000,0.000000
1633,27.216423,1,1,2.209278,5.284465,0.000000,11.395946,-1.399306,0.000000,0.000000,0.000000,0.000000,1.000000,0.000000,0.000000,0.000000
1634,27.233089,1,1,2.401035,5.280849,0.000000,11.472545,-0.622400,0.000000,0.000000,0.000000,0.000000,1.000000,0.000000,0.000000,0.000000
1635,27.249756,1,1,2.592059,5.292452,0.000000,11.464878,0.248795,0.000000,0.000000,0.000000,0.000000,1.000000,0.000000,0.000000,0.000000
1636,27.266422,1,1,2.780554,5.320210,0.000000,11.356692,1.187880,0.000000,0.000000,0.000000,0.000000,1.000000,0.000000,0.000000,0.000000
1637,27.283089,1,1,2.964667,5.364273,0.000000,11.140534,2.154035,0.000000,0.000000,0.000000,0.000000,1.000000,0.000000,0.000000,0.000000
1638,27.299755,1,1,3.142730,5.423907,0.000000,10.821798,3.098209,0.000000,0.000000,0.000000,0.000000,1.000000,0.000000,0.000000,0.000000
1639,27.316422,1,1,3.313473,5.497614,0.000000,10.418607,3.973738,0.000000,0.000000,0.000000,0.000000,1.000000,0.000000,0.000000,0.000000
1640,27.333088,1,1,3.476122,5.583419,0.000000,9.957067,4.746234,0.000000,0.000000,0.000000,0.000000,1.000000,0.000000,0.000000,0.000000
1641,27.349754,1,1,3.630367,5.679182,0.000000,9.464557,5.398083,0.000000,0.000000,0.000000,0.000000,1.000000,0.000000,0.000000,0.000000
1642,27.366421,1,1,3.776255,5.782838,0.000000,8.964520,5.926790,0.000000,0.000000,0.000000,0.000000,1.000000,0.000000,0.000000,0.000000
1643,27.383087,1,1,3.914070,5.892535,0.000000,8.474188,6.340129,0.000000,0.000000,0.000000,0.000000,1.000000,0.000000,0.000000,0.000000
1644,27.399754,1,1,4.044233,6.006672,0.000000,8.004669,6.651136,0.000000,0.000000,0.000000,0.000000,1.000000,0.000000,0.000000,0.000000
1645,27.416420,1,1,4.167233,6.123901,0.000000,7.562217,6.874401,0.000000,0.000000,0.000000,0.000000,1.000000,0.000000,0.000000,0.000000
1646,27.433086,1,1,4.283584,6.243102,0.000000,7.149662,7.023983,0.000000,0.000000,0.000000,0.000000,1.000000,0.000000,0.000000,0.000000
1647,27.449753,1,1,4.393791,6.363350,0.000000,6.767641,7.112412,0.000000,0.000000,0.000000,0.000000,1.000000,0.000000,0.000000,0.000000
1648,27.466419,1,1,4.498344,6.483881,0.000000,6.415506,7.150394,0.000000,0.000000,0.000000,0.000000,1.000000,0.000000,0.000000,0.000000
1649,27.483086,1,1,4.597705,6.604068,0.000000,6.091903,7.146879,0.000000,0.000000,0.000000,0.000000,1.000000,0.000000,0.000000,0.000000
1650,27.499752,1,1,4.692308,6.723397,0.000000,5.795137,7.109259,0.000000,0.000000,0.000000,0.000000,1.000000,0.000000,0.000000,0.000000
1651,27.516418,1,1,4.782555,6.841443,0.000000,5.523419,7.043610,0.000000,0.000000,0.000000,0.000000,1.000000,0.000000,0.000000,0.000000
1652,27.533085,1,1,4.868819,6.957856,0.000000,5.274963,6.954929,0.000000,0.000000,0.000000,0.000000,1.000000,0.000000,0.000000,0.000000
1653,27.549751,1,1,4.951447,7.072350,0.000000,5.048067,6.847335,0.000000,0.000000,0.000000,0.000000,1.000000,0.000000,0.000000,0.000000
1654,27.566418,1,1,5.030760,7.184689,0.000000,4.841130,6.724237,0.000000,0.000000,0.000000,0.000000,1.000000,0.000000,0.000000,0.000000
1655,27.583084,1,1,5.107055,7.294681,0.000000,4.652671,6.588474,0.000000,0.000000,0.000000,0.000000,1.000000,0.000000,0.000000,0.000000
1656,27.599751,1,1,5.180608,7.402170,0.000000,4.481327,6.442414,0.000000,0.000000,0.000000,0.000000,1.000000,0.000000,0.000000,0.000000
1657,27.616417,1,1,5.251675,7.507032,0.000000,4.325831,6.288050,0.000000,0.000000,0.000000,0.000000,1.000000,0.000000,0.000000,0.000000
1658,27.633083,1,1,5.320491,7.609166,0.000000,4.185019,6.127059,0.000000,0.000000,0.000000,0.000000,1.000000,0.000000,0.000000,0.000000
1659,27.649750,1,1,5.387277,7.708496,0.000000,4.057816,5.960861,0.000000,0.000000,0.000000,0.000000,1.000000,0.000000,0.000000,0.000000
1660,27.666416,1,1,5.452235,7.804963,0.000000,3.943213,5.790656,0.000000,0.000000,0.000000,0.000000,1.000000,0.000000,0.000000,0.000000
1661,27.683083,1,1,5.515555,7.898522,0.000000,3.840279,5.617459,0.000000,0.000000,0.000000,0.000000,1.000000,0.000000,0.000000,0.000000
1662,27.699749,1,1,5.577410,7.989146,0.000000,3.748134,5.442131,0.000000,0.000000,0.000000,0.000000,1.000000,0.000000,0.000000,0.000000
1663,27.716415,1,1,5.637960,8.076814,0.000000,3.665959,5.265393,0.000000,0.000000,0.000000,0.000000,1.000000,0.000000,0.000000,0.000000
1664,27.733082,1,1,5.697355,8.161517,0.000000,3.592975,5.087848,0.000000,0.000000,0.000000,0.000000,1.000000,0.000000,0.000000,0.000000
1665,27.749748,1,1,5.755729,8.243254,0.000000,3.528451,4.909997,0.000000,0.000000,0.000000,0.000000,1.000000,0.000000,0.000000,0.000000
1666,27.766415,1,1,5.813210,8.322028,0.000000,3.471695,4.732249,0.000000,0.000000,0.000000,0.000000,1.000000,0.000000,0.000000,0.000000
1667,27.783081,1,1,5.869909,8.397850,0.000000,3.422048,4.554930,0.000000,0.000000,0.000000,0.000000,1.000000,0.000000,0.000000,0.000000
1668,27.799747,1,1,5.925933,8.470733,0.000000,3.378887,4.378296,0.000000,0.000000,0.000000,0.000000,1.000000,0.000000,0.000000,0.000000
1669,27.816414,1,1,5.981375,8.540692,0.000000,3.341618,4.202539,0.000000,0.000000,0.000000,0.000000,1.000000,0.000000,0.000000,0.000000
1670,27.833080,1,1,6.036321,8.607746,0.000000,3.309678,4.027794,0.000000,0.000000,0.000000,0.000000,1.000000,0.000000,0.000000,0.000000
1671,27.849747,1,1,6.090846,8.671912,0.000000,3.282533,3.854146,0.000000,0.000000,0.000000,0.000000,1.000000,0.000000,0.000000,0.000000
1672,27.866413,1,1,6.145020,8.733212,0.000000,3.259675,3.681636,0.000000,0.000000,0.000000,0.000000,1.000000,0.000000,0.000000,0.000000
1673,27.883080,1,1,6.198902,8.791663,0.000000,3.240619,3.510265,0.000000,0.000000,0.000000,0.000000,1.000000,0.000000,0.000000,0.000000
1674,27.899746,1,1,6.252546,8.847285,0.000000,3.224905,3.340003,0.000000,0.000000,0.000000,0.000000,1.000000,0.000000,0.000000,0.000000
1675,27.916412,1,1,6.305996,8.900095,0.000000,3.212097,3.170790,0.000000,0.000000,0.000000,0.000000,1.000000,0.000000,0.000000,0.000000
1676,27.933079,1,1,6.359293,8.950108,0.000000,3.201779,3.002541,0.000000,0.000000,0.000000,0.000000,1.000000,0.000000,0.000000,0.000000
1677,27.949745,1,1,6.412467,8.997336,0.000000,3.193554,2.835154,0.000000,0.000000,0.000000,0.000000,1.000000,0.000000,0.000000,0.000000
1678,27.966412,1,1,6.465546,9.041794,0.000000,3.187047,2.668507,0.000000,0.000000,0.000000,0.000000,1.000000,0.000000,0.000000,0.000000
1679,27.983078,1,1,6.518551,9.083488,0.000000,3.181898,2.502470,0.000000,0.000000,0.000000,0.000000,1.000000,0.000000,0.000000,0.000000
1680,27.999744,1,1,6.571495,9.122427,0.000000,3.177761,2.336901,0.000000,0.000000,0.000000,0.000000,1.000000,0.000000,0.000000,0.000000
1681,28.016411,1,1,6.624387,9.158615,0.000000,3.174309,2.171655,0.000000,0.000000,0.000000,0.000000,1.000000,0.000000,0.000000,0.000000
1682,28.033077,1,1,6.677233,9.192055,0.000000,3.171223,2.006583,0.000000,0.000000,0.000000,0.000000,1.000000,0.000000,0.000000,0.000000
1683,28.049744,1,1,6.730032,9.222745,0.000000,3.168199,1.841535,0.000000,0.000000,0.000000,0.000000,1.000000,0.000000,0.000000,0.000000
1684,28.066410,1,1,6.782777,9.250683,0.000000,3.164940,1.676365,0.000000,0.000000,0.000000,0.000000,1.000000,0.000000,0.000000,0.000000
1685,28.083076,1,1,6.835459,9.275862,0.000000,3.161158,1.510932,0.000000,0.000000,0.000000,0.000000,1.000000,0.000000,0.000000,0.000000
1686,28.099743,1,1,6.888061,9.298276,0.000000,3.156571,1.345102,0.000000,0.000000,0.000000,0.000000,1.000000,0.000000,0.000000,0.000000
1687,28.116409,1,1,6.940564,9.317917,0.000000,3.150903,1.178749,0.000000,0.000000,0.000000,0.000000,1.000000,0.000000,0.000000,0.000000
1688,28.133076,1,1,6.992945,9.334771,0.000000,3.143878,1.011757,0.000000,0.000000,0.000000,0.000000,1.000000,0.000000,0.000000,0.000000
1689,28.149742,1,1,7.045175,9.348825,0.000000,3.135222,0.844023,0.000000,0.000000,0.000000,0.000000,1.000000,0.000000,0.000000,0.000000
1690,28.166409,1,1,7.097219,9.360066,0.000000,3.124660,0.675456,0.000000,0.000000,0.000000,0.000000,1.000000,0.000000,0.000000,0.000000
1691,28.183075,1,1,7.149041,9.368479,0.000000,3.111915,0.505983,0.000000,0.000000,0.000000,0.000000,1.000000,0.000000,0.000000,0.000000
1692,28.199741,1,1,7.200596,9.374045,0.000000,3.096704,0.335543,0.000000,0.000000,0.000000,0.000000,1.000000,0.000000,0.000000,0.000000
1693,28.216408,1,1,7.251837,9.376750,0.000000,3.078737,0.164095,0.000000,0.000000,0.000000,0.000000,1.000000,0.000000,0.000000,0.000000
1694,28.233074,1,1,7.302713,9.376573,0.000000,3.057714,-0.008383,0.000000,0.000000,0.000000,0.000000,1.000000,0.000000,0.000000,0.000000
1695,28.249741,1,1,7.353165,9.373499,0.000000,3.033325,-0.181895,0.000000,0.000000,0.000000,0.000000,1.000000,0.000000,0.000000,0.000000
1696,28.266407,1,1,7.403129,9.367510,0.000000,3.005245,-0.356420,0.000000,0.000000,0.000000,0.000000,1.000000,0.000000,0.000000,0.000000
1697,28.283073,1,1,7.452536,9.358591,0.000000,2.973129,-0.531916,0.000000,0.000000,0.000000,0.000000,1.000000,0.000000,0.000000,0.000000
1698,28.299740,1,1,7.501312,9.346725,0.000000,2.936616,-0.708314,0.000000,0.000000,0.000000,0.000000,1.000000,0.000000,0.000000,0.000000
1699,28.316406,1,1,7.549372,9.331903,0.000000,2.895318,-0.885516,0.000000,0.000000,0.000000,0.000000,1.000000,0.000000,0.000000,0.000000
1700,28.333073,1,1,7.596630,9.314111,0.000000,2.848824,-1.063393,0.000000,0.000000,0.000000,0.000000,1.000000,0.000000,0.000000,0.000000
1701,28.349739,1,1,7.642988,9.293342,0.000000,2.796686,-1.241781,0.000000,0.000000,0.000000,0.000000,1.000000,0.000000,0.000000,0.000000
1702,28.366405,1,1,7.688340,9.269592,0.000000,2.738422,-1.420478,0.000000,0.000000,0.000000,0.000000,1.000000,0.000000,0.000000,0.000000
1703,28.383072,1,1,7.732572,9.242863,0.000000,2.673513,-1.599232,0.000000,0.000000,0.000000,0.000000,1.000000,0.000000,0.000000,0.000000
1704,28.399738,1,1,7.775561,9.213159,0.000000,2.601388,-1.777743,0.000000,0.000000,0.000000,0.000000,1.000000,0.000000,0.000000,0.000000
1705,28.416405,1,1,7.817173,9.180491,0.000000,2.521425,-1.955651,0.000000,0.000000,0.000000,0.000000,1.000000,0.000000,0.000000,0.000000
1706,28.433071,1,1,7.857262,9.144878,0.000000,2.432941,-2.132522,0.000000,0.000000,0.000000,0.000000,1.000000,0.000000,0.000000,0.000000
1707,28.449738,1,1,7.895667,9.106352,0.000000,2.335187,-2.307844,0.000000,0.000000,0.000000,0.000000,1.000000,0.000000,0.000000,0.000000
1708,28.466404,1,1,7.932213,9.064950,0.000000,2.227343,-2.481004,0.000000,0.000000,0.000000,0.000000,1.000000,0.000000,0.000000,0.000000
1709,28.483070,1,1,7.966712,9.020726,0.000000,2.108505,-2.651275,0.000000,0.000000,0.000000,0.000000,1.000000,0.000000,0.000000,0.000000
1710,28.499737,1,1,7.998959,8.973747,0.000000,1.977683,-2.817792,0.000000,0.000000,0.000000,0.000000,1.000000,0.000000,0.000000,0.000000
1711,28.516403,1,1,8.028726,8.924098,0.000000,1.833791,-2.979527,0.000000,0.000000,0.000000,0.000000,1.000000,0.000000,0.000000,0.000000
1712,28.533070,1,1,8.055767,8.871887,0.000000,1.675648,-3.135256,0.000000,0.000000,0.000000,0.000000,1.000000,0.000000,0.000000,0.000000
1713,28.549736,1,1,8.079816,8.817248,0.000000,1.501983,-3.283527,0.000000,0.000000,0.000000,0.000000,1.000000,0.000000,0.000000,0.000000
1714,28.566402,1,1,8.100581,8.760345,0.000000,1.311441,-3.422616,0.000000,0.000000,0.000000,0.000000,1.000000,0.000000,0.000000,0.000000
1715,28.583069,1,1,8.117744,8.701377,0.000000,1.102618,-3.550487,0.000000,0.000000,0.000000,0.000000,1.000000,0.000000,0.000000,0.000000
1716,28.599735,1,1,8.130970,8.640588,0.000000,0.874090,-3.664747,0.000000,0.000000,0.000000,0.000000,1.000000,0.000000,0.000000,0.000000
1717,28.616402,1,1,8.139894,8.578268,0.000000,0.624504,-3.762616,0.000000,0.000000,0.000000,0.000000,1.000000,0.000000,0.000000,0.000000
1718,28.633068,1,1,8.144135,8.514765,0.000000,0.352674,-3.840907,0.000000,0.000000,0.000000,0.000000,1.000000,0.000000,0.000000,0.000000
1719,28.649734,1,1,8.143301,8.450491,0.000000,0.057759,-3.896045,0.000000,0.000000,0.000000,0.000000,1.000000,0.000000,0.000000,0.000000
1720,28.666401,1,1,8.136999,8.385921,0.000000,-0.260512,-3.924157,0.000000,0.000000,0.000000,0.000000,1.000000,0.000000,0.000000,0.000000
1721,28.683067,1,1,8.124851,8.321605,0.000000,-0.601566,-3.921241,0.000000,0.000000,0.000000,0.000000,1.000000,0.000000,0.000000,0.000000
1722,28.699734,1,1,8.106514,8.258145,0.000000,-0.963623,-3.883486,0.000000,0.000000,0.000000,0.000000,1.000000,0.000000,0.000000,0.000000
1723,28.716400,1,1,8.081717,8.196201,0.000000,-1.343399,-3.807712,0.000000,0.000000,0.000000,0.000000,1.000000,0.000000,0.000000,0.000000
1724,28.733067,1,1,8.050279,8.136454,0.000000,-1.735829,-3.691979,0.000000,0.000000,0.000000,0.000000,1.000000,0.000000,0.000000,0.000000
1725,28.749733,1,1,8.012152,8.079570,0.000000,-2.134037,-3.536241,0.000000,0.000000,0.000000,0.000000,1.000000,0.000000,0.000000,0.000000
1726,28.766399,1,1,7.967435,8.026161,0.000000,-2.529639,-3.342894,0.000000,0.000000,0.000000,0.000000,1.000000,0.000000,0.000000,0.000000
1727,28.783066,1,1,7.916393,7.976734,0.000000,-2.913393,-3.117060,0.000000,0.000000,0.000000,0.000000,1.000000,0.000000,0.000000,0.000000
1728,28.799732,1,1,7.859435,7.931648,0.000000,-3.276214,-2.866349,0.000000,0.000000,0.000000,0.000000,1.000000,0.000000,0.000000,0.000000
1729,28.816399,1,1,7.797099,7.891098,0.000000,-3.610254,-2.600112,0.000000,0.000000,0.000000,0.000000,1.000000,0.000000,0.000000,0.000000
1730,28.833065,1,1,7.730000,7.855105,0.000000,-3.909770,-2.328362,0.000000,0.000000,0.000000,0.000000,1.000000,0.000000,0.000000,0.000000
1731,28.849731,1,1,7.658790,7.823534,0.000000,-4.171567,-2.060599,0.000000,0.000000,0.000000,0.000000,1.000000,0.000000,0.000000,0.000000
1732,28.866398,1,1,7.584115,7.796128,0.000000,-4.394950,-1.804891,0.000000,0.000000,0.000000,0.000000,1.000000,0.000000,0.000000,0.000000
1733,28.883064,1,1,7.506580,7.772544,0.000000,-4.581275,-1.567371,0.000000,0.000000,0.000000,0.000000,1.000000,0.000000,0.000000,0.000000
1734,28.899731,1,1,7.426737,7.752382,0.000000,-4.733329,-1.352151,0.000000,0.000000,0.000000,0.000000,1.000000,0.000000,0.000000,0.000000
1735,28.916397,1,1,7.345072,7.735220,0.000000,-4.854714,-1.161526,0.000000,0.000000,0.000000,0.000000,1.000000,0.000000,0.000000,0.000000
1736,28.933064,1,1,7.262002,7.720629,0.000000,-4.949331,-0.996340,0.000000,0.000000,0.000000,0.000000,1.000000,0.000000,0.000000,0.000000
1737,28.949730,1,1,7.177883,7.708196,0.000000,-5.021029,-0.856365,0.000000,0.000000,0.000000,0.000000,1.000000,0.000000,0.000000,0.000000
1738,28.966396,1,1,7.093013,7.697524,0.000000,-5.073385,-0.740666,0.000000,0.000000,0.000000,0.000000,1.000000,0.000000,0.000000,0.000000
1739,28.983063,1,1,7.007639,7.688242,0.000000,-5.109595,-0.647891,0.000000,0.000000,0.000000,0.000000,1.000000,0.000000,0.000000,0.000000
1740,28.999729,1,1,6.921965,7.680007,0.000000,-5.132446,-0.576459,0.000000,0.000000,0.000000,0.000000,1.000000,0.000000,0.000000,0.000000
1741,29.016396,1,1,6.836158,7.672505,0.000000,-5.144322,-0.524718,0.000000,0.000000,0.000000,0.000000,1.000000,0.000000,0.000000,0.000000
1742,29.033062,1,1,6.750354,7.665446,0.000000,-5.147243,-0.491031,0.000000,0.000000,0.000000,0.000000,1.000000,0.000000,0.000000,0.000000
1743,29.049728,1,1,6.664663,7.658567,0.000000,-5.142904,-0.473845,0.000000,0.000000,0.000000,0.000000,1.000000,0.000000,0.000000,0.000000
1744,29.066395,1,1,6.579174,7.651627,0.000000,-5.132727,-0.471701,0.000000,0.000000,0.000000,0.000000,1.000000,0.000000,0.000000,0.000000
1745,29.083061,1,1,6.493957,7.644407,0.000000,-5.117897,-0.483267,0.000000,0.000000,0.000000,0.000000,1.000000,0.000000,0.000000,0.000000
1746,29.099728,1,1,6.409067,7.636706,0.000000,-5.099404,-0.507320,0.000000,0.000000,0.000000,0.000000,1.000000,0.000000,0.000000,0.000000
1747,29.116394,1,1,6.324546,7.628345,0.000000,-5.078077,-0.542756,0.000000,0.000000,0.000000,0.000000,1.000000,0.000000,0.000000,0.000000
1748,29.133060,1,1,6.240427,7.619154,0.000000,-5.054608,-0.588577,0.000000,0.000000,0.000000,0.000000,1.000000,0.000000,0.000000,0.000000
1749,29.149727,1,1,6.156730,7.608984,0.000000,-5.029576,-0.643880,0.000000,0.000000,0.000000,0.000000,1.000000,0.000000,0.000000,0.000000
1750,29.166393,1,1,6.073472,7.597694,0.000000,-5.003465,-0.707845,0.000000,0.000000,0.000000,0.000000,1.000000,0.000000,0.000000,0.000000
1751,29.183060,1,1,5.990661,7.585158,0.000000,-4.976680,-0.779733,0.000000,0.000000,0.000000,0.000000,1.000000,0.000000,0.000000,0.000000
1752,29.199726,1,1,5.908301,7.571257,0.000000,-4.949558,-0.858868,0.000000,0.000000,0.000000,0.000000,1.000000,0.000000,0.000000,0.000000
1753,29.216393,1,1,5.826391,7.555886,0.000000,-4.922377,-0.944631,0.000000,0.000000,0.000000,0.000000,1.000000,0.000000,0.000000,0.000000
1754,29.233059,1,1,5.744928,7.538947,0.000000,-4.895363,-1.036453,0.000000,0.000000,0.000000,0.000000,1.000000,0.000000,0.000000,0.000000
1755,29.249725,1,1,5.663905,7.520351,0.000000,-4.868699,-1.133807,0.000000,0.000000,0.000000,0.000000,1.000000,0.000000,0.000000,0.000000
1756,29.266392,1,1,5.583311,7.500019,0.000000,-4.842527,-1.236200,0.000000,0.000000,0.000000,0.000000,1.000000,0.000000,0.000000,0.000000
1757,29.283058,1,1,5.503138,7.477873,0.000000,-4.816952,-1.343171,0.000000,0.000000,0.000000,0.000000,1.000000,0.000000,0.000000,0.000000
1758,29.299725,1,1,5.423372,7.453850,0.000000,-4.792048,-1.454282,0.000000,0.000000,0.000000,0.000000,1.000000,0.000000,0.000000,0.000000
1759,29.316391,1,1,5.344003,7.427889,0.000000,-4.767856,-1.569119,0.000000,0.000000,0.000000,0.000000,1.000000,0.000000,0.000000,0.000000
1760,29.333057,1,1,5.265018,7.399937,0.000000,-4.744387,-1.687278,0.000000,0.000000,0.000000,0.000000,1.000000,0.000000,0.000000,0.000000
1761,29.349724,1,1,5.186404,7.369947,0.000000,-4.721628,-1.808373,0.000000,0.000000,0.000000,0.000000,1.000000,0.000000,0.000000,0.000000
1762,29.366390,1,1,5.108151,7.337880,0.000000,-4.699535,-1.932024,0.000000,0.000000,0.000000,0.000000,1.000000,0.000000,0.000000,0.000000
1763,29.383057,1,1,5.030251,7.303700,0.000000,-4.678045,-2.057858,0.000000,0.000000,0.000000,0.000000,1.000000,0.000000,0.000000,0.000000
1764,29.399723,1,1,4.952693,7.267380,0.000000,-4.657068,-2.185503,0.000000,0.000000,0.000000,0.000000,1.000000,0.000000,0.000000,0.000000
1765,29.416389,1,1,4.875475,7.228897,0.000000,-4.636490,-2.314588,0.000000,0.000000,0.000000,0.000000,1.000000,0.000000,0.000000,0.000000
1766,29.433056,1,1,4.798590,7.188236,0.000000,-4.616179,-2.444736,0.000000,0.000000,0.000000,0.000000,1.000000,0.000000,0.000000,0.000000
1767,29.449722,1,1,4.722039,7.145388,0.000000,-4.595981,-2.575563,0.000000,0.000000,0.000000,0.000000,1.000000,0.000000,0.000000,0.000000
1768,29.466389,1,1,4.645823,7.100350,0.000000,-4.575722,-2.706673,0.000000,0.000000,0.000000,0.000000,1.000000,0.000000,0.000000,0.000000
1769,29.483055,1,1,4.569948,7.053128,0.000000,-4.555213,-2.837656,0.000000,0.000000,0.000000,0.000000,1.000000,0.000000,0.000000,0.000000
1770,29.499722,1,1,4.494422,7.003731,0.000000,-4.534245,-2.968079,0.000000,0.000000,0.000000,0.000000,1.000000,0.000000,0.000000,0.000000
1771,29.516388,1,1,4.419260,6.952181,0.000000,-4.512596,-3.097487,0.000000,0.000000,0.000000,0.000000,1.000000,0.000000,0.000000,0.000000
1772,29.533054,1,1,4.344477,6.898506,0.000000,-4.490029,-3.225390,0.000000,0.000000,0.000000,0.000000,1.000000,0.000000,0.000000,0.000000
1773,29.549721,1,1,4.270095,6.842740,0.000000,-4.466297,-3.351262,0.000000,0.000000,0.000000,0.000000,1.000000,0.000000,0.000000,0.000000
1774,29.566387,1,1,4.196139,6.784932,0.000000,-4.441141,-3.474530,0.000000,0.000000,0.000000,0.000000,1.000000,0.000000,0.000000,0.000000
1775,29.583054,1,1,4.122640,6.725139,0.000000,-4.414299,-3.594566,0.000000,0.000000,0.000000,0.000000,1.000000,0.000000,0.000000,0.000000
1776,29.599720,1,1,4.049631,6.663430,0.000000,-4.385499,-3.710675,0.000000,0.000000,0.000000,0.000000,1.000000,0.000000,0.000000,0.000000
1777,29.616386,1,1,3.977153,6.599889,0.000000,-4.354471,-3.822083,0.000000,0.000000,0.000000,0.000000,1.000000,0.000000,0.000000,0.000000
1778,29.633053,1,1,3.905248,6.534615,0.000000,-4.320947,-3.927922,0.000000,0.000000,0.000000,0.000000,1.000000,0.000000,0.000000,0.000000
1779,29.649719,1,1,3.833965,6.467721,0.000000,-4.284668,-4.027212,0.000000,0.000000,0.000000,0.000000,1.000000,0.000000,0.000000,0.000000
1780,29.666386,1,1,3.763356,6.399343,0.000000,-4.245390,-4.118840,0.000000,0.000000,0.000000,0.000000,1.000000,0.000000,0.000000,0.000000
1781,29.683052,1,1,3.693476,6.329638,0.000000,-4.202890,-4.201535,0.000000,0.000000,0.000000,0.000000,1.000000,0.000000,0.000000,0.000000
1782,29.699718,1,1,3.624385,6.258788,0.000000,-4.156987,-4.273841,0.000000,0.000000,0.000000,0.000000,1.000000,0.000000,0.000000,0.000000
1783,29.716385,1,1,3.556142,6.187005,0.000000,-4.107547,-4.334080,0.000000,0.000000,0.000000,0.000000,1.000000,0.000000,0.000000,0.000000
1784,29.733051,1,1,3.488809,6.114535,0.000000,-4.054511,-4.380320,0.000000,0.000000,0.000000,0.000000,1.000000,0.000000,0.000000,0.000000
1785,29.749718,1,1,3.422445,6.041664,0.000000,-3.997923,-4.410325,0.000000,0.000000,0.000000,0.000000,1.000000,0.000000,0.000000,0.000000
1786,29.766384,1,1,3.357107,5.968722,0.000000,-3.937969,-4.421516,0.000000,0.000000,0.000000,0.000000,1.000000,0.000000,0.000000,0.000000
1787,29.783051,1,1,3.292843,5.896093,0.000000,-3.875030,-4.410923,0.000000,0.000000,0.000000,0.000000,1.000000,0.000000,0.000000,0.000000
1788,29.799717,1,1,3.229690,5.824220,0.000000,-3.809751,-4.375154,0.000000,0.000000,0.000000,0.000000,1.000000,0.000000,0.000000,0.000000
1789,29.816383,1,1,3.167665,5.753616,0.000000,-3.743128,-4.310371,0.000000,0.000000,0.000000,0.000000,1.000000,0.000000,0.000000,0.000000
1790,29.833050,1,1,3.106756,5.684863,0.000000,-3.676621,-4.212314,0.000000,0.000000,0.000000,0.000000,1.000000,0.000000,0.000000,0.000000
1791,29.849716,1,1,3.046917,5.618626,0.000000,-3.612286,-4.076393,0.000000,0.000000,0.000000,0.000000,1.000000,0.000000,0.000000,0.000000
1792,29.866383,1,1,2.988046,5.555650,0.000000,-3.552912,-3.897897,0.000000,0.000000,0.000000,0.000000,1.000000,0.000000,0.000000,0.000000
1793,29.883049,1,1,2.929977,5.496753,0.000000,-3.502155,-3.672363,0.000000,0.000000,0.000000,0.000000,1.000000,0.000000,0.000000,0.000000
1794,29.899715,1,1,2.872461,5.442804,0.000000,-3.464590,-3.396198,0.000000,0.000000,0.000000,0.000000,1.000000,0.000000,0.000000,0.000000
1795,29.916382,1,1,2.815149,5.394697,0.000000,-3.445637,-3.067546,0.000000,0.000000,0.000000,0.000000,1.000000,0.000000,0.000000,0.000000
1796,29.933048,1,1,2.757592,5.353284,0.000000,-3.451230,-2.687387,0.000000,0.000000,0.000000,0.000000,1.000000,0.000000,0.000000,0.000000
1797,29.949715,1,1,2.699246,5.319312,0.000000,-3.487173,-2.260667,0.000000,0.000000,0.000000,0.000000,1.000000,0.000000,0.000000,0.000000
1798,29.966381,1,1,2.639494,5.293327,0.000000,-3.558158,-1.797055,0.000000,0.000000,0.000000,0.000000,1.000000,0.000000,0.000000,0.000000
1799,29.983047,1,1,2.577693,5.275608,0.000000,-3.666658,-1.310868,0.000000,0.000000,0.000000,0.000000,1.000000,0.000000,0.000000,0.000000
1800,29.999714,1,1,2.513234,5.266109,0.000000,-3.812032,-0.819798,0.000000,0.000000,0.000000,0.000000,1.000000,0.000000,0.000000,0.000000
1801,30.016380,1,1,2.445598,5.264468,0.000000,-3.990275,-0.342557,0.000000,0.000000,0.000000,0.000000,1.000000,0.000000,0.000000,0.000000
1802,30.033047,1,1,2.374399,5.270050,0.000000,-4.194593,0.103891,0.000000,0.000000,0.000000,0.000000,1.000000,0.000000,0.000000,0.000000
1803,30.049713,1,1,2.299402,5.282032,0.000000,-4.416619,0.506522,0.000000,0.000000,0.000000,0.000000,1.000000,0.000000,0.000000,0.000000
1804,30.066380,1,1,2.220513,5.299495,0.000000,-4.647803,0.857307,0.000000,0.000000,0.000000,0.000000,1.000000,0.000000,0.000000,0.000000
1805,30.083046,1,1,2.137759,5.321501,0.000000,-4.880517,1.153032,0.000000,0.000000,0.000000,0.000000,1.000000,0.000000,0.000000,0.000000
1806,30.099712,1,1,2.051255,5.347153,0.000000,-5.108680,1.394324,0.000000,0.000000,0.000000,0.000000,1.000000,0.000000,0.000000,0.000000
1807,30.116379,1,1,1.961179,5.375622,0.000000,-5.327896,1.584397,0.000000,0.000000,0.000000,0.000000,1.000000,0.000000,0.000000,0.000000
1808,30.133045,1,1,1.867743,5.406171,0.000000,-5.535326,1.727929,0.000000,0.000000,0.000000,0.000000,1.000000,0.000000,0.000000,0.000000
1809,30.149712,1,1,1.771177,5.438149,0.000000,-5.729380,1.830172,0.000000,0.000000,0.000000,0.000000,1.000000,0.000000,0.000000,0.000000
1810,30.166378,1,1,1.671716,5.470995,0.000000,-5.909409,1.896396,0.000000,0.000000,0.000000,0.000000,1.000000,0.000000,0.000000,0.000000
1811,30.183044,1,1,1.569589,5.504230,0.000000,-6.075423,1.931558,0.000000,0.000000,0.000000,0.000000,1.000000,0.000000,0.000000,0.000000
1812,30.199711,1,1,1.465019,5.537437,0.000000,-6.227867,1.940130,0.000000,0.000000,0.000000,0.000000,1.000000,0.000000,0.000000,0.000000
1813,30.216377,1,1,1.358211,5.570271,0.000000,-6.367463,1.926065,0.000000,0.000000,0.000000,0.000000,1.000000,0.000000,0.000000,0.000000
1814,30.233044,1,1,1.249358,5.602432,0.000000,-6.495089,1.892792,0.000000,0.000000,0.000000,0.000000,1.000000,0.000000,0.000000,0.000000
1815,30.249710,1,1,1.138634,5.633670,0.000000,-6.611707,1.843266,0.000000,0.000000,0.000000,0.000000,1.000000,0.000000,0.000000,0.000000
1816,30.266376,1,1,1.026200,5.663772,0.000000,-6.718303,1.780020,0.000000,0.000000,0.000000,0.000000,1.000000,0.000000,0.000000,0.000000
1817,30.283043,1,1,0.912198,5.692560,0.000000,-6.815867,1.705223,0.000000,0.000000,0.000000,0.000000,1.000000,0.000000,0.000000,0.000000
1818,30.299709,1,1,0.796755,5.719885,0.000000,-6.905367,1.620738,0.000000,0.000000,0.000000,0.000000,1.000000,0.000000,0.000000,0.000000
1819,30.316376,1,1,0.679983,5.745621,0.000000,-6.987742,1.528170,0.000000,0.000000,0.000000,0.000000,1.000000,0.000000,0.000000,0.000000
1820,30.333042,1,1,0.561979,5.769667,0.000000,-7.063896,1.428908,0.000000,0.000000,0.000000,0.000000,1.000000,0.000000,0.000000,0.000000
1821,30.349709,1,1,0.442826,5.791936,0.000000,-7.134694,1.324167,0.000000,0.000000,0.000000,0.000000,1.000000,0.000000,0.000000,0.000000
1822,30.366375,1,1,0.322594,5.812364,0.000000,-7.200966,1.215021,0.000000,0.000000,0.000000,0.000000,1.000000,0.000000,0.000000,0.000000
1823,30.383041,1,1,0.201340,5.830897,0.000000,-7.263505,1.102429,0.000000,0.000000,0.000000,0.000000,1.000000,0.000000,0.000000,0.000000
1824,30.399708,1,1,0.079108,5.847498,0.000000,-7.323071,0.987256,0.000000,0.000000,0.000000,0.000000,1.000000,0.000000,0.000000,0.000000
1825,30.416374,1,1,-0.044069,5.862143,0.000000,-7.380383,0.870303,0.000000,0.000000,0.000000,0.000000,1.000000,0.000000,0.000000,0.000000
1826,30.433041,1,1,-0.168172,5.874817,0.000000,-7.436132,0.752319,0.000000,0.000000,0.000000,0.000000,1.000000,0.000000,0.000000,0.000000
1827,30.449707,1,1,-0.293187,5.885521,0.000000,-7.490971,0.634015,0.000000,0.000000,0.000000,0.000000,1.000000,0.000000,0.000000,0.000000
1828,30.466373,1,1,-0.419114,5.894264,0.000000,-7.545518,0.516085,0.000000,0.000000,0.000000,0.000000,1.000000,0.000000,0.000000,0.000000
1829,30.483040,1,1,-0.545963,5.901068,0.000000,-7.600356,0.399212,0.000000,0.000000,0.000000,0.000000,1.000000,0.000000,0.000000,0.000000
1830,30.499706,1,1,-0.673751,5.905965,0.000000,-7.656027,0.284083,0.000000,0.000000,0.000000,0.000000,1.000000,0.000000,0.000000,0.000000
1831,30.516373,1,1,-0.802503,5.909002,0.000000,-7.713035,0.171401,0.000000,0.000000,0.000000,0.000000,1.000000,0.000000,0.000000,0.000000
1832,30.533039,1,1,-0.932253,5.910235,0.000000,-7.771837,0.061891,0.000000,0.000000,0.000000,0.000000,1.000000,0.000000,0.000000,0.000000
1833,30.549706,1,1,-1.063039,5.909734,0.000000,-7.832847,-0.043689,0.000000,0.000000,0.000000,0.000000,1.000000,0.000000,0.000000,0.000000
1834,30.566372,1,1,-1.194908,5.907583,0.000000,-7.896422,-0.144537,0.000000,0.000000,0.000000,0.000000,1.000000,0.000000,0.000000,0.000000
1835,30.583038,1,1,-1.327909,5.903880,0.000000,-7.962870,-0.239798,0.000000,0.000000,0.000000,0.000000,1.000000,0.000000,0.000000,0.000000
1836,30.599705,1,1,-1.462095,5.898739,0.000000,-8.032431,-0.328559,0.000000,0.000000,0.000000,0.000000,1.000000,0.000000,0.000000,0.000000
1837,30.616371,1,1,-1.597522,5.892292,0.000000,-8.105280,-0.409832,0.000000,0.000000,0.000000,0.000000,1.000000,0.000000,0.000000,0.000000
1838,30.633038,1,1,-1.734249,5.884688,0.000000,-8.181517,-0.482547,0.000000,0.000000,0.000000,0.000000,1.000000,0.000000,0.000000,0.000000
1839,30.649704,1,1,-1.872331,5.876096,0.000000,-8.261156,-0.545540,0.000000,0.000000,0.000000,0.000000,1.000000,0.000000,0.000000,0.000000
1840,30.666370,1,1,-2.011824,5.866707,0.000000,-8.344121,-0.597538,0.000000,0.000000,0.000000,0.000000,1.000000,0.000000,0.000000,0.000000
1841,30.683037,1,1,-2.152779,5.856738,0.000000,-8.430220,-0.637149,0.000000,0.000000,0.000000,0.000000,1.000000,0.000000,0.000000,0.000000
1842,30.699703,1,1,-2.295241,5.846429,0.000000,-8.519142,-0.662838,0.000000,0.000000,0.000000,0.000000,1.000000,0.000000,0.000000,0.000000
1843,30.716370,1,1,-2.439248,5.836053,0.000000,-8.610427,-0.672921,0.000000,0.000000,0.000000,0.000000,1.000000,0.000000,0.000000,0.000000
1844,30.733036,1,1,-2.584823,5.825913,0.000000,-8.703441,-0.665535,0.000000,0.000000,0.000000,0.000000,1.000000,0.000000,0.000000,0.000000
1845,30.749702,1,1,-2.731977,5.816348,0.000000,-8.797344,-0.638633,0.000000,0.000000,0.000000,0.000000,1.000000,0.000000,0.000000,0.000000
1846,30.766369,1,1,-2.880701,5.807735,0.000000,-8.891049,-0.589961,0.000000,0.000000,0.000000,0.000000,1.000000,0.000000,0.000000,0.000000
1847,30.783035,1,1,-3.030957,5.800498,0.000000,-8.983161,-0.517057,0.000000,0.000000,0.000000,0.000000,1.000000,0.000000,0.000000,0.000000
1848,30.799702,1,1,-3.182681,5.795102,0.000000,-9.071923,-0.417252,0.000000,0.000000,0.000000,0.000000,1.000000,0.000000,0.000000,0.000000
1849,30.816368,1,1,-3.335764,5.792063,0.000000,-9.155133,-0.287704,0.000000,0.000000,0.000000,0.000000,1.000000,0.000000,0.000000,0.000000
1850,30.833035,1,1,-3.490053,5.791947,0.000000,-9.230064,-0.125458,0.000000,0.000000,0.000000,0.000000,1.000000,0.000000,0.000000,0.000000
1851,30.849701,1,1,-3.645330,5.795370,0.000000,-9.293374,0.072422,0.000000,0.000000,0.000000,0.000000,1.000000,0.000000,0.000000,0.000000
1852,30.866367,1,1,-3.801310,5.802993,0.000000,-9.341036,0.308660,0.000000,0.000000,0.000000,0.000000,1.000000,0.000000,0.000000,0.000000
1853,30.883034,1,1,-3.957618,5.815507,0.000000,-9.368306,0.585439,0.000000,0.000000,0.000000,0.000000,1.000000,0.000000,0.000000,0.000000
1854,30.899700,1,1,-4.113790,5.833621,0.000000,-9.369777,0.903964,0.000000,0.000000,0.000000,0.000000,1.000000,0.000000,0.000000,0.000000
1855,30.916367,1,1,-4.269257,5.858021,0.000000,-9.339566,1.263876,0.000000,0.000000,0.000000,0.000000,1.000000,0.000000,0.000000,0.000000
1856,30.933033,1,1,-4.423349,5.889341,0.000000,-9.271719,1.662574,0.000000,0.000000,0.000000,0.000000,1.000000,0.000000,0.000000,0.000000
1857,30.949699,1,1,-4.575313,5.928101,0.000000,-9.160849,2.094600,0.000000,0.000000,0.000000,0.000000,1.000000,0.000000,0.000000,0.000000
1858,30.966366,1,1,-4.724337,5.974649,0.000000,-9.002991,2.551225,0.000000,0.000000,0.000000,0.000000,1.000000,0.000000,0.000000,0.000000
1859,30.983032,1,1,-4.869599,6.029117,0.000000,-8.796540,3.020567,0.000000,0.000000,0.000000,0.000000,1.000000,0.000000,0.000000,0.000000
1860,30.999699,1,1,-5.010325,6.091381,0.000000,-8.542995,3.488411,0.000000,0.000000,0.000000,0.000000,1.000000,0.000000,0.000000,0.000000
1861,31.016365,1,1,-5.145847,6.161057,0.000000,-8.247219,3.939668,0.000000,0.000000,0.000000,0.000000,1.000000,0.000000,0.000000,0.000000
1862,31.033031,1,1,-5.275645,6.237535,0.000000,-7.917010,4.360242,0.000000,0.000000,0.000000,0.000000,1.000000,0.000000,0.000000,0.000000
1863,31.049698,1,1,-5.399377,6.320030,0.000000,-7.562109,4.738662,0.000000,0.000000,0.000000,0.000000,1.000000,0.000000,0.000000,0.000000
1864,31.066364,1,1,-5.516876,6.407658,0.000000,-7.192851,5.067174,0.000000,0.000000,0.000000,0.000000,1.000000,0.000000,0.000000,0.000000
1865,31.083031,1,1,-5.628133,6.499495,0.000000,-6.818965,5.341927,0.000000,0.000000,0.000000,0.000000,1.000000,0.000000,0.000000,0.000000
1866,31.099697,1,1,-5.733264,6.594639,0.000000,-6.448723,5.562529,0.000000,0.000000,0.000000,0.000000,1.000000,0.000000,0.000000,0.000000
1867,31.116364,1,1,-5.832482,6.692242,0.000000,-6.088550,5.731195,0.000000,0.000000,0.000000,0.000000,1.000000,0.000000,0.000000,0.000000
1868,31.133030,1,1,-5.926057,6.791534,0.000000,-5.743014,5.851823,0.000000,0.000000,0.000000,0.000000,1.000000,0.000000,0.000000,0.000000
1869,31.149696,1,1,-6.014299,6.891829,0.000000,-5.415057,5.929183,0.000000,0.000000,0.000000,0.000000,1.000000,0.000000,0.000000,0.000000
1870,31.166363,1,1,-6.097538,6.992527,0.000000,-5.106300,5.968327,0.000000,0.000000,0.000000,0.000000,1.000000,0.000000,0.000000,0.000000
1871,31.183029,1,1,-6.176103,7.093109,0.000000,-4.817393,5.974185,0.000000,0.000000,0.000000,0.000000,1.000000,0.000000,0.000000,0.000000
1872,31.199696,1,1,-6.250324,7.193128,0.000000,-4.548297,5.951346,0.000000,0.000000,0.000000,0.000000,1.000000,0.000000,0.000000,0.000000
1873,31.216362,1,1,-6.320513,7.292202,0.000000,-4.298494,5.903951,0.000000,0.000000,0.000000,0.000000,1.000000,0.000000,0.000000,0.000000
1874,31.233028,1,1,-6.386974,7.390008,0.000000,-4.067197,5.835647,0.000000,0.000000,0.000000,0.000000,1.000000,0.000000,0.000000,0.000000
1875,31.249695,1,1,-6.449991,7.486274,0.000000,-3.853443,5.749616,0.000000,0.000000,0.000000,0.000000,1.000000,0.000000,0.000000,0.000000
1876,31.266361,1,1,-6.509830,7.580765,0.000000,-3.656189,5.648607,0.000000,0.000000,0.000000,0.000000,1.000000,0.000000,0.000000,0.000000
1877,31.283028,1,1,-6.566739,7.673287,0.000000,-3.474367,5.534973,0.000000,0.000000,0.000000,0.000000,1.000000,0.000000,0.000000,0.000000
1878,31.299694,1,1,-6.620951,7.763679,0.000000,-3.306928,5.410731,0.000000,0.000000,0.000000,0.000000,1.000000,0.000000,0.000000,0.000000
1879,31.316360,1,1,-6.672682,7.851799,0.000000,-3.152846,5.277603,0.000000,0.000000,0.000000,0.000000,1.000000,0.000000,0.000000,0.000000
1880,31.333027,1,1,-6.722130,7.937537,0.000000,-3.011151,5.137053,0.000000,0.000000,0.000000,0.000000,1.000000,0.000000,0.000000,0.000000
1881,31.349693,1,1,-6.769481,8.020794,0.000000,-2.880920,4.990335,0.000000,0.000000,0.000000,0.000000,1.000000,0.000000,0.000000,0.000000
1882,31.366360,1,1,-6.814905,8.101495,0.000000,-2.761291,4.838513,0.000000,0.000000,0.000000,0.000000,1.000000,0.000000,0.000000,0.000000
1883,31.383026,1,1,-6.858560,8.179573,0.000000,-2.651444,4.682494,0.000000,0.000000,0.000000,0.000000,1.000000,0.000000,0.000000,0.000000
1884,31.399693,1,1,-6.900590,8.254976,0.000000,-2.550623,4.523047,0.000000,0.000000,0.000000,0.000000,1.000000,0.000000,0.000000,0.000000
1885,31.416359,1,1,-6.941130,8.327662,0.000000,-2.458115,4.360830,0.000000,0.000000,0.000000,0.000000,1.000000,0.000000,0.000000,0.000000
1886,31.433025,1,1,-6.980304,8.397597,0.000000,-2.373255,4.196394,0.000000,0.000000,0.000000,0.000000,1.000000,0.000000,0.000000,0.000000
1887,31.449692,1,1,-7.018224,8.464756,0.000000,-2.295417,4.030210,0.000000,0.000000,0.000000,0.000000,1.000000,0.000000,0.000000,0.000000
1888,31.466358,1,1,-7.054993,8.529119,0.000000,-2.224019,3.862670,0.000000,0.000000,0.000000,0.000000,1.000000,0.000000,0.000000,0.000000
1889,31.483025,1,1,-7.090706,8.590668,0.000000,-2.158510,3.694103,0.000000,0.000000,0.000000,0.000000,1.000000,0.000000,0.000000,0.000000
1890,31.499691,1,1,-7.125451,8.649393,0.000000,-2.098375,3.524781,0.000000,0.000000,0.000000,0.000000,1.000000,0.000000,0.000000,0.000000
1891,31.516357,1,1,-7.159305,8.705287,0.000000,-2.043131,3.354929,0.000000,0.000000,0.000000,0.000000,1.000000,0.000000,0.000000,0.000000
1892,31.533024,1,1,-7.192340,8.758344,0.000000,-1.992318,3.184729,0.000000,0.000000,0.000000,0.000000,1.000000,0.000000,0.000000,0.000000
1893,31.549690,1,1,-7.224618,8.808562,0.000000,-1.945504,3.014323,0.000000,0.000000,0.000000,0.000000,1.000000,0.000000,0.000000,0.000000
1894,31.566357,1,1,-7.256199,8.855940,0.000000,-1.902279,2.843827,0.000000,0.000000,0.000000,0.000000,1.000000,0.000000,0.000000,0.000000
1895,31.583023,1,1,-7.287133,8.900477,0.000000,-1.862257,2.673323,0.000000,0.000000,0.000000,0.000000,1.000000,0.000000,0.000000,0.000000
1896,31.599689,1,1,-7.317464,8.942177,0.000000,-1.825066,2.502874,0.000000,0.000000,0.000000,0.000000,1.000000,0.000000,0.000000,0.000000
1897,31.616356,1,1,-7.347232,8.981039,0.000000,-1.790355,2.332520,0.000000,0.000000,0.000000,0.000000,1.000000,0.000000,0.000000,0.000000
1898,31.633022,1,1,-7.376472,9.017066,0.000000,-1.757788,2.162284,0.000000,0.000000,0.000000,0.000000,1.000000,0.000000,0.000000,0.000000
1899,31.649689,1,1,-7.405210,9.050260,0.000000,-1.727041,1.992176,0.000000,0.000000,0.000000,0.000000,1.000000,0.000000,0.000000,0.000000
1900,31.666355,1,1,-7.433472,9.080622,0.000000,-1.697806,1.822193,0.000000,0.000000,0.000000,0.000000,1.000000,0.000000,0.000000,0.000000
1901,31.683022,1,1,-7.461275,9.108155,0.000000,-1.669782,1.652322,0.000000,0.000000,0.000000,0.000000,1.000000,0.000000,0.000000,0.000000
1902,31.699688,1,1,-7.488632,9.132860,0.000000,-1.642681,1.482543,0.000000,0.000000,0.000000,0.000000,1.000000,0.000000,0.000000,0.000000
1903,31.716354,1,1,-7.515553,9.154737,0.000000,-1.616219,1.312831,0.000000,0.000000,0.000000,0.000000,1.000000,0.000000,0.000000,0.000000
1904,31.733021,1,1,-7.542044,9.173787,0.000000,-1.590123,1.143158,0.000000,0.000000,0.000000,0.000000,1.000000,0.000000,0.000000,0.000000
1905,31.749687,1,1,-7.568103,9.190010,0.000000,-1.564123,0.973492,0.000000,0.000000,0.000000,0.000000,1.000000,0.000000,0.000000,0.000000
1906,31.766354,1,1,-7.593726,9.203404,0.000000,-1.537952,0.803804,0.000000,0.000000,0.000000,0.000000,1.000000,0.000000,0.000000,0.000000
1907,31.783020,1,1,-7.618906,9.213969,0.000000,-1.511347,0.634063,0.000000,0.000000,0.000000,0.000000,1.000000,0.000000,0.000000,0.000000
1908,31.799686,1,1,-7.643627,9.221704,0.000000,-1.484046,0.464245,0.000000,0.000000,0.000000,0.000000,1.000000,0.000000,0.000000,0.000000
1909,31.816353,1,1,-7.667873,9.226605,0.000000,-1.455785,0.294328,0.000000,0.000000,0.000000,0.000000,1.000000,0.000000,0.000000,0.000000
1910,31.833019,1,1,-7.691623,9.228673,0.000000,-1.426300,0.124297,0.000000,0.000000,0.000000,0.000000,1.000000,0.000000,0.000000,0.000000
1911,31.849686,1,1,-7.714849,9.227903,0.000000,-1.395324,-0.045856,0.000000,0.000000,0.000000,0.000000,1.000000,0.000000,0.000000,0.000000
1912,31.866352,1,1,-7.737522,9.224293,0.000000,-1.362584,-0.216127,0.000000,0.000000,0.000000,0.000000,1.000000,0.000000,0.000000,0.000000
1913,31.883018,1,1,-7.759605,9.217841,0.000000,-1.327800,-0.386505,0.000000,0.000000,0.000000,0.000000,1.000000,0.000000,0.000000,0.000000
1914,31.899685,1,1,-7.781058,9.208548,0.000000,-1.290686,-0.556962,0.000000,0.000000,0.000000,0.000000,1.000000,0.000000,0.000000,0.000000
1915,31.916351,1,1,-7.801836,9.196411,0.000000,-1.250944,-0.727457,0.000000,0.000000,0.000000,0.000000,1.000000,0.000000,0.000000,0.000000
1916,31.933018,1,1,-7.821887,9.181431,0.000000,-1.208268,-0.897933,0.000000,0.000000,0.000000,0.000000,1.000000,0.000000,0.000000,0.000000
1917,31.949684,1,1,-7.841155,9.163610,0.000000,-1.162335,-1.068313,0.000000,0.000000,0.000000,0.000000,1.000000,0.000000,0.000000,0.000000
1918,31.966351,1,1,-7.859579,9.142954,0.000000,-1.112810,-1.238497,0.000000,0.000000,0.000000,0.000000,1.000000,0.000000,0.000000,0.000000
1919,31.983017,1,1,-7.877091,9.119465,0.000000,-1.059337,-1.408362,0.000000,0.000000,0.000000,0.000000,1.000000,0.000000,0.000000,0.000000
1920,31.999683,1,1,-7.893616,9.093153,0.000000,-1.001543,-1.577755,0.000000,0.000000,0.000000,0.000000,1.000000,0.000000,0.000000,0.000000
1921,32.016350,1,1,-7.909076,9.064030,0.000000,-0.939033,-1.746492,0.000000,0.000000,0.000000,0.000000,1.000000,0.000000,0.000000,0.000000
1922,32.033016,1,1,-7.923379,9.032110,0.000000,-0.871387,-1.914352,0.000000,0.000000,0.000000,0.000000,1.000000,0.000000,0.000000,0.000000
1923,32.049683,1,1,-7.936432,8.997416,0.000000,-0.798157,-2.081073,0.000000,0.000000,0.000000,0.000000,1.000000,0.000000,0.000000,0.000000
1924,32.066349,1,1,-7.948129,8.959970,0.000000,-0.718871,-2.246345,0.000000,0.000000,0.000000,0.000000,1.000000,0.000000,0.000000,0.000000
1925,32.083015,1,1,-7.958359,8.919807,0.000000,-0.633022,-2.409803,0.000000,0.000000,0.000000,0.000000,1.000000,0.000000,0.000000,0.000000
1926,32.099682,1,1,-7.966999,8.876966,0.000000,-0.540071,-2.571019,0.000000,0.000000,0.000000,0.000000,1.000000,0.000000,0.000000,0.000000
1927,32.116348,1,1,-7.973918,8.831494,0.000000,-0.439444,-2.729496,0.000000,0.000000,0.000000,0.000000,1.000000,0.000000,0.000000,0.000000
1928,32.133015,1,1,-7.978975,8.783451,0.000000,-0.330534,-2.884652,0.000000,0.000000,0.000000,0.000000,1.000000,0.000000,0.000000,0.000000
1929,32.149681,1,1,-7.982015,8.732905,0.000000,-0.212700,-3.035814,0.000000,0.000000,0.000000,0.000000,1.000000,0.000000,0.000000,0.000000
1930,32.166348,1,1,-7.982873,8.679945,0.000000,-0.085264,-3.182201,0.000000,0.000000,0.000000,0.000000,1.000000,0.000000,0.000000,0.000000
1931,32.183014,1,1,-7.981374,8.624667,0.000000,0.052465,-3.322912,0.000000,0.000000,0.000000,0.000000,1.000000,0.000000,0.000000,0.000000
1932,32.199680,1,1,-7.977328,8.567189,0.000000,0.201212,-3.456909,0.000000,0.000000,0.000000,0.000000,1.000000,0.000000,0.000000,0.000000
1933,32.216347,1,1,-7.970537,8.507650,0.000000,0.361697,-3.583004,0.000000,0.000000,0.000000,0.000000,1.000000,0.000000,0.000000,0.000000
1934,32.233013,1,1,-7.960783,8.446215,0.000000,0.534620,-3.699848,0.000000,0.000000,0.000000,0.000000,1.000000,0.000000,0.000000,0.000000
1935,32.249680,1,1,-7.947847,8.383069,0.000000,0.720638,-3.805912,0.000000,0.000000,0.000000,0.000000,1.000000,0.000000,0.000000,0.000000
1936,32.266346,1,1,-7.931494,8.318432,0.000000,0.920316,-3.899493,0.000000,0.000000,0.000000,0.000000,1.000000,0.000000,0.000000,0.000000
1937,32.283012,1,1,-7.911487,8.252556,0.000000,1.134069,-3.978716,0.000000,0.000000,0.000000,0.000000,1.000000,0.000000,0.000000,0.000000
1938,32.299679,1,1,-7.887585,8.185727,0.000000,1.362089,-4.041563,0.000000,0.000000,0.000000,0.000000,1.000000,0.000000,0.000000,0.000000
1939,32.316345,1,1,-7.859550,8.118266,0.000000,1.604258,-4.085920,0.000000,0.000000,0.000000,0.000000,1.000000,0.000000,0.000000,0.000000
1940,32.333012,1,1,-7.827157,8.050531,0.000000,1.860041,-4.109659,0.000000,0.000000,0.000000,0.000000,1.000000,0.000000,0.000000,0.000000
1941,32.349678,1,1,-7.790204,7.982914,0.000000,2.128367,-4.110767,0.000000,0.000000,0.000000,0.000000,1.000000,0.000000,0.000000,0.000000
1942,32.366344,1,1,-7.748518,7.915832,0.000000,2.407524,-4.087509,0.000000,0.000000,0.000000,0.000000,1.000000,0.000000,0.000000,0.000000
1943,32.383011,1,1,-7.701975,7.849722,0.000000,2.695074,-4.038639,0.000000,0.000000,0.000000,0.000000,1.000000,0.000000,0.000000,0.000000
1944,32.399677,1,1,-7.650508,7.785023,0.000000,2.987818,-3.963639,0.000000,0.000000,0.000000,0.000000,1.000000,0.000000,0.000000,0.000000
1945,32.416344,1,1,-7.594120,7.722160,0.000000,3.281860,-3.862939,0.000000,0.000000,0.000000,0.000000,1.000000,0.000000,0.000000,0.000000
1946,32.433010,1,1,-7.532890,7.661528,0.000000,3.572752,-3.738097,0.000000,0.000000,0.000000,0.000000,1.000000,0.000000,0.000000,0.000000
1947,32.449677,1,1,-7.466983,7.603464,0.000000,3.855777,-3.591849,0.000000,0.000000,0.000000,0.000000,1.000000,0.000000,0.000000,0.000000
1948,32.466343,1,1,-7.396636,7.548235,0.000000,4.126274,-3.428056,0.000000,0.000000,0.000000,0.000000,1.000000,0.000000,0.000000,0.000000
1949,32.483009,1,1,-7.322157,7.496026,0.000000,4.380045,-3.251438,0.000000,0.000000,0.000000,0.000000,1.000000,0.000000,0.000000,0.000000
1950,32.499676,1,1,-7.243905,7.446926,0.000000,4.613673,-3.067223,0.000000,0.000000,0.000000,0.000000,1.000000,0.000000,0.000000,0.000000
1951,32.516342,1,1,-7.162271,7.400939,0.000000,4.824752,-2.880722,0.000000,0.000000,0.000000,0.000000,1.000000,0.000000,0.000000,0.000000
1952,32.533009,1,1,-7.077662,7.357986,0.000000,5.011970,-2.696933,0.000000,0.000000,0.000000,0.000000,1.000000,0.000000,0.000000,0.000000
1953,32.549675,1,1,-6.990480,7.317922,0.000000,5.175067,-2.520213,0.000000,0.000000,0.000000,0.000000,1.000000,0.000000,0.000000,0.000000
1954,32.566341,1,1,-6.901114,7.280547,0.000000,5.314671,-2.354096,0.000000,0.000000,0.000000,0.000000,1.000000,0.000000,0.000000,0.000000
1955,32.583008,1,1,-6.809924,7.245624,0.000000,5.432077,-2.201226,0.000000,0.000000,0.000000,0.000000,1.000000,0.000000,0.000000,0.000000
1956,32.599674,1,1,-6.717239,7.212892,0.000000,5.529032,-2.063396,0.000000,0.000000,0.000000,0.000000,1.000000,0.000000,0.000000,0.000000
1957,32.616341,1,1,-6.623355,7.182076,0.000000,5.607522,-1.941656,0.000000,0.000000,0.000000,0.000000,1.000000,0.000000,0.000000,0.000000
1958,32.633007,1,1,-6.528530,7.152903,0.000000,5.669621,-1.836433,0.000000,0.000000,0.000000,0.000000,1.000000,0.000000,0.000000,0.000000
1959,32.649673,1,1,-6.432990,7.125098,0.000000,5.717364,-1.747676,0.000000,0.000000,0.000000,0.000000,1.000000,0.000000,0.000000,0.000000
1960,32.666340,1,1,-6.336931,7.098397,0.000000,5.752672,-1.674992,0.000000,0.000000,0.000000,0.000000,1.000000,0.000000,0.000000,0.000000
1961,32.683006,1,1,-6.240517,7.072548,0.000000,5.777308,-1.617755,0.000000,0.000000,0.000000,0.000000,1.000000,0.000000,0.000000,0.000000
1962,32.699673,1,1,-6.143892,7.047315,0.000000,5.792860,-1.575177,0.000000,0.000000,0.000000,0.000000,1.000000,0.000000,0.000000,0.000000
1963,32.716339,1,1,-6.047176,7.022471,0.000000,5.800731,-1.546393,0.000000,0.000000,0.000000,0.000000,1.000000,0.000000,0.000000,0.000000
1964,32.733006,1,1,-5.950467,6.997811,0.000000,5.802150,-1.530490,0.000000,0.000000,0.000000,0.000000,1.000000,0.000000,0.000000,0.000000
1965,32.749672,1,1,-5.853848,6.973141,0.000000,5.798186,-1.526554,0.000000,0.000000,0.000000,0.000000,1.000000,0.000000,0.000000,0.000000
1966,32.766338,1,1,-5.757390,6.948283,0.000000,5.789760,-1.533684,0.000000,0.000000,0.000000,0.000000,1.000000,0.000000,0.000000,0.000000
1967,32.783005,1,1,-5.661149,6.923071,0.000000,5.777657,-1.551010,0.000000,0.000000,0.000000,0.000000,1.000000,0.000000,0.000000,0.000000
1968,32.799671,1,1,-5.565169,6.897356,0.000000,5.762552,-1.577699,0.000000,0.000000,0.000000,0.000000,1.000000,0.000000,0.000000,0.000000
1969,32.816338,1,1,-5.469491,6.871001,0.000000,5.745014,-1.612951,0.000000,0.000000,0.000000,0.000000,1.000000,0.000000,0.000000,0.000000
1970,32.833004,1,1,-5.374144,6.843877,0.000000,5.725520,-1.656012,0.000000,0.000000,0.000000,0.000000,1.000000,0.000000,0.000000,0.000000
1971,32.849670,1,1,-5.279150,6.815875,0.000000,5.704471,-1.706158,0.000000,0.000000,0.000000,0.000000,1.000000,0.000000,0.000000,0.000000
1972,32.866337,1,1,-5.184528,6.786890,0.000000,5.682195,-1.762702,0.000000,0.000000,0.000000,0.000000,1.000000,0.000000,0.000000,0.000000
1973,32.883003,1,1,-5.090294,6.756830,0.000000,5.658960,-1.824989,0.000000,0.000000,0.000000,0.000000,1.000000,0.000000,0.000000,0.000000
1974,32.899670,1,1,-4.996459,6.725615,0.000000,5.634978,-1.892385,0.000000,0.000000,0.000000,0.000000,1.000000,0.000000,0.000000,0.000000
1975,32.916336,1,1,-4.903031,6.693172,0.000000,5.610412,-1.964280,0.000000,0.000000,0.000000,0.000000,1.000000,0.000000,0.000000,0.000000
1976,32.933002,1,1,-4.810019,6.659441,0.000000,5.585381,-2.040080,0.000000,0.000000,0.000000,0.000000,1.000000,0.000000,0.000000,0.000000
1977,32.949669,1,1,-4.717427,6.624370,0.000000,5.559962,-2.119200,0.000000,0.000000,0.000000,0.000000,1.000000,0.000000,0.000000,0.000000
1978,32.966335,1,1,-4.625262,6.587914,0.000000,5.534198,-2.201065,0.000000,0.000000,0.000000,0.000000,1.000000,0.000000,0.000000,0.000000
1979,32.983002,1,1,-4.533530,6.550042,0.000000,5.508099,-2.285101,0.000000,0.000000,0.000000,0.000000,1.000000,0.000000,0.000000,0.000000
1980,32.999668,1,1,-4.442237,6.510730,0.000000,5.481646,-2.370728,0.000000,0.000000,0.000000,0.000000,1.000000,0.000000,0.000000,0.000000
1981,33.016335,1,1,-4.351390,6.469964,0.000000,5.454792,-2.457359,0.000000,0.000000,0.000000,0.000000,1.000000,0.000000,0.000000,0.000000
1982,33.033001,1,1,-4.260998,6.427742,0.000000,5.427469,-2.544391,0.000000,0.000000,0.000000,0.000000,1.000000,0.000000,0.000000,0.000000
1983,33.049667,1,1,-4.171071,6.384071,0.000000,5.399586,-2.631200,0.000000,0.000000,0.000000,0.000000,1.000000,0.000000,0.000000,0.000000
1984,33.066334,1,1,-4.081621,6.338969,0.000000,5.371036,-2.717135,0.000000,0.000000,0.000000,0.000000,1.000000,0.000000,0.000000,0.000000
1985,33.083000,1,1,-3.992662,6.292466,0.000000,5.341697,-2.801511,0.000000,0.000000,0.000000,0.000000,1.000000,0.000000,0.000000,0.000000
1986,33.099667,1,1,-3.904212,6.244603,0.000000,5.311437,-2.883596,0.000000,0.000000,0.000000,0.000000,1.000000,0.000000,0.000000,0.000000
1987,33.116333,1,1,-3.816288,6.195437,0.000000,5.280118,-2.962609,0.000000,0.000000,0.000000,0.000000,1.000000,0.000000,0.000000,0.000000
1988,33.132999,1,1,-3.728913,6.145039,0.000000,5.247602,-3.037705,0.000000,0.000000,0.000000,0.000000,1.000000,0.000000,0.000000,0.000000
1989,33.149666,1,1,-3.642108,6.093493,0.000000,5.213751,-3.107965,0.000000,0.000000,0.000000,0.000000,1.000000,0.000000,0.000000,0.000000
1990,33.166332,1,1,-3.555902,6.040904,0.000000,5.178443,-3.172386,0.000000,0.000000,0.000000,0.000000,1.000000,0.000000,0.000000,0.000000
1991,33.182999,1,1,-3.470321,5.987393,0.000000,5.141576,-3.229862,0.000000,0.000000,0.000000,0.000000,1.000000,0.000000,0.000000,0.000000
1992,33.199665,1,1,-3.385392,5.933105,0.000000,5.103075,-3.279175,0.000000,0.000000,0.000000,0.000000,1.000000,0.000000,0.000000,0.000000
1993,33.216331,1,1,-3.301146,5.878205,0.000000,5.062910,-3.318978,0.000000,0.000000,0.000000,0.000000,1.000000,0.000000,0.000000,0.000000
1994,33.232998,1,1,-3.217609,5.822887,0.000000,5.021113,-3.347783,0.000000,0.000000,0.000000,0.000000,1.000000,0.000000,0.000000,0.000000
1995,33.249664,1,1,-3.134808,5.767373,0.000000,4.977793,-3.363944,0.000000,0.000000,0.000000,0.000000,1.000000,0.000000,0.000000,0.000000
1996,33.266331,1,1,-3.052763,5.711914,0.000000,4.933166,-3.365651,0.000000,0.000000,0.000000,0.000000,1.000000,0.000000,0.000000,0.000000
1997,33.282997,1,1,-2.971491,5.656798,0.000000,4.887580,-3.350925,0.000000,0.000000,0.000000,0.000000,1.000000,0.000000,0.000000,0.000000
1998,33.299664,1,1,-2.890995,5.602348,0.000000,4.841557,-3.317635,0.000000,0.000000,0.000000,0.000000,1.000000,0.000000,0.000000,0.000000
1999,33.316330,1,1,-2.811268,5.548928,0.000000,4.795826,-3.263522,0.000000,0.000000,0.000000,0.000000,1.000000,0.000000,0.000000,0.000000
2000,33.332996,1,1,-2.732284,5.496938,0.000000,4.751373,-3.186260,0.000000,0.000000,0.000000,0.000000,1.000000,0.000000,0.000000,0.000000
2001,33.349663,1,1,-2.653993,5.446819,0.000000,4.709479,-3.083548,0.000000,0.000000,0.000000,0.000000,1.000000,0.000000,0.000000,0.000000
2002,33.366329,1,1,-2.576316,5.399047,0.000000,4.671761,-2.953267,0.000000,0.000000,0.000000,0.000000,1.000000,0.000000,0.000000,0.000000
2003,33.382996,1,1,-2.499139,5.354122,0.000000,4.640183,-2.793692,0.000000,0.000000,0.000000,0.000000,1.000000,0.000000,0.000000,0.000000
2004,33.399662,1,1,-2.422308,5.312560,0.000000,4.617034,-2.603771,0.000000,0.000000,0.000000,0.000000,1.000000,0.000000,0.000000,0.000000
2005,33.416328,1,1,-2.345624,5.274869,0.000000,4.604854,-2.383459,0.000000,0.000000,0.000000,0.000000,1.000000,0.000000,0.000000,0.000000
2006,33.432995,1,1,-2.268845,5.241527,0.000000,4.606274,-2.134078,0.000000,0.000000,0.000000,0.000000,1.000000,0.000000,0.000000,0.000000
2007,33.449661,1,1,-2.191686,5.212950,0.000000,4.623785,-1.858621,0.000000,0.000000,0.000000,0.000000,1.000000,0.000000,0.000000,0.000000
2008,33.466328,1,1,-2.113832,5.189462,0.000000,4.659438,-1.561903,0.000000,0.000000,0.000000,0.000000,1.000000,0.000000,0.000000,0.000000
2009,33.482994,1,1,-2.034949,5.171265,0.000000,4.714517,-1.250502,0.000000,0.000000,0.000000,0.000000,1.000000,0.000000,0.000000,0.000000
2010,33.499660,1,1,-1.954710,5.158417,0.000000,4.789271,-0.932346,0.000000,0.000000,0.000000,0.000000,1.000000,0.000000,0.000000,0.000000
2011,33.516327,1,1,-1.872808,5.150832,0.000000,4.882778,-0.616064,0.000000,0.000000,0.000000,0.000000,1.000000,0.000000,0.000000,0.000000
2012,33.532993,1,1,-1.788977,5.148278,0.000000,4.992997,-0.310145,0.000000,0.000000,0.000000,0.000000,1.000000,0.000000,0.000000,0.000000
2013,33.549660,1,1,-1.703009,5.150405,0.000000,5.117003,-0.022143,0.000000,0.000000,0.000000,0.000000,1.000000,0.000000,0.000000,0.000000
2014,33.566326,1,1,-1.614752,5.156776,0.000000,5.251350,0.241938,0.000000,0.000000,0.000000,0.000000,1.000000,0.000000,0.000000,0.000000
2015,33.582993,1,1,-1.524118,5.166894,0.000000,5.392452,0.477942,0.000000,0.000000,0.000000,0.000000,1.000000,0.000000,0.000000,0.000000
2016,33.599659,1,1,-1.431072,5.180240,0.000000,5.536924,0.683572,0.000000,0.000000,0.000000,0.000000,1.000000,0.000000,0.000000,0.000000
2017,33.616325,1,1,-1.335626,5.196292,0.000000,5.681812,0.858149,0.000000,0.000000,0.000000,0.000000,1.000000,0.000000,0.000000,0.000000
2018,33.632992,1,1,-1.237826,5.214550,0.000000,5.824714,1.002282,0.000000,0.000000,0.000000,0.000000,1.000000,0.000000,0.000000,0.000000
2019,33.649658,1,1,-1.137746,5.234545,0.000000,5.963801,1.117491,0.000000,0.000000,0.000000,0.000000,1.000000,0.000000,0.000000,0.000000
2020,33.666325,1,1,-1.035479,5.255843,0.000000,6.097785,1.205867,0.000000,0.000000,0.000000,0.000000,1.000000,0.000000,0.000000,0.000000
2021,33.682991,1,1,-0.931125,5.278054,0.000000,6.225843,1.269803,0.000000,0.000000,0.000000,0.000000,1.000000,0.000000,0.000000,0.000000
2022,33.699657,1,1,-0.824792,5.300831,0.000000,6.347530,1.311794,0.000000,0.000000,0.000000,0.000000,1.000000,0.000000,0.000000,0.000000
2023,33.716324,1,1,-0.716588,5.323866,0.000000,6.462704,1.334310,0.000000,0.000000,0.000000,0.000000,1.000000,0.000000,0.000000,0.000000
2024,33.732990,1,1,-0.606618,5.346889,0.000000,6.571442,1.339703,0.000000,0.000000,0.000000,0.000000,1.000000,0.000000,0.000000,0.000000
2025,33.749657,1,1,-0.494981,5.369664,0.000000,6.673987,1.330167,0.000000,0.000000,0.000000,0.000000,1.000000,0.000000,0.000000,0.000000
2026,33.766323,1,1,-0.381772,5.391992,0.000000,6.770698,1.307722,0.000000,0.000000,0.000000,0.000000,1.000000,0.000000,0.000000,0.000000
2027,33.782990,1,1,-0.267076,5.413698,0.000000,6.862011,1.274208,0.000000,0.000000,0.000000,0.000000,1.000000,0.000000,0.000000,0.000000
2028,33.799656,1,1,-0.150970,5.434636,0.000000,6.948413,1.231296,0.000000,0.000000,0.000000,0.000000,1.000000,0.000000,0.000000,0.000000
2029,33.816322,1,1,-0.033525,5.454685,0.000000,7.030418,1.180504,0.000000,0.000000,0.000000,0.000000,1.000000,0.000000,0.000000,0.000000
2030,33.832989,1,1,0.085200,5.473743,0.000000,7.108552,1.123214,0.000000,0.000000,0.000000,0.000000,1.000000,0.000000,0.000000,0.000000
2031,33.849655,1,1,0.205152,5.491733,0.000000,7.183344,1.060689,0.000000,0.000000,0.000000,0.000000,1.000000,0.000000,0.000000,0.000000
2032,33.866322,1,1,0.326290,5.508593,0.000000,7.255309,0.994091,0.000000,0.000000,0.000000,0.000000,1.000000,0.000000,0.000000,0.000000
2033,33.882988,1,1,0.448577,5.524278,0.000000,7.324951,0.924504,0.000000,0.000000,0.000000,0.000000,1.000000,0.000000,0.000000,0.000000
2034,33.899654,1,1,0.571988,5.538762,0.000000,7.392750,0.852943,0.000000,0.000000,0.000000,0.000000,1.000000,0.000000,0.000000,0.000000
2035,33.916321,1,1,0.696501,5.552033,0.000000,7.459163,0.780375,0.000000,0.000000,0.000000,0.000000,1.000000,0.000000,0.000000,0.000000
2036,33.932987,1,1,0.822104,5.564097,0.000000,7.524611,0.707731,0.000000,0.000000,0.000000,0.000000,1.000000,0.000000,0.000000,0.000000
2037,33.949654,1,1,0.948791,5.574972,0.000000,7.589487,0.635917,0.000000,0.000000,0.000000,0.000000,1.000000,0.000000,0.000000,0.000000
2038,33.966320,1,1,1.076560,5.584691,0.000000,7.654140,0.565829,0.000000,0.000000,0.000000,0.000000,1.000000,0.000000,0.000000,0.000000
2039,33.982986,1,1,1.205415,5.593304,0.000000,7.718879,0.498359,0.000000,0.000000,0.000000,0.000000,1.000000,0.000000,0.000000,0.000000
2040,33.999653,1,1,1.335364,5.600875,0.000000,7.783962,0.434412,0.000000,0.000000,0.000000,0.000000,1.000000,0.000000,0.000000,0.000000
2041,34.016319,1,1,1.466417,5.607482,0.000000,7.849598,0.374911,0.000000,0.000000,0.000000,0.000000,1.000000,0.000000,0.000000,0.000000
2042,34.032986,1,1,1.598588,5.613223,0.000000,7.915934,0.320808,0.000000,0.000000,0.000000,0.000000,1.000000,0.000000,0.000000,0.000000
2043,34.049652,1,1,1.731891,5.618208,0.000000,7.983050,0.273091,0.000000,0.000000,0.000000,0.000000,1.000000,0.000000,0.000000,0.000000
2044,34.066319,1,1,1.866338,5.622569,0.000000,8.050956,0.232794,0.000000,0.000000,0.000000,0.000000,1.000000,0.000000,0.000000,0.000000
2045,34.082985,1,1,2.001943,5.626452,0.000000,8.119573,0.201006,0.000000,0.000000,0.000000,0.000000,1.000000,0.000000,0.000000,0.000000
2046,34.099651,1,1,2.138712,5.630028,0.000000,8.188731,0.178874,0.000000,0.000000,0.000000,0.000000,1.000000,0.000000,0.000000,0.000000
2047,34.116318,1,1,2.276649,5.633483,0.000000,8.258153,0.167614,0.000000,0.000000,0.000000,0.000000,1.000000,0.000000,0.000000,0.000000
2048,34.132984,1,1,2.415751,5.637029,0.000000,8.327444,0.168516,0.000000,0.000000,0.000000,0.000000,1.000000,0.000000,0.000000,0.000000
2049,34.149651,1,1,2.556002,5.640901,0.000000,8.396060,0.182940,0.000000,0.000000,0.000000,0.000000,1.000000,0.000000,0.000000,0.000000
2050,34.166317,1,1,2.697376,5.645356,0.000000,8.463302,0.212323,0.000000,0.000000,0.000000,0.000000,1.000000,0.000000,0.000000,0.000000
2051,34.182983,1,1,2.839831,5.650679,0.000000,8.528286,0.258170,0.000000,0.000000,0.000000,0.000000,1.000000,0.000000,0.000000,0.000000
2052,34.199650,1,1,2.983304,5.657181,0.000000,8.589918,0.322035,0.000000,0.000000,0.000000,0.000000,1.000000,0.000000,0.000000,0.000000
2053,34.216316,1,1,3.127709,5.665199,0.000000,8.646869,0.405499,0.000000,0.000000,0.000000,0.000000,1.000000,0.000000,0.000000,0.000000
2054,34.232983,1,1,3.272932,5.675097,0.000000,8.697536,0.510125,0.000000,0.000000,0.000000,0.000000,1.000000,0.000000,0.000000,0.000000
2055,34.249649,1,1,3.418824,5.687263,0.000000,8.740029,0.637392,0.000000,0.000000,0.000000,0.000000,1.000000,0.000000,0.000000,0.000000
2056,34.266315,1,1,3.565200,5.702107,0.000000,8.772155,0.788607,0.000000,0.000000,0.000000,0.000000,1.000000,0.000000,0.000000,0.000000
2057,34.282982,1,1,3.711828,5.720050,0.000000,8.791412,0.964773,0.000000,0.000000,0.000000,0.000000,1.000000,0.000000,0.000000,0.000000
2058,34.299648,1,1,3.858432,5.741523,0.000000,8.795027,1.166422,0.000000,0.000000,0.000000,0.000000,1.000000,0.000000,0.000000,0.000000
2059,34.316315,1,1,4.004681,5.766951,0.000000,8.780025,1.393425,0.000000,0.000000,0.000000,0.000000,1.000000,0.000000,0.000000,0.000000
2060,34.332981,1,1,4.150195,5.796732,0.000000,8.743362,1.644767,0.000000,0.000000,0.000000,0.000000,1.000000,0.000000,0.000000,0.000000
2061,34.349648,1,1,4.294543,5.831225,0.000000,8.682113,1.918314,0.000000,0.000000,0.000000,0.000000,1.000000,0.000000,0.000000,0.000000
2062,34.366314,1,1,4.437257,5.870722,0.000000,8.593744,2.210653,0.000000,0.000000,0.000000,0.000000,1.000000,0.000000,0.000000,0.000000
2063,34.382980,1,1,4.577843,5.915426,0.000000,8.476427,2.517020,0.000000,0.000000,0.000000,0.000000,1.000000,0.000000,0.000000,0.000000
2064,34.399647,1,1,4.715798,5.965431,0.000000,8.329336,2.831377,0.000000,0.000000,0.000000,0.000000,1.000000,0.000000,0.000000,0.000000
2065,34.416313,1,1,4.850637,6.020708,0.000000,8.152924,3.146699,0.000000,0.000000,0.000000,0.000000,1.000000,0.000000,0.000000,0.000000
2066,34.432980,1,1,4.981913,6.081097,0.000000,7.949024,3.455460,0.000000,0.000000,0.000000,0.000000,1.000000,0.000000,0.000000,0.000000
2067,34.449646,1,1,5.109242,6.146312,0.000000,7.720813,3.750209,0.000000,0.000000,0.000000,0.000000,1.000000,0.000000,0.000000,0.000000
2068,34.466312,1,1,5.232320,6.215964,0.000000,7.472560,4.024201,0.000000,0.000000,0.000000,0.000000,1.000000,0.000000,0.000000,0.000000
2069,34.482979,1,1,5.350927,6.289577,0.000000,7.209223,4.271927,0.000000,0.000000,0.000000,0.000000,1.000000,0.000000,0.000000,0.000000
2070,34.499645,1,1,5.464935,6.366623,0.000000,6.936023,4.489398,0.000000,0.000000,0.000000,0.000000,1.000000,0.000000,0.000000,0.000000
2071,34.516312,1,1,5.574295,6.446541,0.000000,6.658000,4.674261,0.000000,0.000000,0.000000,0.000000,1.000000,0.000000,0.000000,0.000000
2072,34.532978,1,1,5.679033,6.528769,0.000000,6.379713,4.825663,0.000000,0.000000,0.000000,0.000000,1.000000,0.000000,0.000000,0.000000
2073,34.549644,1,1,5.779233,6.612762,0.000000,6.105012,4.944024,0.000000,0.000000,0.000000,0.000000,1.000000,0.000000,0.000000,0.000000
2074,34.566311,1,1,5.875024,6.698000,0.000000,5.836979,5.030716,0.000000,0.000000,0.000000,0.000000,1.000000,0.000000,0.000000,0.000000
2075,34.582977,1,1,5.966571,6.784006,0.000000,5.577929,5.087755,0.000000,0.000000,0.000000,0.000000,1.000000,0.000000,0.000000,0.000000
2076,34.599644,1,1,6.054057,6.870339,0.000000,5.329491,5.117538,0.000000,0.000000,0.000000,0.000000,1.000000,0.000000,0.000000,0.000000
2077,34.616310,1,1,6.137682,6.956607,0.000000,5.092710,5.122621,0.000000,0.000000,0.000000,0.000000,1.000000,0.000000,0.000000,0.000000
2078,34.632977,1,1,6.217654,7.042459,0.000000,4.868157,5.105576,0.000000,0.000000,0.000000,0.000000,1.000000,0.000000,0.000000,0.000000
2079,34.649643,1,1,6.294177,7.127585,0.000000,4.656032,5.068878,0.000000,0.000000,0.000000,0.000000,1.000000,0.000000,0.000000,0.000000
2080,34.666309,1,1,6.367456,7.211709,0.000000,4.456266,5.014843,0.000000,0.000000,0.000000,0.000000,1.000000,0.000000,0.000000,0.000000
2081,34.682976,1,1,6.437690,7.294593,0.000000,4.268586,4.945595,0.000000,0.000000,0.000000,0.000000,1.000000,0.000000,0.000000,0.000000
2082,34.699642,1,1,6.505068,7.376028,0.000000,4.092583,4.863055,0.000000,0.000000,0.000000,0.000000,1.000000,0.000000,0.000000,0.000000
2083,34.716309,1,1,6.569773,7.455830,0.000000,3.927753,4.768944,0.000000,0.000000,0.000000,0.000000,1.000000,0.000000,0.000000,0.000000
2084,34.732975,1,1,6.631977,7.533841,0.000000,3.773537,4.664785,0.000000,0.000000,0.000000,0.000000,1.000000,0.000000,0.000000,0.000000
2085,34.749641,1,1,6.691843,7.609925,0.000000,3.629341,4.551926,0.000000,0.000000,0.000000,0.000000,1.000000,0.000000,0.000000,0.000000
2086,34.766308,1,1,6.749524,7.683964,0.000000,3.494561,4.431551,0.000000,0.000000,0.000000,0.000000,1.000000,0.000000,0.000000,0.000000
2087,34.782974,1,1,6.805161,7.755856,0.000000,3.368590,4.304696,0.000000,0.000000,0.000000,0.000000,1.000000,0.000000,0.000000,0.000000
2088,34.799641,1,1,6.858888,7.825514,0.000000,3.250827,4.172267,0.000000,0.000000,0.000000,0.000000,1.000000,0.000000,0.000000,0.000000
2089,34.816307,1,1,6.910827,7.892861,0.000000,3.140687,4.035055,0.000000,0.000000,0.000000,0.000000,1.000000,0.000000,0.000000,0.000000
2090,34.832973,1,1,6.961093,7.957835,0.000000,3.037605,3.893744,0.000000,0.000000,0.000000,0.000000,1.000000,0.000000,0.000000,0.000000
2091,34.849640,1,1,7.009790,8.020378,0.000000,2.941035,3.748935,0.000000,0.000000,0.000000,0.000000,1.000000,0.000000,0.000000,0.000000
2092,34.866306,1,1,7.057014,8.080446,0.000000,2.850451,3.601141,0.000000,0.000000,0.000000,0.000000,1.000000,0.000000,0.000000,0.000000
2093,34.882973,1,1,7.102855,8.137999,0.000000,2.765347,3.450814,0.000000,0.000000,0.000000,0.000000,1.000000,0.000000,0.000000,0.000000
2094,34.899639,1,1,7.147392,8.193001,0.000000,2.685242,3.298341,0.000000,0.000000,0.000000,0.000000,1.000000,0.000000,0.000000,0.000000
2095,34.916306,1,1,7.190698,8.245423,0.000000,2.609672,3.144055,0.000000,0.000000,0.000000,0.000000,1.000000,0.000000,0.000000,0.000000
2096,34.932972,1,1,7.232838,8.295244,0.000000,2.538195,2.988246,0.000000,0.000000,0.000000,0.000000,1.000000,0.000000,0.000000,0.000000
2097,34.949638,1,1,7.273871,8.342443,0.000000,2.470383,2.831163,0.000000,0.000000,0.000000,0.000000,1.000000,0.000000,0.000000,0.000000
2098,34.966305,1,1,7.313849,8.387002,0.000000,2.405829,2.673018,0.000000,0.000000,0.000000,0.000000,1.000000,0.000000,0.000000,0.000000
2099,34.982971,1,1,7.352817,8.428909,0.000000,2.344140,2.513995,0.000000,0.000000,0.000000,0.000000,1.000000,0.000000,0.000000,0.000000
2100,34.999638,1,1,7.390814,8.468152,0.000000,2.284938,2.354254,0.000000,0.000000,0.000000,0.000000,1.000000,0.000000,0.000000,0.000000
2101,35.016304,1,1,7.427874,8.504721,0.000000,2.227858,2.193931,0.000000,0.000000,0.000000,0.000000,1.000000,0.000000,0.000000,0.000000
2102,35.032970,1,1,7.464024,8.538610,0.000000,2.172546,2.033144,0.000000,0.000000,0.000000,0.000000,1.000000,0.000000,0.000000,0.000000
2103,35.049637,1,1,7.499286,8.569812,0.000000,2.118659,1.871998,0.000000,0.000000,0.000000,0.000000,1.000000,0.000000,0.000000,0.000000
2104,35.066303,1,1,7.533676,8.598323,0.000000,2.065863,1.710584,0.000000,0.000000,0.000000,0.000000,1.000000,0.000000,0.000000,0.000000
2105,35.082970,1,1,7.567205,8.624141,0.000000,2.013833,1.548987,0.000000,0.000000,0.000000,0.000000,1.000000,0.000000,0.000000,0.000000
2106,35.099636,1,1,7.599880,8.647264,0.000000,1.962248,1.387282,0.000000,0.000000,0.000000,0.000000,1.000000,0.000000,0.000000,0.000000
2107,35.116302,1,1,7.631699,8.667690,0.000000,1.910794,1.225544,0.000000,0.000000,0.000000,0.000000,1.000000,0.000000,0.000000,0.000000
2108,35.132969,1,1,7.662658,8.685422,0.000000,1.859161,1.063842,0.000000,0.000000,0.000000,0.000000,1.000000,0.000000,0.000000,0.000000
2109,35.149635,1,1,7.692748,8.700460,0.000000,1.807039,0.902251,0.000000,0.000000,0.000000,0.000000,1.000000,0.000000,0.000000,0.000000
2110,35.166302,1,1,7.721953,8.712809,0.000000,1.754123,0.740844,0.000000,0.000000,0.000000,0.000000,1.000000,0.000000,0.000000,0.000000
2111,35.182968,1,1,7.750254,8.722471,0.000000,1.700104,0.579703,0.000000,0.000000,0.000000,0.000000,1.000000,0.000000,0.000000,0.000000
2112,35.199635,1,1,7.777625,8.729455,0.000000,1.644674,0.418916,0.000000,0.000000,0.000000,0.000000,1.000000,0.000000,0.000000,0.000000
2113,35.216301,1,1,7.804034,8.733768,0.000000,1.587522,0.258580,0.000000,0.000000,0.000000,0.000000,1.000000,0.000000,0.000000,0.000000
2114,35.232967,1,1,7.829449,8.735417,0.000000,1.528332,0.098806,0.000000,0.000000,0.000000,0.000000,1.000000,0.000000,0.000000,0.000000
2115,35.249634,1,1,7.853827,8.734418,0.000000,1.466783,-0.060282,0.000000,0.000000,0.000000,0.000000,1.000000,0.000000,0.000000,0.000000
2116,35.266300,1,1,7.877120,8.730783,0.000000,1.402549,-0.218540,0.000000,0.000000,0.000000,0.000000,1.000000,0.000000,0.000000,0.000000
2117,35.282967,1,1,7.899278,8.724527,0.000000,1.335293,-0.375807,0.000000,0.000000,0.000000,0.000000,1.000000,0.000000,0.000000,0.000000
2118,35.299633,1,1,7.920242,8.715674,0.000000,1.264673,-0.531897,0.000000,0.000000,0.000000,0.000000,1.000000,0.000000,0.000000,0.000000
2119,35.316299,1,1,7.939946,8.704247,0.000000,1.190337,-0.686597,0.000000,0.000000,0.000000,0.000000,1.000000,0.000000,0.000000,0.000000
2120,35.332966,1,1,7.958322,8.690274,0.000000,1.111920,-0.839664,0.000000,0.000000,0.000000,0.000000,1.000000,0.000000,0.000000,0.000000
2121,35.349632,1,1,7.975295,8.673786,0.000000,1.029051,-0.990822,0.000000,0.000000,0.000000,0.000000,1.000000,0.000000,0.000000,0.000000
2122,35.366299,1,1,7.990778,8.654824,0.000000,0.941345,-1.139757,0.000000,0.000000,0.000000,0.000000,1.000000,0.000000,0.000000,0.000000
2123,35.382965,1,1,8.004684,8.633432,0.000000,0.848408,-1.286111,0.000000,0.000000,0.000000,0.000000,1.000000,0.000000,0.000000,0.000000
2124,35.399632,1,1,8.016915,8.609661,0.000000,0.749844,-1.429479,0.000000,0.000000,0.000000,0.000000,1.000000,0.000000,0.000000,0.000000
2125,35.416298,1,1,8.027370,8.583573,0.000000,0.645242,-1.569404,0.000000,0.000000,0.000000,0.000000,1.000000,0.000000,0.000000,0.000000
2126,35.432964,1,1,8.035938,8.555234,0.000000,0.534198,-1.705374,0.000000,0.000000,0.000000,0.000000,1.000000,0.000000,0.000000,0.000000
2127,35.449631,1,1,8.042501,8.524722,0.000000,0.416307,-1.836813,0.000000,0.000000,0.000000,0.000000,1.000000,0.000000,0.000000,0.000000
2128,35.466297,1,1,8.046937,8.492128,0.000000,0.291178,-1.963081,0.000000,0.000000,0.000000,0.000000,1.000000,0.000000,0.000000,0.000000
2129,35.482964,1,1,8.049114,8.457556,0.000000,0.158443,-2.083470,0.000000,0.000000,0.000000,0.000000,1.000000,0.000000,0.000000,0.000000
2130,35.499630,1,1,8.048899,8.421117,0.000000,0.017773,-2.197202,0.000000,0.000000,0.000000,0.000000,1.000000,0.000000,0.000000,0.000000
2131,35.516296,1,1,8.046151,8.382945,0.000000,-0.131115,-2.303434,0.000000,0.000000,0.000000,0.000000,1.000000,0.000000,0.000000,0.000000
2132,35.532963,1,1,8.040730,8.343180,0.000000,-0.288417,-2.401262,0.000000,0.000000,0.000000,0.000000,1.000000,0.000000,0.000000,0.000000
2133,35.549629,1,1,8.032489,8.301988,0.000000,-0.454248,-2.489727,0.000000,0.000000,0.000000,0.000000,1.000000,0.000000,0.000000,0.000000
2134,35.566296,1,1,8.021289,8.259545,0.000000,-0.628566,-2.567845,0.000000,0.000000,0.000000,0.000000,1.000000,0.000000,0.000000,0.000000
2135,35.582962,1,1,8.006990,8.216047,0.000000,-0.811179,-2.634627,0.000000,0.000000,0.000000,0.000000,1.000000,0.000000,0.000000,0.000000
2136,35.599628,1,1,7.989463,8.171705,0.000000,-1.001688,-2.689114,0.000000,0.000000,0.000000,0.000000,1.000000,0.000000,0.000000,0.000000
2137,35.616295,1,1,7.968588,8.126743,0.000000,-1.199451,-2.730435,0.000000,0.000000,0.000000,0.000000,1.000000,0.000000,0.000000,0.000000
2138,35.632961,1,1,7.944265,8.081399,0.000000,-1.403566,-2.757853,0.000000,0.000000,0.000000,0.000000,1.000000,0.000000,0.000000,0.000000
2139,35.649628,1,1,7.916414,8.035915,0.000000,-1.612826,-2.770852,0.000000,0.000000,0.000000,0.000000,1.000000,0.000000,0.000000,0.000000
2140,35.666294,1,1,7.884983,7.990540,0.000000,-1.825740,-2.769186,0.000000,0.000000,0.000000,0.000000,1.000000,0.000000,0.000000,0.000000
2141,35.682961,1,1,7.849949,7.945515,0.000000,-2.040527,-2.752970,0.000000,0.000000,0.000000,0.000000,1.000000,0.000000,0.000000,0.000000
2142,35.699627,1,1,7.811329,7.901070,0.000000,-2.255179,-2.722717,0.000000,0.000000,0.000000,0.000000,1.000000,0.000000,0.000000,0.000000
2143,35.716293,1,1,7.769172,7.857418,0.000000,-2.467519,-2.679381,0.000000,0.000000,0.000000,0.000000,1.000000,0.000000,0.000000,0.000000
2144,35.732960,1,1,7.723568,7.814747,0.000000,-2.675315,-2.624344,0.000000,0.000000,0.000000,0.000000,1.000000,0.000000,0.000000,0.000000
2145,35.749626,1,1,7.674644,7.773210,0.000000,-2.876369,-2.559399,0.000000,0.000000,0.000000,0.000000,1.000000,0.000000,0.000000,0.000000
2146,35.766293,1,1,7.622556,7.732925,0.000000,-3.068665,-2.486638,0.000000,0.000000,0.000000,0.000000,1.000000,0.000000,0.000000,0.000000
2147,35.782959,1,1,7.567491,7.693970,0.000000,-3.250449,-2.408379,0.000000,0.000000,0.000000,0.000000,1.000000,0.000000,0.000000,0.000000
2148,35.799625,1,1,7.509657,7.656380,0.000000,-3.420325,-2.327020,0.000000,0.000000,0.000000,0.000000,1.000000,0.000000,0.000000,0.000000
2149,35.816292,1,1,7.449275,7.620155,0.000000,-3.577303,-2.244921,0.000000,0.000000,0.000000,0.000000,1.000000,0.000000,0.000000,0.000000
2150,35.832958,1,1,7.386573,7.585256,0.000000,-3.720807,-2.164283,0.000000,0.000000,0.000000,0.000000,1.000000,0.000000,0.000000,0.000000
2151,35.849625,1,1,7.321779,7.551614,0.000000,-3.850655,-2.087071,0.000000,0.000000,0.000000,0.000000,1.000000,0.000000,0.000000,0.000000
2152,35.866291,1,1,7.255117,7.519135,0.000000,-3.967007,-2.014954,0.000000,0.000000,0.000000,0.000000,1.000000,0.000000,0.000000,0.000000
2153,35.882957,1,1,7.186801,7.487705,0.000000,-4.070315,-1.949263,0.000000,0.000000,0.000000,0.000000,1.000000,0.000000,0.000000,0.000000
2154,35.899624,1,1,7.117036,7.457192,0.000000,-4.161237,-1.891019,0.000000,0.000000,0.000000,0.000000,1.000000,0.000000,0.000000,0.000000
2155,35.916290,1,1,7.046007,7.427459,0.000000,-4.240583,-1.840937,0.000000,0.000000,0.000000,0.000000,1.000000,0.000000,0.000000,0.000000
2156,35.932957,1,1,6.973887,7.398359,0.000000,-4.309249,-1.799453,0.000000,0.000000,0.000000,0.000000,1.000000,0.000000,0.000000,0.000000
2157,35.949623,1,1,6.900834,7.369747,0.000000,-4.368172,-1.766782,0.000000,0.000000,0.000000,0.000000,1.000000,0.000000,0.000000,0.000000
2158,35.966290,1,1,6.826989,7.341473,0.000000,-4.418286,-1.742941,0.000000,0.000000,0.000000,0.000000,1.000000,0.000000,0.000000,0.000000
2159,35.982956,1,1,6.752477,7.313397,0.000000,-4.460500,-1.727803,0.000000,0.000000,0.000000,0.000000,1.000000,0.000000,0.000000,0.000000
2160,35.999622,1,1,6.677412,7.285378,0.000000,-4.495672,-1.721123,0.000000,0.000000,0.000000,0.000000,1.000000,0.000000,0.000000,0.000000
2161,36.016289,1,1,6.601892,7.257283,0.000000,-4.524603,-1.722571,0.000000,0.000000,0.000000,0.000000,1.000000,0.000000,0.000000,0.000000
2162,36.032955,1,1,6.526007,7.228988,0.000000,-4.548028,-1.731753,0.000000,0.000000,0.000000,0.000000,1.000000,0.000000,0.000000,0.000000
2163,36.049622,1,1,6.449831,7.200372,0.000000,-4.566616,-1.748234,0.000000,0.000000,0.000000,0.000000,1.000000,0.000000,0.000000,0.000000
2164,36.066288,1,1,6.373432,7.171325,0.000000,-4.580966,-1.771553,0.000000,0.000000,0.000000,0.000000,1.000000,0.000000,0.000000,0.000000
2165,36.082954,1,1,6.296870,7.141744,0.000000,-4.591616,-1.801234,0.000000,0.000000,0.000000,0.000000,1.000000,0.000000,0.000000,0.000000
2166,36.099621,1,1,6.220196,7.111535,0.000000,-4.599042,-1.836790,0.000000,0.000000,0.000000,0.000000,1.000000,0.000000,0.000000,0.000000
2167,36.116287,1,1,6.143454,7.080609,0.000000,-4.603666,-1.877734,0.000000,0.000000,0.000000,0.000000,1.000000,0.000000,0.000000,0.000000
2168,36.132954,1,1,6.066684,7.048890,0.000000,-4.605857,-1.923578,0.000000,0.000000,0.000000,0.000000,1.000000,0.000000,0.000000,0.000000
2169,36.149620,1,1,5.989918,7.016304,0.000000,-4.605937,-1.973835,0.000000,0.000000,0.000000,0.000000,1.000000,0.000000,0.000000,0.000000
2170,36.166286,1,1,5.913186,6.982792,0.000000,-4.604187,-2.028023,0.000000,0.000000,0.000000,0.000000,1.000000,0.000000,0.000000,0.000000
2171,36.182953,1,1,5.836514,6.948297,0.000000,-4.600846,-2.085660,0.000000,0.000000,0.000000,0.000000,1.000000,0.000000,0.000000,0.000000
2172,36.199619,1,1,5.759923,6.912773,0.000000,-4.596126,-2.146266,0.000000,0.000000,0.000000,0.000000,1.000000,0.000000,0.000000,0.000000
2173,36.216286,1,1,5.683432,6.876179,0.000000,-4.590204,-2.209361,0.000000,0.000000,0.000000,0.000000,1.000000,0.000000,0.000000,0.000000
2174,36.232952,1,1,5.607060,6.838487,0.000000,-4.583230,-2.274461,0.000000,0.000000,0.000000,0.000000,1.000000,0.000000,0.000000,0.000000
2175,36.249619,1,1,5.530821,6.799673,0.000000,-4.575330,-2.341075,0.000000,0.000000,0.000000,0.000000,1.000000,0.000000,0.000000,0.000000
2176,36.266285,1,1,5.454728,6.759723,0.000000,-4.566613,-2.408704,0.000000,0.000000,0.000000,0.000000,1.000000,0.000000,0.000000,0.000000
2177,36.282951,1,1,5.378793,6.718632,0.000000,-4.557166,-2.476836,0.000000,0.000000,0.000000,0.000000,1.000000,0.000000,0.000000,0.000000
2178,36.299618,1,1,5.303028,6.676403,0.000000,-4.547067,-2.544944,0.000000,0.000000,0.000000,0.000000,1.000000,0.000000,0.000000,0.000000
2179,36.316284,1,1,5.227442,6.633047,0.000000,-4.536376,-2.612481,0.000000,0.000000,0.000000,0.000000,1.000000,0.000000,0.000000,0.000000
2180,36.332951,1,1,5.152044,6.588588,0.000000,-4.525154,-2.678874,0.000000,0.000000,0.000000,0.000000,1.000000,0.000000,0.000000,0.000000
2181,36.349617,1,1,5.076842,6.543057,0.000000,-4.513452,-2.743525,0.000000,0.000000,0.000000,0.000000,1.000000,0.000000,0.000000,0.000000
2182,36.366283,1,1,5.001844,6.496499,0.000000,-4.501322,-2.805799,0.000000,0.000000,0.000000,0.000000,1.000000,0.000000,0.000000,0.000000
2183,36.382950,1,1,4.927057,6.448967,0.000000,-4.488822,-2.865023,0.000000,0.000000,0.000000,0.000000,1.000000,0.000000,0.000000,0.000000
2184,36.399616,1,1,4.852484,6.400528,0.000000,-4.476021,-2.920483,0.000000,0.000000,0.000000,0.000000,1.000000,0.000000,0.000000,0.000000
2185,36.416283,1,1,4.778131,6.351263,0.000000,-4.462999,-2.971415,0.000000,0.000000,0.000000,0.000000,1.000000,0.000000,0.000000,0.000000
2186,36.432949,1,1,4.703997,6.301264,0.000000,-4.449862,-3.016999,0.000000,0.000000,0.000000,0.000000,1.000000,0.000000,0.000000,0.000000
2187,36.449615,1,1,4.630085,6.250640,0.000000,-4.436742,-3.056361,0.000000,0.000000,0.000000,0.000000,1.000000,0.000000,0.000000,0.000000
2188,36.466282,1,1,4.556390,6.199519,0.000000,-4.423811,-3.088561,0.000000,0.000000,0.000000,0.000000,1.000000,0.000000,0.000000,0.000000
2189,36.482948,1,1,4.482904,6.148040,0.000000,-4.411290,-3.112600,0.000000,0.000000,0.000000,0.000000,1.000000,0.000000,0.000000,0.000000
2190,36.499615,1,1,4.409616,6.096364,0.000000,-4.399456,-3.127412,0.000000,0.000000,0.000000,0.000000,1.000000,0.000000,0.000000,0.000000
2191,36.516281,1,1,4.336506,6.044672,0.000000,-4.388660,-3.131876,0.000000,0.000000,0.000000,0.000000,1.000000,0.000000,0.000000,0.000000
2192,36.532948,1,1,4.263548,5.993163,0.000000,-4.379335,-3.124821,0.000000,0.000000,0.000000,0.000000,1.000000,0.000000,0.000000,0.000000
2193,36.549614,1,1,4.190706,5.942057,0.000000,-4.372012,-3.105043,0.000000,0.000000,0.000000,0.000000,1.000000,0.000000,0.000000,0.000000
2194,36.566280,1,1,4.117935,5.891592,0.000000,-4.367332,-3.071339,0.000000,0.000000,0.000000,0.000000,1.000000,0.000000,0.000000,0.000000
2195,36.582947,1,1,4.045171,5.842030,0.000000,-4.366058,-3.022537,0.000000,0.000000,0.000000,0.000000,1.000000,0.000000,0.000000,0.000000
2196,36.599613,1,1,3.972341,5.793647,0.000000,-4.369077,-2.957561,0.000000,0.000000,0.000000,0.000000,1.000000,0.000000,0.000000,0.000000
2197,36.616280,1,1,3.899350,5.746737,0.000000,-4.377401,-2.875501,0.000000,0.000000,0.000000,0.000000,1.000000,0.000000,0.000000,0.000000
2198,36.632946,1,1,3.826084,5.701598,0.000000,-4.392152,-2.775705,0.000000,0.000000,0.000000,0.000000,1.000000,0.000000,0.000000,0.000000
2199,36.649612,1,1,3.752410,5.658534,0.000000,-4.414533,-2.657889,0.000000,0.000000,0.000000,0.000000,1.000000,0.000000,0.000000,0.000000
2200,36.666279,1,1,3.678173,5.617843,0.000000,-4.445775,-2.522261,0.000000,0.000000,0.000000,0.000000,1.000000,0.000000,0.000000,0.000000
2201,36.682945,1,1,3.603199,5.579804,0.000000,-4.487068,-2.369625,0.000000,0.000000,0.000000,0.000000,1.000000,0.000000,0.000000,0.000000
2202,36.699612,1,1,3.527295,5.544667,0.000000,-4.539465,-2.201489,0.000000,0.000000,0.000000,0.000000,1.000000,0.000000,0.000000,0.000000
2203,36.716278,1,1,3.450259,5.512640,0.000000,-4.603776,-2.020115,0.000000,0.000000,0.000000,0.000000,1.000000,0.000000,0.000000,0.000000
2204,36.732944,1,1,3.371883,5.483873,0.000000,-4.680456,-1.828495,0.000000,0.000000,0.000000,0.000000,1.000000,0.000000,0.000000,0.000000
2205,36.749611,1,1,3.291959,5.458457,0.000000,-4.769520,-1.630260,0.000000,0.000000,0.000000,0.000000,1.000000,0.000000,0.000000,0.000000
2206,36.766277,1,1,3.210292,5.436408,0.000000,-4.870480,-1.429492,0.000000,0.000000,0.000000,0.000000,1.000000,0.000000,0.000000,0.000000
2207,36.782944,1,1,3.126707,5.417667,0.000000,-4.982347,-1.230464,0.000000,0.000000,0.000000,0.000000,1.000000,0.000000,0.000000,0.000000
2208,36.799610,1,1,3.041056,5.402112,0.000000,-5.103692,-1.037352,0.000000,0.000000,0.000000,0.000000,1.000000,0.000000,0.000000,0.000000
2209,36.816277,1,1,2.953221,5.389554,0.000000,-5.232743,-0.853969,0.000000,0.000000,0.000000,0.000000,1.000000,0.000000,0.000000,0.000000
2210,36.832943,1,1,2.863118,5.379757,0.000000,-5.367534,-0.683521,0.000000,0.000000,0.000000,0.000000,1.000000,0.000000,0.000000,0.000000
2211,36.849609,1,1,2.770698,5.372450,0.000000,-5.506049,-0.528485,0.000000,0.000000,0.000000,0.000000,1.000000,0.000000,0.000000,0.000000
2212,36.866276,1,1,2.675943,5.367338,0.000000,-5.646361,-0.390542,0.000000,0.000000,0.000000,0.000000,1.000000,0.000000,0.000000,0.000000
2213,36.882942,1,1,2.578861,5.364114,0.000000,-5.786731,-0.270618,0.000000,0.000000,0.000000,0.000000,1.000000,0.000000,0.000000,0.000000
2214,36.899609,1,1,2.479484,5.362473,0.000000,-5.925679,-0.168960,0.000000,0.000000,0.000000,0.000000,1.000000,0.000000,0.000000,0.000000
2215,36.916275,1,1,2.377862,5.362119,0.000000,-6.062014,-0.085269,0.000000,0.000000,0.000000,0.000000,1.000000,0.000000,0.000000,0.000000
2216,36.932941,1,1,2.274059,5.362769,0.000000,-6.194833,-0.018818,0.000000,0.000000,0.000000,0.000000,1.000000,0.000000,0.000000,0.000000
2217,36.949608,1,1,2.168144,5.364161,0.000000,-6.323509,0.031424,0.000000,0.000000,0.000000,0.000000,1.000000,0.000000,0.000000,0.000000
2218,36.966274,1,1,2.060196,5.366052,0.000000,-6.447652,0.066681,0.000000,0.000000,0.000000,0.000000,1.000000,0.000000,0.000000,0.000000
2219,36.982941,1,1,1.950293,5.368225,0.000000,-6.567078,0.088286,0.000000,0.000000,0.000000,0.000000,1.000000,0.000000,0.000000,0.000000
2220,36.999607,1,1,1.838511,5.370483,0.000000,-6.681771,0.097622,0.000000,0.000000,0.000000,0.000000,1.000000,0.000000,0.000000,0.000000
2221,37.016273,1,1,1.724926,5.372655,0.000000,-6.791845,0.096067,0.000000,0.000000,0.000000,0.000000,1.000000,0.000000,0.000000,0.000000
2222,37.032940,1,1,1.609610,5.374588,0.000000,-6.897518,0.084972,0.000000,0.000000,0.000000,0.000000,1.000000,0.000000,0.000000,0.000000
2223,37.049606,1,1,1.492626,5.376154,0.000000,-6.999081,0.065642,0.000000,0.000000,0.000000,0.000000,1.000000,0.000000,0.000000,0.000000
2224,37.066273,1,1,1.374035,5.377244,0.000000,-7.096879,0.039321,0.000000,0.000000,0.000000,0.000000,1.000000,0.000000,0.000000,0.000000
2225,37.082939,1,1,1.253891,5.377768,0.000000,-7.191294,0.007197,0.000000,0.000000,0.000000,0.000000,1.000000,0.000000,0.000000,0.000000
2226,37.099606,1,1,1.132238,5.377654,0.000000,-7.282727,-0.029601,0.000000,0.000000,0.000000,0.000000,1.000000,0.000000,0.000000,0.000000
2227,37.116272,1,1,1.009117,5.376850,0.000000,-7.371587,-0.069994,0.000000,0.000000,0.000000,0.000000,1.000000,0.000000,0.000000,0.000000
2228,37.132938,1,1,0.884561,5.375317,0.000000,-7.458285,-0.112949,0.000000,0.000000,0.000000,0.000000,1.000000,0.000000,0.000000,0.000000
2229,37.149605,1,1,0.758596,5.373036,0.000000,-7.543220,-0.157466,0.000000,0.000000,0.000000,0.000000,1.000000,0.000000,0.000000,0.000000
2230,37.166271,1,1,0.631241,5.370003,0.000000,-7.626776,-0.202574,0.000000,0.000000,0.000000,0.000000,1.000000,0.000000,0.000000,0.000000
2231,37.182938,1,1,0.502511,5.366229,0.000000,-7.709312,-0.247319,0.000000,0.000000,0.000000,0.000000,1.000000,0.000000,0.000000,0.000000
2232,37.199604,1,1,0.372415,5.361740,0.000000,-7.791159,-0.290756,0.000000,0.000000,0.000000,0.000000,1.000000,0.000000,0.000000,0.000000
2233,37.216270,1,1,0.240957,5.356580,0.000000,-7.872614,-0.331940,0.000000,0.000000,0.000000,0.000000,1.000000,0.000000,0.000000,0.000000
2234,37.232937,1,1,0.108137,5.350808,0.000000,-7.953929,-0.369916,0.000000,0.000000,0.000000,0.000000,1.000000,0.000000,0.000000,0.000000
2235,37.249603,1,1,-0.026048,5.344498,0.000000,-8.035311,-0.403714,0.000000,0.000000,0.000000,0.000000,1.000000,0.000000,0.000000,0.000000
2236,37.266270,1,1,-0.161603,5.337744,0.000000,-8.116912,-0.432338,0.000000,0.000000,0.000000,0.000000,1.000000,0.000000,0.000000,0.000000
2237,37.282936,1,1,-0.298533,5.330653,0.000000,-8.198819,-0.454764,0.000000,0.000000,0.000000,0.000000,1.000000,0.000000,0.000000,0.000000
2238,37.299603,1,1,-0.436846,5.323354,0.000000,-8.281047,-0.469926,0.000000,0.000000,0.000000,0.000000,1.000000,0.000000,0.000000,0.000000
2239,37.316269,1,1,-0.576546,5.315993,0.000000,-8.363528,-0.476723,0.000000,0.000000,0.000000,0.000000,1.000000,0.000000,0.000000,0.000000
2240,37.332935,1,1,-0.717633,5.308734,0.000000,-8.446104,-0.474005,0.000000,0.000000,0.000000,0.000000,1.000000,0.000000,0.000000,0.000000
2241,37.349602,1,1,-0.860104,5.301765,0.000000,-8.528506,-0.460581,0.000000,0.000000,0.000000,0.000000,1.000000,0.000000,0.000000,0.000000
2242,37.366268,1,1,-1.003947,5.295291,0.000000,-8.610349,-0.435216,0.000000,0.000000,0.000000,0.000000,1.000000,0.000000,0.000000,0.000000
2243,37.382935,1,1,-1.149143,5.289541,0.000000,-8.691105,-0.396640,0.000000,0.000000,0.000000,0.000000,1.000000,0.000000,0.000000,0.000000
2244,37.399601,1,1,-1.295657,5.284765,0.000000,-8.770096,-0.343563,0.000000,0.000000,0.000000,0.000000,1.000000,0.000000,0.000000,0.000000
2245,37.416267,1,1,-1.443443,5.281234,0.000000,-8.846474,-0.274693,0.000000,0.000000,0.000000,0.000000,1.000000,0.000000,0.000000,0.000000
2246,37.432934,1,1,-1.592432,5.279241,0.000000,-8.919197,-0.188765,0.000000,0.000000,0.000000,0.000000,1.000000,0.000000,0.000000,0.000000
2247,37.449600,1,1,-1.742537,5.279098,0.000000,-8.987022,-0.084591,0.000000,0.000000,0.000000,0.000000,1.000000,0.000000,0.000000,0.000000
2248,37.466267,1,1,-1.893642,5.281135,0.000000,-9.048488,0.038887,0.000000,0.000000,0.000000,0.000000,1.000000,0.000000,0.000000,0.000000
2249,37.482933,1,1,-2.045604,5.285693,0.000000,-9.101920,0.182519,0.000000,0.000000,0.000000,0.000000,1.000000,0.000000,0.000000,0.000000
2250,37.499599,1,1,-2.198247,5.293124,0.000000,-9.145437,0.346849,0.000000,0.000000,0.000000,0.000000,1.000000,0.000000,0.000000,0.000000
2251,37.516266,1,1,-2.351358,5.303774,0.000000,-9.176991,0.532011,0.000000,0.000000,0.000000,0.000000,1.000000,0.000000,0.000000,0.000000
2252,37.532932,1,1,-2.504689,5.317984,0.000000,-9.194412,0.737595,0.000000,0.000000,0.000000,0.000000,1.000000,0.000000,0.000000,0.000000
2253,37.549599,1,1,-2.657952,5.336071,0.000000,-9.195513,0.962532,0.000000,0.000000,0.000000,0.000000,1.000000,0.000000,0.000000,0.000000
2254,37.566265,1,1,-2.810830,5.358314,0.000000,-9.178203,1.204980,0.000000,0.000000,0.000000,0.000000,1.000000,0.000000,0.000000,0.000000
2255,37.582932,1,1,-2.962972,5.384947,0.000000,-9.140638,1.462261,0.000000,0.000000,0.000000,0.000000,1.000000,0.000000,0.000000,0.000000
2256,37.599598,1,1,-3.114007,5.416134,0.000000,-9.081403,1.730845,0.000000,0.000000,0.000000,0.000000,1.000000,0.000000,0.000000,0.000000
2257,37.616264,1,1,-3.263556,5.451967,0.000000,-8.999666,2.006438,0.000000,0.000000,0.000000,0.000000,1.000000,0.000000,0.000000,0.000000
2258,37.632931,1,1,-3.411242,5.492448,0.000000,-8.895315,2.284163,0.000000,0.000000,0.000000,0.000000,1.000000,0.000000,0.000000,0.000000
2259,37.649597,1,1,-3.556701,5.537496,0.000000,-8.769048,2.558807,0.000000,0.000000,0.000000,0.000000,1.000000,0.000000,0.000000,0.000000
2260,37.666264,1,1,-3.699604,5.586934,0.000000,-8.622356,2.825155,0.000000,0.000000,0.000000,0.000000,1.000000,0.000000,0.000000,0.000000
2261,37.682930,1,1,-3.839661,5.640514,0.000000,-8.457446,3.078321,0.000000,0.000000,0.000000,0.000000,1.000000,0.000000,0.000000,0.000000
2262,37.699596,1,1,-3.976633,5.697917,0.000000,-8.277076,3.314033,0.000000,0.000000,0.000000,0.000000,1.000000,0.000000,0.000000,0.000000
2263,37.716263,1,1,-4.110332,5.758771,0.000000,-8.084342,3.528869,0.000000,0.000000,0.000000,0.000000,1.000000,0.000000,0.000000,0.000000
2264,37.732929,1,1,-4.240629,5.822674,0.000000,-7.882474,3.720342,0.000000,0.000000,0.000000,0.000000,1.000000,0.000000,0.000000,0.000000
2265,37.749596,1,1,-4.367441,5.889200,0.000000,-7.674623,3.886929,0.000000,0.000000,0.000000,0.000000,1.000000,0.000000,0.000000,0.000000
2266,37.766262,1,1,-4.490737,5.957921,0.000000,-7.463710,4.027986,0.000000,0.000000,0.000000,0.000000,1.000000,0.000000,0.000000,0.000000
2267,37.782928,1,1,-4.610524,6.028414,0.000000,-7.252324,4.143623,0.000000,0.000000,0.000000,0.000000,1.000000,0.000000,0.000000,0.000000
2268,37.799595,1,1,-4.726844,6.100274,0.000000,-7.042657,4.234551,0.000000,0.000000,0.000000,0.000000,1.000000,0.000000,0.000000,0.000000
2269,37.816261,1,1,-4.839766,6.173116,0.000000,-6.836497,4.301915,0.000000,0.000000,0.000000,0.000000,1.000000,0.000000,0.000000,0.000000
2270,37.832928,1,1,-4.949378,6.246581,0.000000,-6.635244,4.347152,0.000000,0.000000,0.000000,0.000000,1.000000,0.000000,0.000000,0.000000
2271,37.849594,1,1,-5.055784,6.320336,0.000000,-6.439944,4.371873,0.000000,0.000000,0.000000,0.000000,1.000000,0.000000,0.000000,0.000000
2272,37.866261,1,1,-5.159101,6.394082,0.000000,-6.251333,4.377764,0.000000,0.000000,0.000000,0.000000,1.000000,0.000000,0.000000,0.000000
2273,37.882927,1,1,-5.259450,6.467543,0.000000,-6.069882,4.366514,0.000000,0.000000,0.000000,0.000000,1.000000,0.000000,0.000000,0.000000
2274,37.899593,1,1,-5.356954,6.540470,0.000000,-5.895854,4.339764,0.000000,0.000000,0.000000,0.000000,1.000000,0.000000,0.000000,0.000000
2275,37.916260,1,1,-5.451738,6.612642,0.000000,-5.729336,4.299078,0.000000,0.000000,0.000000,0.000000,1.000000,0.000000,0.000000,0.000000
2276,37.932926,1,1,-5.543924,6.683858,0.000000,-5.570277,4.245916,0.000000,0.000000,0.000000,0.000000,1.000000,0.000000,0.000000,0.000000
2277,37.949593,1,1,-5.633634,6.753943,0.000000,-5.418518,4.181628,0.000000,0.000000,0.000000,0.000000,1.000000,0.000000,0.000000,0.000000
2278,37.966259,1,1,-5.720982,6.822740,0.000000,-5.273822,4.107453,0.000000,0.000000,0.000000,0.000000,1.000000,0.000000,0.000000,0.000000
2279,37.982925,1,1,-5.806078,6.890107,0.000000,-5.135888,4.024517,0.000000,0.000000,0.000000,0.000000,1.000000,0.000000,0.000000,0.000000
2280,37.999592,1,1,-5.889027,6.955924,0.000000,-5.004372,3.933842,0.000000,0.000000,0.000000,0.000000,1.000000,0.000000,0.000000,0.000000
2281,38.016258,1,1,-5.969927,7.020082,0.000000,-4.878896,3.836349,0.000000,0.000000,0.000000,0.000000,1.000000,0.000000,0.000000,0.000000
2282,38.032925,1,1,-6.048869,7.082485,0.000000,-4.759062,3.732865,0.000000,0.000000,0.000000,0.000000,1.000000,0.000000,0.000000,0.000000
2283,38.049591,1,1,-6.125937,7.143050,0.000000,-4.644456,3.624134,0.000000,0.000000,0.000000,0.000000,1.000000,0.000000,0.000000,0.000000
2284,38.066257,1,1,-6.201209,7.201704,0.000000,-4.534658,3.510823,0.000000,0.000000,0.000000,0.000000,1.000000,0.000000,0.000000,0.000000
2285,38.082924,1,1,-6.274753,7.258384,0.000000,-4.429242,3.393533,0.000000,0.000000,0.000000,0.000000,1.000000,0.000000,0.000000,0.000000
2286,38.099590,1,1,-6.346635,7.313035,0.000000,-4.327778,3.272802,0.000000,0.000000,0.000000,0.000000,1.000000,0.000000,0.000000,0.000000
2287,38.116257,1,1,-6.416909,7.365611,0.000000,-4.229842,3.149115,0.000000,0.000000,0.000000,0.000000,1.000000,0.000000,0.000000,0.000000
2288,38.132923,1,1,-6.485625,7.416071,0.000000,-4.135014,3.022909,0.000000,0.000000,0.000000,0.000000,1.000000,0.000000,0.000000,0.000000
2289,38.149590,1,1,-6.552825,7.464384,0.000000,-4.042873,2.894583,0.000000,0.000000,0.000000,0.000000,1.000000,0.000000,0.000000,0.000000
2290,38.166256,1,1,-6.618545,7.510520,0.000000,-3.953008,2.764500,0.000000,0.000000,0.000000,0.000000,1.000000,0.000000,0.000000,0.000000
2291,38.182922,1,1,-6.682811,7.554457,0.000000,-3.865011,2.632990,0.000000,0.000000,0.000000,0.000000,1.000000,0.000000,0.000000,0.000000
2292,38.199589,1,1,-6.745648,7.596179,0.000000,-3.778481,2.500362,0.000000,0.000000,0.000000,0.000000,1.000000,0.000000,0.000000,0.000000
2293,38.216255,1,1,-6.807070,7.635673,0.000000,-3.693022,2.366905,0.000000,0.000000,0.000000,0.000000,1.000000,0.000000,0.000000,0.000000
2294,38.232922,1,1,-6.867087,7.672930,0.000000,-3.608244,2.232892,0.000000,0.000000,0.000000,0.000000,1.000000,0.000000,0.000000,0.000000
2295,38.249588,1,1,-6.925700,7.707947,0.000000,-3.523761,2.098583,0.000000,0.000000,0.000000,0.000000,1.000000,0.000000,0.000000,0.000000
2296,38.266254,1,1,-6.982907,7.740724,0.000000,-3.439194,1.964234,0.000000,0.000000,0.000000,0.000000,1.000000,0.000000,0.000000,0.000000
2297,38.282921,1,1,-7.040113,7.770775,0.000000,-3.439194,1.800734,0.000000,0.000000,0.000000,0.000000,1.000000,0.000000,0.000000,0.000000
2298,38.299587,1,1,-7.093057,7.799582,0.000000,-3.268413,1.696482,0.000000,0.000000,0.000000,0.000000,1.000000,0.000000,0.000000,0.000000
2299,38.316254,1,1,-7.145946,7.825688,0.000000,-3.181081,1.563616,0.000000,0.000000,0.000000,0.000000,1.000000,0.000000,0.000000,0.000000
2300,38.332920,1,1,-7.197361,7.849593,0.000000,-3.092469,1.431630,0.000000,0.000000,0.000000,0.000000,1.000000,0.000000,0.000000,0.000000
2301,38.349586,1,1,-7.247259,7.871323,0.000000,-3.001943,1.300893,0.000000,0.000000,0.000000,0.000000,1.000000,0.000000,0.000000,0.000000
2302,38.366253,1,1,-7.295598,7.890905,0.000000,-2.909150,1.171691,0.000000,0.000000,0.000000,0.000000,1.000000,0.000000,0.000000,0.000000
2303,38.382919,1,1,-7.342336,7.908370,0.000000,-2.813742,1.044328,0.000000,0.000000,0.000000,0.000000,1.000000,0.000000,0.000000,0.000000
2304,38.399586,1,1,-7.387419,7.923758,0.000000,-2.715382,0.919122,0.000000,0.000000,0.000000,0.000000,1.000000,0.000000,0.000000,0.000000
2305,38.416252,1,1,-7.430790,7.937109,0.000000,-2.613742,0.796417,0.000000,0.000000,0.000000,0.000000,1.000000,0.000000,0.000000,0.000000
2306,38.432919,1,1,-7.472387,7.948472,0.000000,-2.508510,0.676578,0.000000,0.000000,0.000000,0.000000,1.000000,0.000000,0.000000,0.000000
2307,38.449585,1,1,-7.512145,7.957905,0.000000,-2.399383,0.559997,0.000000,0.000000,0.000000,0.000000,1.000000,0.000000,0.000000,0.000000
2308,38.466251,1,1,-7.549990,7.965472,0.000000,-2.286089,0.447088,0.000000,0.000000,0.000000,0.000000,1.000000,0.000000,0.000000,0.000000
2309,38.482918,1,1,-7.585847,7.971241,0.000000,-2.168378,0.338293,0.000000,0.000000,0.000000,0.000000,1.000000,0.000000,0.000000,0.000000
2310,38.499584,1,1,-7.619639,7.975293,0.000000,-2.046038,0.234075,0.000000,0.000000,0.000000,0.000000,1.000000,0.000000,0.000000,0.000000
2311,38.516251,1,1,-7.651283,7.977712,0.000000,-1.918901,0.134921,0.000000,0.000000,0.000000,0.000000,1.000000,0.000000,0.000000,0.000000
2312,38.532917,1,1,-7.680695,7.978596,0.000000,-1.786855,0.041327,0.000000,0.000000,0.000000,0.000000,1.000000,0.000000,0.000000,0.000000
2313,38.549583,1,1,-7.707792,7.978048,0.000000,-1.649855,-0.046202,0.000000,0.000000,0.000000,0.000000,1.000000,0.000000,0.000000,0.000000
2314,38.566250,1,1,-7.732493,7.976179,0.000000,-1.507935,-0.127165,0.000000,0.000000,0.000000,0.000000,1.000000,0.000000,0.000000,0.000000
2315,38.582916,1,1,-7.754717,7.973111,0.000000,-1.361228,-0.201082,0.000000,0.000000,0.000000,0.000000,1.000000,0.000000,0.000000,0.000000
2316,38.599583,1,1,-7.774389,7.968970,0.000000,-1.209971,-0.267509,0.000000,0.000000,0.000000,0.000000,1.000000,0.000000,0.000000,0.000000
2317,38.616249,1,1,-7.791440,7.963889,0.000000,-1.054527,-0.326063,0.000000,0.000000,0.000000,0.000000,1.000000,0.000000,0.000000,0.000000
2318,38.632915,1,1,-7.805811,7.958007,0.000000,-0.895382,-0.376436,0.000000,0.000000,0.000000,0.000000,1.000000,0.000000,0.000000,0.000000
2319,38.649582,1,1,-7.817454,7.951464,0.000000,-0.733176,-0.418443,0.000000,0.000000,0.000000,0.000000,1.000000,0.000000,0.000000,0.000000
2320,38.666248,1,1,-7.826335,7.944403,0.000000,-0.568672,-0.452018,0.000000,0.000000,0.000000,0.000000,1.000000,0.000000,0.000000,0.000000
2321,38.682915,1,1,-7.832434,7.936961,0.000000,-0.402775,-0.477269,0.000000,0.000000,0.000000,0.000000,1.000000,0.000000,0.000000,0.000000
2322,38.699581,1,1,-7.835750,7.929269,0.000000,-0.236498,-0.494473,0.000000,0.000000,0.000000,0.000000,1.000000,0.000000,0.000000,0.000000
2323,38.716248,1,1,-7.836303,7.921454,0.000000,-0.070943,-0.504097,0.000000,0.000000,0.000000,0.000000,1.000000,0.000000,0.000000,0.000000
2324,38.732914,1,1,-7.834128,7.913626,0.000000,0.092724,-0.506814,0.000000,0.000000,0.000000,0.000000,1.000000,0.000000,0.000000,0.000000
2325,38.749580,1,1,-7.829285,7.905880,0.000000,0.253335,-0.503463,0.000000,0.000000,0.000000,0.000000,1.000000,0.000000,0.000000,0.000000
2326,38.766247,1,1,-7.821848,7.898296,0.000000,0.409751,-0.495050,0.000000,0.000000,0.000000,0.000000,1.000000,0.000000,0.000000,0.000000
2327,38.782913,1,1,-7.811914,7.890934,0.000000,0.560917,-0.482694,0.000000,0.000000,0.000000,0.000000,1.000000,0.000000,0.000000,0.000000
2328,38.799580,1,1,-7.799589,7.883831,0.000000,0.705885,-0.467614,0.000000,0.000000,0.000000,0.000000,1.000000,0.000000,0.000000,0.000000
2329,38.816246,1,1,-7.784994,7.877006,0.000000,0.843876,-0.451038,0.000000,0.000000,0.000000,0.000000,1.000000,0.000000,0.000000,0.000000
2330,38.832912,1,1,-7.768260,7.870456,0.000000,0.974272,-0.434197,0.000000,0.000000,0.000000,0.000000,1.000000,0.000000,0.000000,0.000000
2331,38.849579,1,1,-7.749521,7.864159,0.000000,1.096653,-0.418245,0.000000,0.000000,0.000000,0.000000,1.000000,0.000000,0.000000,0.000000
2332,38.866245,1,1,-7.728920,7.858078,0.000000,1.210775,-0.404247,0.000000,0.000000,0.000000,0.000000,1.000000,0.000000,0.000000,0.000000
2333,38.882912,1,1,-7.706594,7.852159,0.000000,1.316568,-0.393143,0.000000,0.000000,0.000000,0.000000,1.000000,0.000000,0.000000,0.000000
2334,38.899578,1,1,-7.682679,7.846337,0.000000,1.414120,-0.385721,0.000000,0.000000,0.000000,0.000000,1.000000,0.000000,0.000000,0.000000
2335,38.916245,1,1,-7.657309,7.840537,0.000000,1.503646,-0.382619,0.000000,0.000000,0.000000,0.000000,1.000000,0.000000,0.000000,0.000000
2336,38.932911,1,1,-7.630610,7.834674,0.000000,1.585460,-0.384329,0.000000,0.000000,0.000000,0.000000,1.000000,0.000000,0.000000,0.000000
2337,38.949577,1,1,-7.602701,7.828663,0.000000,1.659961,-0.391197,0.000000,0.000000,0.000000,0.000000,1.000000,0.000000,0.000000,0.000000
2338,38.966244,1,1,-7.573695,7.822415,0.000000,1.727592,-0.403443,0.000000,0.000000,0.000000,0.000000,1.000000,0.000000,0.000000,0.000000
2339,38.982910,1,1,-7.543696,7.815835,0.000000,1.788832,-0.421170,0.000000,0.000000,0.000000,0.000000,1.000000,0.000000,0.000000,0.000000
2340,38.999577,1,1,-7.512800,7.808834,0.000000,1.844171,-0.444389,0.000000,0.000000,0.000000,0.000000,1.000000,0.000000,0.000000,0.000000
2341,39.016243,1,1,-7.481094,7.801323,0.000000,1.894099,-0.473027,0.000000,0.000000,0.000000,0.000000,1.000000,0.000000,0.000000,0.000000
2342,39.032909,1,1,-7.448658,7.793215,0.000000,1.939094,-0.506942,0.000000,0.000000,0.000000,0.000000,1.000000,0.000000,0.000000,0.000000
2343,39.049576,1,1,-7.415563,7.784426,0.000000,1.979615,-0.545946,0.000000,0.000000,0.000000,0.000000,1.000000,0.000000,0.000000,0.000000
2344,39.066242,1,1,-7.381875,7.774877,0.000000,2.016096,-0.589808,0.000000,0.000000,0.000000,0.000000,1.000000,0.000000,0.000000,0.000000
2345,39.082909,1,1,-7.347654,7.764493,0.000000,2.048942,-0.638268,0.000000,0.000000,0.000000,0.000000,1.000000,0.000000,0.000000,0.000000
2346,39.099575,1,1,-7.312951,7.753204,0.000000,2.078531,-0.691044,0.000000,0.000000,0.000000,0.000000,1.000000,0.000000,0.000000,0.000000
2347,39.116241,1,1,-7.277812,7.740945,0.000000,2.105210,-0.747839,0.000000,0.000000,0.000000,0.000000,1.000000,0.000000,0.000000,0.000000
2348,39.132908,1,1,-7.242281,7.727657,0.000000,2.129297,-0.808347,0.000000,0.000000,0.000000,0.000000,1.000000,0.000000,0.000000,0.000000
2349,39.149574,1,1,-7.206394,7.713284,0.000000,2.151082,-0.872255,0.000000,0.000000,0.000000,0.000000,1.000000,0.000000,0.000000,0.000000
2350,39.166241,1,1,-7.170184,7.697776,0.000000,2.170832,-0.939245,0.000000,0.000000,0.000000,0.000000,1.000000,0.000000,0.000000,0.000000
2351,39.182907,1,1,-7.133679,7.681090,0.000000,2.188788,-1.009001,0.000000,0.000000,0.000000,0.000000,1.000000,0.000000,0.000000,0.000000
2352,39.199574,1,1,-7.096906,7.663186,0.000000,2.205168,-1.081204,0.000000,0.000000,0.000000,0.000000,1.000000,0.000000,0.000000,0.000000
2353,39.216240,1,1,-7.059886,7.644030,0.000000,2.220171,-1.155533,0.000000,0.000000,0.000000,0.000000,1.000000,0.000000,0.000000,0.000000
2354,39.232906,1,1,-7.022638,7.623594,0.000000,2.233980,-1.231670,0.000000,0.000000,0.000000,0.000000,1.000000,0.000000,0.000000,0.000000
2355,39.249573,1,1,-6.985180,7.601856,0.000000,2.246762,-1.309294,0.000000,0.000000,0.000000,0.000000,1.000000,0.000000,0.000000,0.000000
2356,39.266239,1,1,-6.947525,7.578796,0.000000,2.258670,-1.388083,0.000000,0.000000,0.000000,0.000000,1.000000,0.000000,0.000000,0.000000
2357,39.282906,1,1,-6.909686,7.554404,0.000000,2.269845,-1.467713,0.000000,0.000000,0.000000,0.000000,1.000000,0.000000,0.000000,0.000000
2358,39.299572,1,1,-6.871671,7.528672,0.000000,2.280423,-1.547855,0.000000,0.000000,0.000000,0.000000,1.000000,0.000000,0.000000,0.000000
2359,39.316238,1,1,-6.833488,7.501599,0.000000,2.290530,-1.628175,0.000000,0.000000,0.000000,0.000000,1.000000,0.000000,0.000000,0.000000
2360,39.332905,1,1,-6.795143,7.473188,0.000000,2.300288,-1.708332,0.000000,0.000000,0.000000,0.000000,1.000000,0.000000,0.000000,0.000000
2361,39.349571,1,1,-6.756639,7.443452,0.000000,2.309816,-1.787975,0.000000,0.000000,0.000000,0.000000,1.000000,0.000000,0.000000,0.000000
2362,39.366238,1,1,-6.717978,7.412406,0.000000,2.319232,-1.866745,0.000000,0.000000,0.000000,0.000000,1.000000,0.000000,0.000000,0.000000
2363,39.382904,1,1,-6.679159,7.380073,0.000000,2.328660,-1.944269,0.000000,0.000000,0.000000,0.000000,1.000000,0.000000,0.000000,0.000000
2364,39.399570,1,1,-6.640181,7.346481,0.000000,2.338223,-2.020160,0.000000,0.000000,0.000000,0.000000,1.000000,0.000000,0.000000,0.000000
2365,39.416237,1,1,-6.601037,7.311667,0.000000,2.348055,-2.094015,0.000000,0.000000,0.000000,0.000000,1.000000,0.000000,0.000000,0.000000
2366,39.432903,1,1,-6.561721,7.275674,0.000000,2.358298,-2.165413,0.000000,0.000000,0.000000,0.000000,1.000000,0.000000,0.000000,0.000000
2367,39.449570,1,1,-6.522224,7.238554,0.000000,2.369108,-2.233913,0.000000,0.000000,0.000000,0.000000,1.000000,0.000000,0.000000,0.000000
2368,39.466236,1,1,-6.482532,7.200363,0.000000,2.380655,-2.299053,0.000000,0.000000,0.000000,0.000000,1.000000,0.000000,0.000000,0.000000
2369,39.482903,1,1,-6.442628,7.161171,0.000000,2.393131,-2.360351,0.000000,0.000000,0.000000,0.000000,1.000000,0.000000,0.000000,0.000000
2370,39.499569,1,1,-6.402494,7.121050,0.000000,2.406751,-2.417300,0.000000,0.000000,0.000000,0.000000,1.000000,0.000000,0.000000,0.000000
2371,39.516235,1,1,-6.362105,7.080088,0.000000,2.421757,-2.469370,0.000000,0.000000,0.000000,0.000000,1.000000,0.000000,0.000000,0.000000
2372,39.532902,1,1,-6.321433,7.038376,0.000000,2.438421,-2.516014,0.000000,0.000000,0.000000,0.000000,1.000000,0.000000,0.000000,0.000000
2373,39.549568,1,1,-6.280444,6.996017,0.000000,2.457054,-2.556661,0.000000,0.000000,0.000000,0.000000,1.000000,0.000000,0.000000,0.000000
2374,39.566235,1,1,-6.239097,6.953126,0.000000,2.478006,-2.590730,0.000000,0.000000,0.000000,0.000000,1.000000,0.000000,0.000000,0.000000
2375,39.582901,1,1,-6.197345,6.909826,0.000000,2.501669,-2.617631,0.000000,0.000000,0.000000,0.000000,1.000000,0.000000,0.000000,0.000000
2376,39.599567,1,1,-6.155136,6.866249,0.000000,2.528485,-2.636777,0.000000,0.000000,0.000000,0.000000,1.000000,0.000000,0.000000,0.000000
2377,39.616234,1,1,-6.112404,6.822538,0.000000,2.558943,-2.647595,0.000000,0.000000,0.000000,0.000000,1.000000,0.000000,0.000000,0.000000
2378,39.632900,1,1,-6.069077,6.778845,0.000000,2.593579,-2.649547,0.000000,0.000000,0.000000,0.000000,1.000000,0.000000,0.000000,0.000000
2379,39.649567,1,1,-6.025075,6.735329,0.000000,2.632977,-2.642150,0.000000,0.000000,0.000000,0.000000,1.000000,0.000000,0.000000,0.000000
2380,39.666233,1,1,-5.980303,6.692156,0.000000,2.677758,-2.625003,0.000000,0.000000,0.000000,0.000000,1.000000,0.000000,0.000000,0.000000
2381,39.682899,1,1,-5.934657,6.649496,0.000000,2.728574,-2.597817,0.000000,0.000000,0.000000,0.000000,1.000000,0.000000,0.000000,0.000000
2382,39.699566,1,1,-5.888022,6.607518,0.000000,2.786083,-2.560460,0.000000,0.000000,0.000000,0.000000,1.000000,0.000000,0.000000,0.000000
2383,39.716232,1,1,-5.840274,6.566393,0.000000,2.850932,-2.512985,0.000000,0.000000,0.000000,0.000000,1.000000,0.000000,0.000000,0.000000
2384,39.732899,1,1,-5.791275,6.526285,0.000000,2.923723,-2.455674,0.000000,0.000000,0.000000,0.000000,1.000000,0.000000,0.000000,0.000000
2385,39.749565,1,1,-5.740881,6.487345,0.000000,3.004978,-2.389079,0.000000,0.000000,0.000000,0.000000,1.000000,0.000000,0.000000,0.000000
2386,39.766232,1,1,-5.688945,6.449708,0.000000,3.095094,-2.314036,0.000000,0.000000,0.000000,0.000000,1.000000,0.000000,0.000000,0.000000
2387,39.782898,1,1,-5.635311,6.413494,0.000000,3.194306,-2.231686,0.000000,0.000000,0.000000,0.000000,1.000000,0.000000,0.000000,0.000000
2388,39.799564,1,1,-5.579828,6.378788,0.000000,3.302641,-2.143463,0.000000,0.000000,0.000000,0.000000,1.000000,0.000000,0.000000,0.000000
2389,39.816231,1,1,-5.522349,6.345653,0.000000,3.419891,-2.051064,0.000000,0.000000,0.000000,0.000000,1.000000,0.000000,0.000000,0.000000
2390,39.832897,1,1,-5.462736,6.314115,0.000000,3.545595,-1.956386,0.000000,0.000000,0.000000,0.000000,1.000000,0.000000,0.000000,0.000000
2391,39.849564,1,1,-5.400863,6.284167,0.000000,3.679045,-1.861450,0.000000,0.000000,0.000000,0.000000,1.000000,0.000000,0.000000,0.000000
2392,39.866230,1,1,-5.336624,6.255764,0.000000,3.819296,-1.768317,0.000000,0.000000,0.000000,0.000000,1.000000,0.000000,0.000000,0.000000
2393,39.882896,1,1,-5.269929,6.228834,0.000000,3.965229,-1.678963,0.000000,0.000000,0.000000,0.000000,1.000000,0.000000,0.000000,0.000000
2394,39.899563,1,1,-5.200714,6.203271,0.000000,4.115583,-1.595214,0.000000,0.000000,0.000000,0.000000,1.000000,0.000000,0.000000,0.000000
2395,39.916229,1,1,-5.128933,6.178946,0.000000,4.269044,-1.518645,0.000000,0.000000,0.000000,0.000000,1.000000,0.000000,0.000000,0.000000
2396,39.932896,1,1,-5.054565,6.155710,0.000000,4.424297,-1.450539,0.000000,0.000000,0.000000,0.000000,1.000000,0.000000,0.000000,0.000000
2397,39.949562,1,1,-4.977607,6.133400,0.000000,4.580089,-1.391851,0.000000,0.000000,0.000000,0.000000,1.000000,0.000000,0.000000,0.000000
2398,39.966228,1,1,-4.898077,6.111845,0.000000,4.735282,-1.343208,0.000000,0.000000,0.000000,0.000000,1.000000,0.000000,0.000000,0.000000
2399,39.982895,1,1,-4.816005,6.090872,0.000000,4.888895,-1.304920,0.000000,0.000000,0.000000,0.000000,1.000000,0.000000,0.000000,0.000000
2400,39.999561,1,1,-4.731435,6.070306,0.000000,5.040104,-1.277027,0.000000,0.000000,0.000000,0.000000,1.000000,0.000000,0.000000,0.000000
2401,40.016228,1,1,-4.644422,6.049980,0.000000,5.188267,-1.259327,0.000000,0.000000,0.000000,0.000000,1.000000,0.000000,0.000000,0.000000
2402,40.032894,1,1,-4.555027,6.029731,0.000000,5.332916,-1.251429,0.000000,0.000000,0.000000,0.000000,1.000000,0.000000,0.000000,0.000000
2403,40.049561,1,1,-4.463312,6.009410,0.000000,5.473741,-1.252794,0.000000,0.000000,0.000000,0.000000,1.000000,0.000000,0.000000,0.000000
2404,40.066227,1,1,-4.369345,5.988877,0.000000,5.610573,-1.262782,0.000000,0.000000,0.000000,0.000000,1.000000,0.000000,0.000000,0.000000
2405,40.082893,1,1,-4.273193,5.968002,0.000000,5.743374,-1.280675,0.000000,0.000000,0.000000,0.000000,1.000000,0.000000,0.000000,0.000000
2406,40.099560,1,1,-4.174920,5.946674,0.000000,5.872211,-1.305711,0.000000,0.000000,0.000000,0.000000,1.000000,0.000000,0.000000,0.000000
2407,40.116226,1,1,-4.074587,5.924789,0.000000,5.997237,-1.337104,0.000000,0.000000,0.000000,0.000000,1.000000,0.000000,0.000000,0.000000
2408,40.132893,1,1,-3.972253,5.902259,0.000000,6.118677,-1.374062,0.000000,0.000000,0.000000,0.000000,1.000000,0.000000,0.000000,0.000000
2409,40.149559,1,1,-3.867969,5.879010,0.000000,6.236812,-1.415792,0.000000,0.000000,0.000000,0.000000,1.000000,0.000000,0.000000,0.000000
2410,40.166225,1,1,-3.761783,5.854980,0.000000,6.351963,-1.461508,0.000000,0.000000,0.000000,0.000000,1.000000,0.000000,0.000000,0.000000
2411,40.182892,1,1,-3.653735,5.830117,0.000000,6.464485,-1.510438,0.000000,0.000000,0.000000,0.000000,1.000000,0.000000,0.000000,0.000000
2412,40.199558,1,1,-3.543861,5.804387,0.000000,6.574750,-1.561817,0.000000,0.000000,0.000000,0.000000,1.000000,0.000000,0.000000,0.000000
2413,40.216225,1,1,-3.432188,5.777765,0.000000,6.683147,-1.614893,0.000000,0.000000,0.000000,0.000000,1.000000,0.000000,0.000000,0.000000
2414,40.232891,1,1,-3.318738,5.750239,0.000000,6.790069,-1.668919,0.000000,0.000000,0.000000,0.000000,1.000000,0.000000,0.000000,0.000000
2415,40.249557,1,1,-3.203526,5.721809,0.000000,6.895907,-1.723147,0.000000,0.000000,0.000000,0.000000,1.000000,0.000000,0.000000,0.000000
2416,40.266224,1,1,-3.086561,5.692489,0.000000,7.001047,-1.776830,0.000000,0.000000,0.000000,0.000000,1.000000,0.000000,0.000000,0.000000
2417,40.282890,1,1,-2.967845,5.662304,0.000000,7.105862,-1.829208,0.000000,0.000000,0.000000,0.000000,1.000000,0.000000,0.000000,0.000000
2418,40.299557,1,1,-2.847376,5.631293,0.000000,7.210709,-1.879510,0.000000,0.000000,0.000000,0.000000,1.000000,0.000000,0.000000,0.000000
2419,40.316223,1,1,-2.725144,5.599508,0.000000,7.315922,-1.926943,0.000000,0.000000,0.000000,0.000000,1.000000,0.000000,0.000000,0.000000
2420,40.332890,1,1,-2.601136,5.567016,0.000000,7.421805,-1.970686,0.000000,0.000000,0.000000,0.000000,1.000000,0.000000,0.000000,0.000000
2421,40.349556,1,1,-2.475334,5.533895,0.000000,7.528628,-2.009888,0.000000,0.000000,0.000000,0.000000,1.000000,0.000000,0.000000,0.000000
2422,40.366222,1,1,-2.347718,5.500244,0.000000,7.636620,-2.043660,0.000000,0.000000,0.000000,0.000000,1.000000,0.000000,0.000000,0.000000
2423,40.382889,1,1,-2.218261,5.466171,0.000000,7.745960,-2.071069,0.000000,0.000000,0.000000,0.000000,1.000000,0.000000,0.000000,0.000000
2424,40.399555,1,1,-2.086939,5.431805,0.000000,7.856771,-2.091138,0.000000,0.000000,0.000000,0.000000,1.000000,0.000000,0.000000,0.000000
2425,40.416222,1,1,-1.953725,5.397292,0.000000,7.969106,-2.102841,0.000000,0.000000,0.000000,0.000000,1.000000,0.000000,0.000000,0.000000
2426,40.432888,1,1,-1.818594,5.362795,0.000000,8.082935,-2.105100,0.000000,0.000000,0.000000,0.000000,1.000000,0.000000,0.000000,0.000000
2427,40.449554,1,1,-1.681523,5.328497,0.000000,8.198145,-2.096795,0.000000,0.000000,0.000000,0.000000,1.000000,0.000000,0.000000,0.000000
2428,40.466221,1,1,-1.542494,5.294602,0.000000,8.314506,-2.076760,0.000000,0.000000,0.000000,0.000000,1.000000,0.000000,0.000000,0.000000
2429,40.482887,1,1,-1.401494,5.261331,0.000000,8.431669,-2.043798,0.000000,0.000000,0.000000,0.000000,1.000000,0.000000,0.000000,0.000000
2430,40.499554,1,1,-1.258520,5.228927,0.000000,8.549149,-1.996697,0.000000,0.000000,0.000000,0.000000,1.000000,0.000000,0.000000,0.000000
2431,40.516220,1,1,-1.113581,5.197655,0.000000,8.666300,-1.934250,0.000000,0.000000,0.000000,0.000000,1.000000,0.000000,0.000000,0.000000
2432,40.532887,1,1,-0.966701,5.167798,0.000000,8.782301,-1.855294,0.000000,0.000000,0.000000,0.000000,1.000000,0.000000,0.000000,0.000000
2433,40.549553,1,1,-0.817920,5.139654,0.000000,8.896146,-1.758748,0.000000,0.000000,0.000000,0.000000,1.000000,0.000000,0.000000,0.000000
2434,40.566219,1,1,-0.667302,5.113542,0.000000,9.006621,-1.643668,0.000000,0.000000,0.000000,0.000000,1.000000,0.000000,0.000000,0.000000
2435,40.582886,1,1,-0.514934,5.089784,0.000000,9.112320,-1.509320,0.000000,0.000000,0.000000,0.000000,1.000000,0.000000,0.000000,0.000000
2436,40.599552,1,1,-0.360932,5.068716,0.000000,9.211634,-1.355264,0.000000,0.000000,0.000000,0.000000,1.000000,0.000000,0.000000,0.000000
2437,40.616219,1,1,-0.205442,5.050665,0.000000,9.302786,-1.181438,0.000000,0.000000,0.000000,0.000000,1.000000,0.000000,0.000000,0.000000
2438,40.632885,1,1,-0.048644,5.035957,0.000000,9.383871,-0.988255,0.000000,0.000000,0.000000,0.000000,1.000000,0.000000,0.000000,0.000000
2439,40.649551,1,1,0.109250,5.024889,0.000000,9.452924,-0.776691,0.000000,0.000000,0.000000,0.000000,1.000000,0.000000,0.000000,0.000000
2440,40.666218,1,1,0.267996,5.017732,0.000000,9.508008,-0.548354,0.000000,0.000000,0.000000,0.000000,1.000000,0.000000,0.000000,0.000000
2441,40.682884,1,1,0.427318,5.014716,0.000000,9.547324,-0.305512,0.000000,0.000000,0.000000,0.000000,1.000000,0.000000,0.000000,0.000000
2442,40.699551,1,1,0.586920,5.016014,0.000000,9.569334,-0.051084,0.000000,0.000000,0.000000,0.000000,1.000000,0.000000,0.000000,0.000000
2443,40.716217,1,1,0.746487,5.021740,0.000000,9.572877,0.211438,0.000000,0.000000,0.000000,0.000000,1.000000,0.000000,0.000000,0.000000
2444,40.732883,1,1,0.905694,5.031940,0.000000,9.557278,0.478124,0.000000,0.000000,0.000000,0.000000,1.000000,0.000000,0.000000,0.000000
2445,40.749550,1,1,1.064220,5.046586,0.000000,9.522408,0.744797,0.000000,0.000000,0.000000,0.000000,1.000000,0.000000,0.000000,0.000000
2446,40.766216,1,1,1.221753,5.065581,0.000000,9.468710,1.007252,0.000000,0.000000,0.000000,0.000000,1.000000,0.000000,0.000000,0.000000
2447,40.782883,1,1,1.378004,5.088762,0.000000,9.397178,1.261478,0.000000,0.000000,0.000000,0.000000,1.000000,0.000000,0.000000,0.000000
2448,40.799549,1,1,1.532707,5.115912,0.000000,9.309269,1.503865,0.000000,0.000000,0.000000,0.000000,1.000000,0.000000,0.000000,0.000000
2449,40.816216,1,1,1.685632,5.146760,0.000000,9.206798,1.731359,0.000000,0.000000,0.000000,0.000000,1.000000,0.000000,0.000000,0.000000
2450,40.832882,1,1,1.836582,5.181005,0.000000,9.091813,1.941550,0.000000,0.000000,0.000000,0.000000,1.000000,0.000000,0.000000,0.000000
2451,40.849548,1,1,1.985398,5.218318,0.000000,8.966463,2.132713,0.000000,0.000000,0.000000,0.000000,1.000000,0.000000,0.000000,0.000000
2452,40.866215,1,1,2.131957,5.258359,0.000000,8.832891,2.303775,0.000000,0.000000,0.000000,0.000000,1.000000,0.000000,0.000000,0.000000
2453,40.882881,1,1,2.276167,5.300782,0.000000,8.693128,2.454261,0.000000,0.000000,0.000000,0.000000,1.000000,0.000000,0.000000,0.000000
2454,40.899548,1,1,2.417967,5.345246,0.000000,8.549037,2.584202,0.000000,0.000000,0.000000,0.000000,1.000000,0.000000,0.000000,0.000000
2455,40.916214,1,1,2.557322,5.391420,0.000000,8.402275,2.694034,0.000000,0.000000,0.000000,0.000000,1.000000,0.000000,0.000000,0.000000
2456,40.932880,1,1,2.694219,5.438985,0.000000,8.254268,2.784507,0.000000,0.000000,0.000000,0.000000,1.000000,0.000000,0.000000,0.000000
2457,40.949547,1,1,2.828664,5.487643,0.000000,8.106206,2.856595,0.000000,0.000000,0.000000,0.000000,1.000000,0.000000,0.000000,0.000000
2458,40.966213,1,1,2.960678,5.537112,0.000000,7.959064,2.911417,0.000000,0.000000,0.000000,0.000000,1.000000,0.000000,0.000000,0.000000
2459,40.982880,1,1,3.090291,5.587135,0.000000,7.813602,2.950179,0.000000,0.000000,0.000000,0.000000,1.000000,0.000000,0.000000,0.000000
2460,40.999546,1,1,3.217545,5.637471,0.000000,7.670404,2.974123,0.000000,0.000000,0.000000,0.000000,1.000000,0.000000,0.000000,0.000000
2461,41.016212,1,1,3.342486,5.687901,0.000000,7.529883,2.984493,0.000000,0.000000,0.000000,0.000000,1.000000,0.000000,0.000000,0.000000
2462,41.032879,1,1,3.465164,5.738228,0.000000,7.392316,2.982507,0.000000,0.000000,0.000000,0.000000,1.000000,0.000000,0.000000,0.000000
2463,41.049545,1,1,3.585632,5.788273,0.000000,7.257857,2.969337,0.000000,0.000000,0.000000,0.000000,1.000000,0.000000,0.000000,0.000000
2464,41.066212,1,1,3.703940,5.837875,0.000000,7.126557,2.946108,0.000000,0.000000,0.000000,0.000000,1.000000,0.000000,0.000000,0.000000
2465,41.082878,1,1,3.820140,5.886889,0.000000,6.998383,2.913878,0.000000,0.000000,0.000000,0.000000,1.000000,0.000000,0.000000,0.000000
2466,41.099545,1,1,3.934283,5.935188,0.000000,6.873228,2.873646,0.000000,0.000000,0.000000,0.000000,1.000000,0.000000,0.000000,0.000000
2467,41.116211,1,1,4.046412,5.982660,0.000000,6.750925,2.826352,0.000000,0.000000,0.000000,0.000000,1.000000,0.000000,0.000000,0.000000
2468,41.132877,1,1,4.156572,6.029207,0.000000,6.631260,2.772872,0.000000,0.000000,0.000000,0.000000,1.000000,0.000000,0.000000,0.000000
2469,41.149544,1,1,4.264799,6.074744,0.000000,6.513975,2.714029,0.000000,0.000000,0.000000,0.000000,1.000000,0.000000,0.000000,0.000000
2470,41.166210,1,1,4.371125,6.119199,0.000000,6.398785,2.650592,0.000000,0.000000,0.000000,0.000000,1.000000,0.000000,0.000000,0.000000
2471,41.182877,1,1,4.475579,6.162510,0.000000,6.285373,2.583289,0.000000,0.000000,0.000000,0.000000,1.000000,0.000000,0.000000,0.000000
2472,41.199543,1,1,4.578182,6.204629,0.000000,6.173404,2.512804,0.000000,0.000000,0.000000,0.000000,1.000000,0.000000,0.000000,0.000000
2473,41.216209,1,1,4.678949,6.245518,0.000000,6.062524,2.439785,0.000000,0.000000,0.000000,0.000000,1.000000,0.000000,0.000000,0.000000
2474,41.232876,1,1,4.777890,6.285146,0.000000,5.952371,2.364851,0.000000,0.000000,0.000000,0.000000,1.000000,0.000000,0.000000,0.000000
2475,41.249542,1,1,4.875008,6.323493,0.000000,5.842569,2.288599,0.000000,0.000000,0.000000,0.000000,1.000000,0.000000,0.000000,0.000000
2476,41.266209,1,1,4.970300,6.360553,0.000000,5.732744,2.211603,0.000000,0.000000,0.000000,0.000000,1.000000,0.000000,0.000000,0.000000
2477,41.282875,1,1,5.063756,6.396324,0.000000,5.622516,2.134425,0.000000,0.000000,0.000000,0.000000,1.000000,0.000000,0.000000,0.000000
2478,41.299541,1,1,5.155362,6.430814,0.000000,5.511508,2.057616,0.000000,0.000000,0.000000,0.000000,1.000000,0.000000,0.000000,0.000000
2479,41.316208,1,1,5.245095,6.464042,0.000000,5.399348,1.981724,0.000000,0.000000,0.000000,0.000000,1.000000,0.000000,0.000000,0.000000
2480,41.332874,1,1,5.332926,6.496037,0.000000,5.285678,1.907291,0.000000,0.000000,0.000000,0.000000,1.000000,0.000000,0.000000,0.000000
2481,41.349541,1,1,5.418824,6.526832,0.000000,5.170150,1.834860,0.000000,0.000000,0.000000,0.000000,1.000000,0.000000,0.000000,0.000000
2482,41.366207,1,1,5.502749,6.556472,0.000000,5.052437,1.764979,0.000000,0.000000,0.000000,0.000000,1.000000,0.000000,0.000000,0.000000
2483,41.382874,1,1,5.584658,6.585014,0.000000,4.932238,1.698199,0.000000,0.000000,0.000000,0.000000,1.000000,0.000000,0.000000,0.000000
2484,41.399540,1,1,5.664501,6.612520,0.000000,4.809282,1.635068,0.000000,0.000000,0.000000,0.000000,1.000000,0.000000,0.000000,0.000000
2485,41.416206,1,1,5.742227,6.639062,0.000000,4.683342,1.576142,0.000000,0.000000,0.000000,0.000000,1.000000,0.000000,0.000000,0.000000
2486,41.432873,1,1,5.817781,6.664724,0.000000,4.554235,1.521966,0.000000,0.000000,0.000000,0.000000,1.000000,0.000000,0.000000,0.000000
2487,41.449539,1,1,5.891109,6.689596,0.000000,4.421843,1.473077,0.000000,0.000000,0.000000,0.000000,1.000000,0.000000,0.000000,0.000000
2488,41.466206,1,1,5.962152,6.713778,0.000000,4.286114,1.429987,0.000000,0.000000,0.000000,0.000000,1.000000,0.000000,0.000000,0.000000
2489,41.482872,1,1,6.030854,6.737376,0.000000,4.147080,1.393176,0.000000,0.000000,0.000000,0.000000,1.000000,0.000000,0.000000,0.000000
2490,41.499538,1,1,6.097163,6.760506,0.000000,4.004865,1.363073,0.000000,0.000000,0.000000,0.000000,1.000000,0.000000,0.000000,0.000000
2491,41.516205,1,1,6.161030,6.783286,0.000000,3.859698,1.340039,0.000000,0.000000,0.000000,0.000000,1.000000,0.000000,0.000000,0.000000
2492,41.532871,1,1,6.222414,6.805840,0.000000,3.711923,1.324340,0.000000,0.000000,0.000000,0.000000,1.000000,0.000000,0.000000,0.000000
2493,41.549538,1,1,6.281280,6.828295,0.000000,3.562002,1.316126,0.000000,0.000000,0.000000,0.000000,1.000000,0.000000,0.000000,0.000000
2494,41.566204,1,1,6.337604,6.850775,0.000000,3.410517,1.315414,0.000000,0.000000,0.000000,0.000000,1.000000,0.000000,0.000000,0.000000
2495,41.582870,1,1,6.391375,6.873403,0.000000,3.258167,1.322054,0.000000,0.000000,0.000000,0.000000,1.000000,0.000000,0.000000,0.000000
2496,41.599537,1,1,6.442597,6.896293,0.000000,3.105757,1.335720,0.000000,0.000000,0.000000,0.000000,1.000000,0.000000,0.000000,0.000000
2497,41.616203,1,1,6.491289,6.919552,0.000000,2.954180,1.355894,0.000000,0.000000,0.000000,0.000000,1.000000,0.000000,0.000000,0.000000
2498,41.632870,1,1,6.537483,6.943272,0.000000,2.804381,1.381870,0.000000,0.000000,0.000000,0.000000,1.000000,0.000000,0.000000,0.000000
2499,41.649536,1,1,6.581235,6.967529,0.000000,2.657335,1.412765,0.000000,0.000000,0.000000,0.000000,1.000000,0.000000,0.000000,0.000000
2500,41.666203,1,1,6.622608,6.992383,0.000000,2.514006,1.447524,0.000000,0.000000,0.000000,0.000000,1.000000,0.000000,0.000000,0.000000
2501,41.682869,1,1,6.661687,7.017872,0.000000,2.375298,1.484988,0.000000,0.000000,0.000000,0.000000,1.000000,0.000000,0.000000,0.000000
2502,41.699535,1,1,6.698566,7.044012,0.000000,2.242033,1.523901,0.000000,0.000000,0.000000,0.000000,1.000000,0.000000,0.000000,0.000000
2503,41.716202,1,1,6.733351,7.070799,0.000000,2.114908,1.562983,0.000000,0.000000,0.000000,0.000000,1.000000,0.000000,0.000000,0.000000
2504,41.732868,1,1,6.766159,7.098207,0.000000,1.994474,1.600972,0.000000,0.000000,0.000000,0.000000,1.000000,0.000000,0.000000,0.000000
2505,41.749535,1,1,6.797108,7.126194,0.000000,1.881128,1.636667,0.000000,0.000000,0.000000,0.000000,1.000000,0.000000,0.000000,0.000000
2506,41.766201,1,1,6.826323,7.154693,0.000000,1.775099,1.668985,0.000000,0.000000,0.000000,0.000000,1.000000,0.000000,0.000000,0.000000
2507,41.782867,1,1,6.853927,7.183630,0.000000,1.676471,1.696964,0.000000,0.000000,0.000000,0.000000,1.000000,0.000000,0.000000,0.000000
2508,41.799534,1,1,6.880043,7.212913,0.000000,1.585181,1.719808,0.000000,0.000000,0.000000,0.000000,1.000000,0.000000,0.000000,0.000000
2509,41.816200,1,1,6.904789,7.242445,0.000000,1.501046,1.736886,0.000000,0.000000,0.000000,0.000000,1.000000,0.000000,0.000000,0.000000
2510,41.832867,1,1,6.928278,7.272117,0.000000,1.423788,1.747731,0.000000,0.000000,0.000000,0.000000,1.000000,0.000000,0.000000,0.000000
2511,41.849533,1,1,6.950618,7.301820,0.000000,1.353052,1.752036,0.000000,0.000000,0.000000,0.000000,1.000000,0.000000,0.000000,0.000000
2512,41.866199,1,1,6.971906,7.331443,0.000000,1.288433,1.749628,0.000000,0.000000,0.000000,0.000000,1.000000,0.000000,0.000000,0.000000
2513,41.882866,1,1,6.992237,7.360873,0.000000,1.229495,1.740464,0.000000,0.000000,0.000000,0.000000,1.000000,0.000000,0.000000,0.000000
2514,41.899532,1,1,7.011694,7.389998,0.000000,1.175786,1.724607,0.000000,0.000000,0.000000,0.000000,1.000000,0.000000,0.000000,0.000000
2515,41.916199,1,1,7.030356,7.418712,0.000000,1.126852,1.702208,0.000000,0.000000,0.000000,0.000000,1.000000,0.000000,0.000000,0.000000
2516,41.932865,1,1,7.048292,7.446911,0.000000,1.082251,1.673485,0.000000,0.000000,0.000000,0.000000,1.000000,0.000000,0.000000,0.000000
2517,41.949532,1,1,7.065564,7.474496,0.000000,1.041557,1.638709,0.000000,0.000000,0.000000,0.000000,1.000000,0.000000,0.000000,0.000000
2518,41.966198,1,1,7.082230,7.501373,0.000000,1.004367,1.598195,0.000000,0.000000,0.000000,0.000000,1.000000,0.000000,0.000000,0.000000
2519,41.982864,1,1,7.098341,7.527455,0.000000,0.970303,1.552280,0.000000,0.000000,0.000000,0.000000,1.000000,0.000000,0.000000,0.000000
2520,41.999531,1,1,7.113941,7.552660,0.000000,0.939016,1.501321,0.000000,0.000000,0.000000,0.000000,1.000000,0.000000,0.000000,0.000000
2521,42.016197,1,1,7.129068,7.576912,0.000000,0.910180,1.445685,0.000000,0.000000,0.000000,0.000000,1.000000,0.000000,0.000000,0.000000
2522,42.032864,1,1,7.143758,7.600143,0.000000,0.883501,1.385743,0.000000,0.000000,0.000000,0.000000,1.000000,0.000000,0.000000,0.000000
2523,42.049530,1,1,7.158041,7.622288,0.000000,0.858707,1.321865,0.000000,0.000000,0.000000,0.000000,1.000000,0.000000,0.000000,0.000000
2524,42.066196,1,1,7.171945,7.643290,0.000000,0.835550,1.254418,0.000000,0.000000,0.000000,0.000000,1.000000,0.000000,0.000000,0.000000
2525,42.082863,1,1,7.185490,7.663097,0.000000,0.813805,1.183759,0.000000,0.000000,0.000000,0.000000,1.000000,0.000000,0.000000,0.000000
2526,42.099529,1,1,7.198698,7.681663,0.000000,0.793265,1.110243,0.000000,0.000000,0.000000,0.000000,1.000000,0.000000,0.000000,0.000000
2527,42.116196,1,1,7.211583,7.698950,0.000000,0.773740,1.034212,0.000000,0.000000,0.000000,0.000000,1.000000,0.000000,0.000000,0.000000
2528,42.132862,1,1,7.224159,7.714922,0.000000,0.755055,0.956002,0.000000,0.000000,0.000000,0.000000,1.000000,0.000000,0.000000,0.000000
2529,42.149529,1,1,7.236437,7.729551,0.000000,0.737048,0.875940,0.000000,0.000000,0.000000,0.000000,1.000000,0.000000,0.000000,0.000000
2530,42.166195,1,1,7.248426,7.742812,0.000000,0.719568,0.794344,0.000000,0.000000,0.000000,0.000000,1.000000,0.000000,0.000000,0.000000
2531,42.182861,1,1,7.260130,7.754687,0.000000,0.702472,0.711525,0.000000,0.000000,0.000000,0.000000,1.000000,0.000000,0.000000,0.000000
2532,42.199528,1,1,7.271555,7.765161,0.000000,0.685623,0.627787,0.000000,0.000000,0.000000,0.000000,1.000000,0.000000,0.000000,0.000000
2533,42.216194,1,1,7.282702,7.774225,0.000000,0.668887,0.543431,0.000000,0.000000,0.000000,0.000000,1.000000,0.000000,0.000000,0.000000
2534,42.232861,1,1,7.293571,7.781877,0.000000,0.652137,0.458749,0.000000,0.000000,0.000000,0.000000,1.000000,0.000000,0.000000,0.000000
2535,42.249527,1,1,7.304157,7.788117,0.000000,0.635243,0.374035,0.000000,0.000000,0.000000,0.000000,1.000000,0.000000,0.000000,0.000000
2536,42.266193,1,1,7.314456,7.792951,0.000000,0.618075,0.289575,0.000000,0.000000,0.000000,0.000000,1.000000,0.000000,0.000000,0.000000
2537,42.282860,1,1,7.324463,7.796388,0.000000,0.600501,0.205658,0.000000,0.000000,0.000000,0.000000,1.000000,0.000000,0.000000,0.000000
2538,42.299526,1,1,7.334166,7.798446,0.000000,0.582383,0.122570,0.000000,0.000000,0.000000,0.000000,1.000000,0.000000,0.000000,0.000000
2539,42.316193,1,1,7.343863,7.797809,0.000000,0.582035,-0.039422,0.000000,0.000000,0.000000,0.000000,1.000000,0.000000,0.000000,0.000000
2540,42.332859,1,1,7.352605,7.798481,0.000000,0.543686,-0.040438,0.000000,0.000000,0.000000,0.000000,1.000000,0.000000,0.000000,0.000000
2541,42.349525,1,1,7.361306,7.796561,0.000000,0.522921,-0.118810,0.000000,0.000000,0.000000,0.000000,1.000000,0.000000,0.000000,0.000000
2542,42.366192,1,1,7.369646,7.793345,0.000000,0.501103,-0.195696,0.000000,0.000000,0.000000,0.000000,1.000000,0.000000,0.000000,0.000000
2543,42.382858,1,1,7.377597,7.788898,0.000000,0.477927,-0.270308,0.000000,0.000000,0.000000,0.000000,1.000000,0.000000,0.000000,0.000000
2544,42.399525,1,1,7.385130,7.783264,0.000000,0.453186,-0.342344,0.000000,0.000000,0.000000,0.000000,1.000000,0.000000,0.000000,0.000000
2545,42.416191,1,1,7.392218,7.776492,0.000000,0.426663,-0.411507,0.000000,0.000000,0.000000,0.000000,1.000000,0.000000,0.000000,0.000000
2546,42.432858,1,1,7.398822,7.768637,0.000000,0.398117,-0.477499,0.000000,0.000000,0.000000,0.000000,1.000000,0.000000,0.000000,0.000000
2547,42.449524,1,1,7.404907,7.759758,0.000000,0.367291,-0.540027,0.000000,0.000000,0.000000,0.000000,1.000000,0.000000,0.000000,0.000000
2548,42.466190,1,1,7.410426,7.749921,0.000000,0.333904,-0.598799,0.000000,0.000000,0.000000,0.000000,1.000000,0.000000,0.000000,0.000000
2549,42.482857,1,1,7.415332,7.739193,0.000000,0.297655,-0.653537,0.000000,0.000000,0.000000,0.000000,1.000000,0.000000,0.000000,0.000000
2550,42.499523,1,1,7.419570,7.727648,0.000000,0.258218,-0.703970,0.000000,0.000000,0.000000,0.000000,1.000000,0.000000,0.000000,0.000000
2551,42.516190,1,1,7.423079,7.715365,0.000000,0.215247,-0.749851,0.000000,0.000000,0.000000,0.000000,1.000000,0.000000,0.000000,0.000000
2552,42.532856,1,1,7.425793,7.702425,0.000000,0.168380,-0.790960,0.000000,0.000000,0.000000,0.000000,1.000000,0.000000,0.000000,0.000000
2553,42.549522,1,1,7.427639,7.688910,0.000000,0.117234,-0.827108,0.000000,0.000000,0.000000,0.000000,1.000000,0.000000,0.000000,0.000000
2554,42.566189,1,1,7.428535,7.674907,0.000000,0.061416,-0.858155,0.000000,0.000000,0.000000,0.000000,1.000000,0.000000,0.000000,0.000000
2555,42.582855,1,1,7.428398,7.660505,0.000000,0.000530,-0.884016,0.000000,0.000000,0.000000,0.000000,1.000000,0.000000,0.000000,0.000000
2556,42.599522,1,1,7.427132,7.645789,0.000000,-0.065817,-0.904676,0.000000,0.000000,0.000000,0.000000,1.000000,0.000000,0.000000,0.000000
2557,42.616188,1,1,7.424639,7.630847,0.000000,-0.138002,-0.920202,0.000000,0.000000,0.000000,0.000000,1.000000,0.000000,0.000000,0.000000
2558,42.632854,1,1,7.420815,7.615761,0.000000,-0.216371,-0.930752,0.000000,0.000000,0.000000,0.000000,1.000000,0.000000,0.000000,0.000000
2559,42.649521,1,1,7.415549,7.600608,0.000000,-0.301225,-0.936594,0.000000,0.000000,0.000000,0.000000,1.000000,0.000000,0.000000,0.000000
2560,42.666187,1,1,7.408728,7.585458,0.000000,-0.392800,-0.938109,0.000000,0.000000,0.000000,0.000000,1.000000,0.000000,0.000000,0.000000
2561,42.682854,1,1,7.400236,7.570374,0.000000,-0.491249,-0.935798,0.000000,0.000000,0.000000,0.000000,1.000000,0.000000,0.000000,0.000000
2562,42.699520,1,1,7.389957,7.555406,0.000000,-0.596629,-0.930283,0.000000,0.000000,0.000000,0.000000,1.000000,0.000000,0.000000,0.000000
2563,42.716187,1,1,7.377779,7.540590,0.000000,-0.708872,-0.922304,0.000000,0.000000,0.000000,0.000000,1.000000,0.000000,0.000000,0.000000
2564,42.732853,1,1,7.363589,7.525951,0.000000,-0.827789,-0.912696,0.000000,0.000000,0.000000,0.000000,1.000000,0.000000,0.000000,0.000000
